school_year,school_year_ord,table_code,table_topic,indicator,value,source_url,snapshot_fetched_at
2011/2012,2011,C1.25.1,zápis: výsledky,(celkem) :: Počet škol,233,https://statis.msmt.gov.cz/rocenka/rocenka.asp?kapit=C&tab=C1.25.1&rck=6,2026-05-19T12:23:11Z
2011/2012,2011,C1.25.1,zápis: výsledky,(celkem) :: Zapisovaní / celkem,14831,https://statis.msmt.gov.cz/rocenka/rocenka.asp?kapit=C&tab=C1.25.1&rck=6,2026-05-19T12:23:11Z
2011/2012,2011,C1.25.1,zápis: výsledky,(celkem) :: z toho dívky,7003,https://statis.msmt.gov.cz/rocenka/rocenka.asp?kapit=C&tab=C1.25.1&rck=6,2026-05-19T12:23:11Z
2011/2012,2011,C1.25.1,zápis: výsledky,(celkem) :: Zapsaní / celkem,11777,https://statis.msmt.gov.cz/rocenka/rocenka.asp?kapit=C&tab=C1.25.1&rck=6,2026-05-19T12:23:11Z
2011/2012,2011,C1.25.1,zápis: výsledky,(celkem) :: z toho dívky,5818,https://statis.msmt.gov.cz/rocenka/rocenka.asp?kapit=C&tab=C1.25.1&rck=6,2026-05-19T12:23:11Z
2011/2012,2011,C1.25.1,zápis: výsledky,(celkem) :: Převedení na jinou školu / celkem,892,https://statis.msmt.gov.cz/rocenka/rocenka.asp?kapit=C&tab=C1.25.1&rck=6,2026-05-19T12:23:11Z
2011/2012,2011,C1.25.1,zápis: výsledky,(celkem) :: z toho dívky,434,https://statis.msmt.gov.cz/rocenka/rocenka.asp?kapit=C&tab=C1.25.1&rck=6,2026-05-19T12:23:11Z
2011/2012,2011,C1.25.1,zápis: výsledky,(celkem) :: S žádostí o odklad docházky / celkem,2102,https://statis.msmt.gov.cz/rocenka/rocenka.asp?kapit=C&tab=C1.25.1&rck=6,2026-05-19T12:23:11Z
2011/2012,2011,C1.25.1,zápis: výsledky,(celkem) :: z toho dívky,716,https://statis.msmt.gov.cz/rocenka/rocenka.asp?kapit=C&tab=C1.25.1&rck=6,2026-05-19T12:23:11Z
2011/2012,2011,C1.25.1,zápis: výsledky,(celkem) :: Vzdělávání podle § 42 šk. zák. / celkem,0,https://statis.msmt.gov.cz/rocenka/rocenka.asp?kapit=C&tab=C1.25.1&rck=6,2026-05-19T12:23:11Z
2011/2012,2011,C1.25.1,zápis: výsledky,(celkem) :: z toho dívky,0,https://statis.msmt.gov.cz/rocenka/rocenka.asp?kapit=C&tab=C1.25.1&rck=6,2026-05-19T12:23:11Z
2011/2012,2011,C1.25.1,zápis: výsledky,(celkem) :: Neuzavřený zápis 5letých / celkem,60,https://statis.msmt.gov.cz/rocenka/rocenka.asp?kapit=C&tab=C1.25.1&rck=6,2026-05-19T12:23:11Z
2011/2012,2011,C1.25.1,zápis: výsledky,(celkem) :: z toho dívky,35,https://statis.msmt.gov.cz/rocenka/rocenka.asp?kapit=C&tab=C1.25.1&rck=6,2026-05-19T12:23:11Z
2011/2012,2011,C1.25.1,zápis: výsledky,v tom / poprvé u zápisu :: Počet škol,230,https://statis.msmt.gov.cz/rocenka/rocenka.asp?kapit=C&tab=C1.25.1&rck=6,2026-05-19T12:23:11Z
2011/2012,2011,C1.25.1,zápis: výsledky,v tom / poprvé u zápisu :: Zapisovaní / celkem,12423,https://statis.msmt.gov.cz/rocenka/rocenka.asp?kapit=C&tab=C1.25.1&rck=6,2026-05-19T12:23:11Z
2011/2012,2011,C1.25.1,zápis: výsledky,v tom / poprvé u zápisu :: z toho dívky,6129,https://statis.msmt.gov.cz/rocenka/rocenka.asp?kapit=C&tab=C1.25.1&rck=6,2026-05-19T12:23:11Z
2011/2012,2011,C1.25.1,zápis: výsledky,v tom / poprvé u zápisu :: Zapsaní / celkem,9489,https://statis.msmt.gov.cz/rocenka/rocenka.asp?kapit=C&tab=C1.25.1&rck=6,2026-05-19T12:23:11Z
2011/2012,2011,C1.25.1,zápis: výsledky,v tom / poprvé u zápisu :: z toho dívky,4995,https://statis.msmt.gov.cz/rocenka/rocenka.asp?kapit=C&tab=C1.25.1&rck=6,2026-05-19T12:23:11Z
2011/2012,2011,C1.25.1,zápis: výsledky,v tom / poprvé u zápisu :: Převedení na jinou školu / celkem,777,https://statis.msmt.gov.cz/rocenka/rocenka.asp?kapit=C&tab=C1.25.1&rck=6,2026-05-19T12:23:11Z
2011/2012,2011,C1.25.1,zápis: výsledky,v tom / poprvé u zápisu :: z toho dívky,385,https://statis.msmt.gov.cz/rocenka/rocenka.asp?kapit=C&tab=C1.25.1&rck=6,2026-05-19T12:23:11Z
2011/2012,2011,C1.25.1,zápis: výsledky,v tom / poprvé u zápisu :: S žádostí o odklad docházky / celkem,2097,https://statis.msmt.gov.cz/rocenka/rocenka.asp?kapit=C&tab=C1.25.1&rck=6,2026-05-19T12:23:11Z
2011/2012,2011,C1.25.1,zápis: výsledky,v tom / poprvé u zápisu :: z toho dívky,714,https://statis.msmt.gov.cz/rocenka/rocenka.asp?kapit=C&tab=C1.25.1&rck=6,2026-05-19T12:23:11Z
2011/2012,2011,C1.25.1,zápis: výsledky,v tom / poprvé u zápisu :: Vzdělávání podle § 42 šk. zák. / celkem,0,https://statis.msmt.gov.cz/rocenka/rocenka.asp?kapit=C&tab=C1.25.1&rck=6,2026-05-19T12:23:11Z
2011/2012,2011,C1.25.1,zápis: výsledky,v tom / poprvé u zápisu :: z toho dívky,0,https://statis.msmt.gov.cz/rocenka/rocenka.asp?kapit=C&tab=C1.25.1&rck=6,2026-05-19T12:23:11Z
2011/2012,2011,C1.25.1,zápis: výsledky,v tom / poprvé u zápisu :: Neuzavřený zápis 5letých / celkem,60,https://statis.msmt.gov.cz/rocenka/rocenka.asp?kapit=C&tab=C1.25.1&rck=6,2026-05-19T12:23:11Z
2011/2012,2011,C1.25.1,zápis: výsledky,v tom / poprvé u zápisu :: z toho dívky,35,https://statis.msmt.gov.cz/rocenka/rocenka.asp?kapit=C&tab=C1.25.1&rck=6,2026-05-19T12:23:11Z
2011/2012,2011,C1.25.1,zápis: výsledky,v tom / přicházejí po odkladu :: Počet škol,224,https://statis.msmt.gov.cz/rocenka/rocenka.asp?kapit=C&tab=C1.25.1&rck=6,2026-05-19T12:23:11Z
2011/2012,2011,C1.25.1,zápis: výsledky,v tom / přicházejí po odkladu :: Zapisovaní / celkem,2408,https://statis.msmt.gov.cz/rocenka/rocenka.asp?kapit=C&tab=C1.25.1&rck=6,2026-05-19T12:23:11Z
2011/2012,2011,C1.25.1,zápis: výsledky,v tom / přicházejí po odkladu :: z toho dívky,874,https://statis.msmt.gov.cz/rocenka/rocenka.asp?kapit=C&tab=C1.25.1&rck=6,2026-05-19T12:23:11Z
2011/2012,2011,C1.25.1,zápis: výsledky,v tom / přicházejí po odkladu :: Zapsaní / celkem,2288,https://statis.msmt.gov.cz/rocenka/rocenka.asp?kapit=C&tab=C1.25.1&rck=6,2026-05-19T12:23:11Z
2011/2012,2011,C1.25.1,zápis: výsledky,v tom / přicházejí po odkladu :: z toho dívky,823,https://statis.msmt.gov.cz/rocenka/rocenka.asp?kapit=C&tab=C1.25.1&rck=6,2026-05-19T12:23:11Z
2011/2012,2011,C1.25.1,zápis: výsledky,v tom / přicházejí po odkladu :: Převedení na jinou školu / celkem,115,https://statis.msmt.gov.cz/rocenka/rocenka.asp?kapit=C&tab=C1.25.1&rck=6,2026-05-19T12:23:11Z
2011/2012,2011,C1.25.1,zápis: výsledky,v tom / přicházejí po odkladu :: z toho dívky,49,https://statis.msmt.gov.cz/rocenka/rocenka.asp?kapit=C&tab=C1.25.1&rck=6,2026-05-19T12:23:11Z
2011/2012,2011,C1.25.1,zápis: výsledky,v tom / přicházejí po odkladu :: S žádostí o odklad docházky / celkem,5,https://statis.msmt.gov.cz/rocenka/rocenka.asp?kapit=C&tab=C1.25.1&rck=6,2026-05-19T12:23:11Z
2011/2012,2011,C1.25.1,zápis: výsledky,v tom / přicházejí po odkladu :: z toho dívky,2,https://statis.msmt.gov.cz/rocenka/rocenka.asp?kapit=C&tab=C1.25.1&rck=6,2026-05-19T12:23:11Z
2011/2012,2011,C1.25.1,zápis: výsledky,v tom / přicházejí po odkladu :: Vzdělávání podle § 42 šk. zák. / celkem,0,https://statis.msmt.gov.cz/rocenka/rocenka.asp?kapit=C&tab=C1.25.1&rck=6,2026-05-19T12:23:11Z
2011/2012,2011,C1.25.1,zápis: výsledky,v tom / přicházejí po odkladu :: z toho dívky,0,https://statis.msmt.gov.cz/rocenka/rocenka.asp?kapit=C&tab=C1.25.1&rck=6,2026-05-19T12:23:11Z
2011/2012,2011,C1.25.1,zápis: výsledky,v tom / přicházejí po odkladu :: Neuzavřený zápis 5letých / celkem,0,https://statis.msmt.gov.cz/rocenka/rocenka.asp?kapit=C&tab=C1.25.1&rck=6,2026-05-19T12:23:11Z
2011/2012,2011,C1.25.1,zápis: výsledky,v tom / přicházejí po odkladu :: z toho dívky,0,https://statis.msmt.gov.cz/rocenka/rocenka.asp?kapit=C&tab=C1.25.1&rck=6,2026-05-19T12:23:11Z
2012/2013,2012,C1.25.1,zápis: výsledky,(celkem) :: Počet škol,236,https://statis.msmt.gov.cz/rocenka/rocenka.asp?kapit=C&tab=C1.25.1&rck=7,2026-05-19T12:23:11Z
2012/2013,2012,C1.25.1,zápis: výsledky,(celkem) :: Zapisovaní / celkem,16354,https://statis.msmt.gov.cz/rocenka/rocenka.asp?kapit=C&tab=C1.25.1&rck=7,2026-05-19T12:23:11Z
2012/2013,2012,C1.25.1,zápis: výsledky,(celkem) :: z toho dívky,7600,https://statis.msmt.gov.cz/rocenka/rocenka.asp?kapit=C&tab=C1.25.1&rck=7,2026-05-19T12:23:11Z
2012/2013,2012,C1.25.1,zápis: výsledky,(celkem) :: Zapsaní / celkem,12860,https://statis.msmt.gov.cz/rocenka/rocenka.asp?kapit=C&tab=C1.25.1&rck=7,2026-05-19T12:23:11Z
2012/2013,2012,C1.25.1,zápis: výsledky,(celkem) :: z toho dívky,6208,https://statis.msmt.gov.cz/rocenka/rocenka.asp?kapit=C&tab=C1.25.1&rck=7,2026-05-19T12:23:11Z
2012/2013,2012,C1.25.1,zápis: výsledky,(celkem) :: Převedení na jinou školu / celkem,1415,https://statis.msmt.gov.cz/rocenka/rocenka.asp?kapit=C&tab=C1.25.1&rck=7,2026-05-19T12:23:11Z
2012/2013,2012,C1.25.1,zápis: výsledky,(celkem) :: z toho dívky,676,https://statis.msmt.gov.cz/rocenka/rocenka.asp?kapit=C&tab=C1.25.1&rck=7,2026-05-19T12:23:11Z
2012/2013,2012,C1.25.1,zápis: výsledky,(celkem) :: S žádostí o odklad docházky / celkem,2004,https://statis.msmt.gov.cz/rocenka/rocenka.asp?kapit=C&tab=C1.25.1&rck=7,2026-05-19T12:23:11Z
2012/2013,2012,C1.25.1,zápis: výsledky,(celkem) :: z toho dívky,666,https://statis.msmt.gov.cz/rocenka/rocenka.asp?kapit=C&tab=C1.25.1&rck=7,2026-05-19T12:23:11Z
2012/2013,2012,C1.25.1,zápis: výsledky,(celkem) :: Vzdělávání podle § 42 šk. zák. / celkem,2,https://statis.msmt.gov.cz/rocenka/rocenka.asp?kapit=C&tab=C1.25.1&rck=7,2026-05-19T12:23:11Z
2012/2013,2012,C1.25.1,zápis: výsledky,(celkem) :: z toho dívky,1,https://statis.msmt.gov.cz/rocenka/rocenka.asp?kapit=C&tab=C1.25.1&rck=7,2026-05-19T12:23:11Z
2012/2013,2012,C1.25.1,zápis: výsledky,(celkem) :: Neuzavřený zápis 5letých / celkem,73,https://statis.msmt.gov.cz/rocenka/rocenka.asp?kapit=C&tab=C1.25.1&rck=7,2026-05-19T12:23:11Z
2012/2013,2012,C1.25.1,zápis: výsledky,(celkem) :: z toho dívky,49,https://statis.msmt.gov.cz/rocenka/rocenka.asp?kapit=C&tab=C1.25.1&rck=7,2026-05-19T12:23:11Z
2012/2013,2012,C1.25.1,zápis: výsledky,v tom / poprvé u zápisu :: Počet škol,233,https://statis.msmt.gov.cz/rocenka/rocenka.asp?kapit=C&tab=C1.25.1&rck=7,2026-05-19T12:23:11Z
2012/2013,2012,C1.25.1,zápis: výsledky,v tom / poprvé u zápisu :: Zapisovaní / celkem,13608,https://statis.msmt.gov.cz/rocenka/rocenka.asp?kapit=C&tab=C1.25.1&rck=7,2026-05-19T12:23:11Z
2012/2013,2012,C1.25.1,zápis: výsledky,v tom / poprvé u zápisu :: z toho dívky,6663,https://statis.msmt.gov.cz/rocenka/rocenka.asp?kapit=C&tab=C1.25.1&rck=7,2026-05-19T12:23:11Z
2012/2013,2012,C1.25.1,zápis: výsledky,v tom / poprvé u zápisu :: Zapsaní / celkem,10300,https://statis.msmt.gov.cz/rocenka/rocenka.asp?kapit=C&tab=C1.25.1&rck=7,2026-05-19T12:23:11Z
2012/2013,2012,C1.25.1,zápis: výsledky,v tom / poprvé u zápisu :: z toho dívky,5329,https://statis.msmt.gov.cz/rocenka/rocenka.asp?kapit=C&tab=C1.25.1&rck=7,2026-05-19T12:23:11Z
2012/2013,2012,C1.25.1,zápis: výsledky,v tom / poprvé u zápisu :: Převedení na jinou školu / celkem,1237,https://statis.msmt.gov.cz/rocenka/rocenka.asp?kapit=C&tab=C1.25.1&rck=7,2026-05-19T12:23:11Z
2012/2013,2012,C1.25.1,zápis: výsledky,v tom / poprvé u zápisu :: z toho dívky,619,https://statis.msmt.gov.cz/rocenka/rocenka.asp?kapit=C&tab=C1.25.1&rck=7,2026-05-19T12:23:11Z
2012/2013,2012,C1.25.1,zápis: výsledky,v tom / poprvé u zápisu :: S žádostí o odklad docházky / celkem,1997,https://statis.msmt.gov.cz/rocenka/rocenka.asp?kapit=C&tab=C1.25.1&rck=7,2026-05-19T12:23:11Z
2012/2013,2012,C1.25.1,zápis: výsledky,v tom / poprvé u zápisu :: z toho dívky,665,https://statis.msmt.gov.cz/rocenka/rocenka.asp?kapit=C&tab=C1.25.1&rck=7,2026-05-19T12:23:11Z
2012/2013,2012,C1.25.1,zápis: výsledky,v tom / poprvé u zápisu :: Vzdělávání podle § 42 šk. zák. / celkem,1,https://statis.msmt.gov.cz/rocenka/rocenka.asp?kapit=C&tab=C1.25.1&rck=7,2026-05-19T12:23:11Z
2012/2013,2012,C1.25.1,zápis: výsledky,v tom / poprvé u zápisu :: z toho dívky,1,https://statis.msmt.gov.cz/rocenka/rocenka.asp?kapit=C&tab=C1.25.1&rck=7,2026-05-19T12:23:11Z
2012/2013,2012,C1.25.1,zápis: výsledky,v tom / poprvé u zápisu :: Neuzavřený zápis 5letých / celkem,73,https://statis.msmt.gov.cz/rocenka/rocenka.asp?kapit=C&tab=C1.25.1&rck=7,2026-05-19T12:23:11Z
2012/2013,2012,C1.25.1,zápis: výsledky,v tom / poprvé u zápisu :: z toho dívky,49,https://statis.msmt.gov.cz/rocenka/rocenka.asp?kapit=C&tab=C1.25.1&rck=7,2026-05-19T12:23:11Z
2012/2013,2012,C1.25.1,zápis: výsledky,v tom / přicházejí po odkladu :: Počet škol,230,https://statis.msmt.gov.cz/rocenka/rocenka.asp?kapit=C&tab=C1.25.1&rck=7,2026-05-19T12:23:11Z
2012/2013,2012,C1.25.1,zápis: výsledky,v tom / přicházejí po odkladu :: Zapisovaní / celkem,2746,https://statis.msmt.gov.cz/rocenka/rocenka.asp?kapit=C&tab=C1.25.1&rck=7,2026-05-19T12:23:11Z
2012/2013,2012,C1.25.1,zápis: výsledky,v tom / přicházejí po odkladu :: z toho dívky,937,https://statis.msmt.gov.cz/rocenka/rocenka.asp?kapit=C&tab=C1.25.1&rck=7,2026-05-19T12:23:11Z
2012/2013,2012,C1.25.1,zápis: výsledky,v tom / přicházejí po odkladu :: Zapsaní / celkem,2560,https://statis.msmt.gov.cz/rocenka/rocenka.asp?kapit=C&tab=C1.25.1&rck=7,2026-05-19T12:23:11Z
2012/2013,2012,C1.25.1,zápis: výsledky,v tom / přicházejí po odkladu :: z toho dívky,879,https://statis.msmt.gov.cz/rocenka/rocenka.asp?kapit=C&tab=C1.25.1&rck=7,2026-05-19T12:23:11Z
2012/2013,2012,C1.25.1,zápis: výsledky,v tom / přicházejí po odkladu :: Převedení na jinou školu / celkem,178,https://statis.msmt.gov.cz/rocenka/rocenka.asp?kapit=C&tab=C1.25.1&rck=7,2026-05-19T12:23:11Z
2012/2013,2012,C1.25.1,zápis: výsledky,v tom / přicházejí po odkladu :: z toho dívky,57,https://statis.msmt.gov.cz/rocenka/rocenka.asp?kapit=C&tab=C1.25.1&rck=7,2026-05-19T12:23:11Z
2012/2013,2012,C1.25.1,zápis: výsledky,v tom / přicházejí po odkladu :: S žádostí o odklad docházky / celkem,7,https://statis.msmt.gov.cz/rocenka/rocenka.asp?kapit=C&tab=C1.25.1&rck=7,2026-05-19T12:23:11Z
2012/2013,2012,C1.25.1,zápis: výsledky,v tom / přicházejí po odkladu :: z toho dívky,1,https://statis.msmt.gov.cz/rocenka/rocenka.asp?kapit=C&tab=C1.25.1&rck=7,2026-05-19T12:23:11Z
2012/2013,2012,C1.25.1,zápis: výsledky,v tom / přicházejí po odkladu :: Vzdělávání podle § 42 šk. zák. / celkem,1,https://statis.msmt.gov.cz/rocenka/rocenka.asp?kapit=C&tab=C1.25.1&rck=7,2026-05-19T12:23:11Z
2012/2013,2012,C1.25.1,zápis: výsledky,v tom / přicházejí po odkladu :: z toho dívky,0,https://statis.msmt.gov.cz/rocenka/rocenka.asp?kapit=C&tab=C1.25.1&rck=7,2026-05-19T12:23:11Z
2012/2013,2012,C1.25.1,zápis: výsledky,v tom / přicházejí po odkladu :: Neuzavřený zápis 5letých / celkem,0,https://statis.msmt.gov.cz/rocenka/rocenka.asp?kapit=C&tab=C1.25.1&rck=7,2026-05-19T12:23:11Z
2012/2013,2012,C1.25.1,zápis: výsledky,v tom / přicházejí po odkladu :: z toho dívky,0,https://statis.msmt.gov.cz/rocenka/rocenka.asp?kapit=C&tab=C1.25.1&rck=7,2026-05-19T12:23:11Z
2013/2014,2013,C1.25.1,zápis: výsledky,(celkem) :: Počet škol,237,https://statis.msmt.gov.cz/rocenka/rocenka.asp?kapit=C&tab=C1.25.1&rck=8,2026-05-19T12:23:11Z
2013/2014,2013,C1.25.1,zápis: výsledky,(celkem) :: Zapisovaní / celkem,17681,https://statis.msmt.gov.cz/rocenka/rocenka.asp?kapit=C&tab=C1.25.1&rck=8,2026-05-19T12:23:11Z
2013/2014,2013,C1.25.1,zápis: výsledky,(celkem) :: z toho dívky,8185,https://statis.msmt.gov.cz/rocenka/rocenka.asp?kapit=C&tab=C1.25.1&rck=8,2026-05-19T12:23:11Z
2013/2014,2013,C1.25.1,zápis: výsledky,(celkem) :: Zapsaní / celkem,13839,https://statis.msmt.gov.cz/rocenka/rocenka.asp?kapit=C&tab=C1.25.1&rck=8,2026-05-19T12:23:11Z
2013/2014,2013,C1.25.1,zápis: výsledky,(celkem) :: z toho dívky,6626,https://statis.msmt.gov.cz/rocenka/rocenka.asp?kapit=C&tab=C1.25.1&rck=8,2026-05-19T12:23:11Z
2013/2014,2013,C1.25.1,zápis: výsledky,(celkem) :: Převedení na jinou školu / celkem,1678,https://statis.msmt.gov.cz/rocenka/rocenka.asp?kapit=C&tab=C1.25.1&rck=8,2026-05-19T12:23:11Z
2013/2014,2013,C1.25.1,zápis: výsledky,(celkem) :: z toho dívky,815,https://statis.msmt.gov.cz/rocenka/rocenka.asp?kapit=C&tab=C1.25.1&rck=8,2026-05-19T12:23:11Z
2013/2014,2013,C1.25.1,zápis: výsledky,(celkem) :: S žádostí o odklad docházky / celkem,2068,https://statis.msmt.gov.cz/rocenka/rocenka.asp?kapit=C&tab=C1.25.1&rck=8,2026-05-19T12:23:11Z
2013/2014,2013,C1.25.1,zápis: výsledky,(celkem) :: z toho dívky,688,https://statis.msmt.gov.cz/rocenka/rocenka.asp?kapit=C&tab=C1.25.1&rck=8,2026-05-19T12:23:11Z
2013/2014,2013,C1.25.1,zápis: výsledky,(celkem) :: Vzdělávání podle § 42 šk. zák. / celkem,1,https://statis.msmt.gov.cz/rocenka/rocenka.asp?kapit=C&tab=C1.25.1&rck=8,2026-05-19T12:23:11Z
2013/2014,2013,C1.25.1,zápis: výsledky,(celkem) :: z toho dívky,1,https://statis.msmt.gov.cz/rocenka/rocenka.asp?kapit=C&tab=C1.25.1&rck=8,2026-05-19T12:23:11Z
2013/2014,2013,C1.25.1,zápis: výsledky,(celkem) :: Neuzavřený zápis 5letých / celkem,95,https://statis.msmt.gov.cz/rocenka/rocenka.asp?kapit=C&tab=C1.25.1&rck=8,2026-05-19T12:23:11Z
2013/2014,2013,C1.25.1,zápis: výsledky,(celkem) :: z toho dívky,55,https://statis.msmt.gov.cz/rocenka/rocenka.asp?kapit=C&tab=C1.25.1&rck=8,2026-05-19T12:23:11Z
2013/2014,2013,C1.25.1,zápis: výsledky,v tom / poprvé u zápisu :: Počet škol,236,https://statis.msmt.gov.cz/rocenka/rocenka.asp?kapit=C&tab=C1.25.1&rck=8,2026-05-19T12:23:11Z
2013/2014,2013,C1.25.1,zápis: výsledky,v tom / poprvé u zápisu :: Zapisovaní / celkem,14912,https://statis.msmt.gov.cz/rocenka/rocenka.asp?kapit=C&tab=C1.25.1&rck=8,2026-05-19T12:23:11Z
2013/2014,2013,C1.25.1,zápis: výsledky,v tom / poprvé u zápisu :: z toho dívky,7241,https://statis.msmt.gov.cz/rocenka/rocenka.asp?kapit=C&tab=C1.25.1&rck=8,2026-05-19T12:23:11Z
2013/2014,2013,C1.25.1,zápis: výsledky,v tom / poprvé u zápisu :: Zapsaní / celkem,11300,https://statis.msmt.gov.cz/rocenka/rocenka.asp?kapit=C&tab=C1.25.1&rck=8,2026-05-19T12:23:11Z
2013/2014,2013,C1.25.1,zápis: výsledky,v tom / poprvé u zápisu :: z toho dívky,5771,https://statis.msmt.gov.cz/rocenka/rocenka.asp?kapit=C&tab=C1.25.1&rck=8,2026-05-19T12:23:11Z
2013/2014,2013,C1.25.1,zápis: výsledky,v tom / poprvé u zápisu :: Převedení na jinou školu / celkem,1460,https://statis.msmt.gov.cz/rocenka/rocenka.asp?kapit=C&tab=C1.25.1&rck=8,2026-05-19T12:23:11Z
2013/2014,2013,C1.25.1,zápis: výsledky,v tom / poprvé u zápisu :: z toho dívky,729,https://statis.msmt.gov.cz/rocenka/rocenka.asp?kapit=C&tab=C1.25.1&rck=8,2026-05-19T12:23:11Z
2013/2014,2013,C1.25.1,zápis: výsledky,v tom / poprvé u zápisu :: S žádostí o odklad docházky / celkem,2056,https://statis.msmt.gov.cz/rocenka/rocenka.asp?kapit=C&tab=C1.25.1&rck=8,2026-05-19T12:23:11Z
2013/2014,2013,C1.25.1,zápis: výsledky,v tom / poprvé u zápisu :: z toho dívky,685,https://statis.msmt.gov.cz/rocenka/rocenka.asp?kapit=C&tab=C1.25.1&rck=8,2026-05-19T12:23:11Z
2013/2014,2013,C1.25.1,zápis: výsledky,v tom / poprvé u zápisu :: Vzdělávání podle § 42 šk. zák. / celkem,1,https://statis.msmt.gov.cz/rocenka/rocenka.asp?kapit=C&tab=C1.25.1&rck=8,2026-05-19T12:23:11Z
2013/2014,2013,C1.25.1,zápis: výsledky,v tom / poprvé u zápisu :: z toho dívky,1,https://statis.msmt.gov.cz/rocenka/rocenka.asp?kapit=C&tab=C1.25.1&rck=8,2026-05-19T12:23:11Z
2013/2014,2013,C1.25.1,zápis: výsledky,v tom / poprvé u zápisu :: Neuzavřený zápis 5letých / celkem,95,https://statis.msmt.gov.cz/rocenka/rocenka.asp?kapit=C&tab=C1.25.1&rck=8,2026-05-19T12:23:11Z
2013/2014,2013,C1.25.1,zápis: výsledky,v tom / poprvé u zápisu :: z toho dívky,55,https://statis.msmt.gov.cz/rocenka/rocenka.asp?kapit=C&tab=C1.25.1&rck=8,2026-05-19T12:23:11Z
2013/2014,2013,C1.25.1,zápis: výsledky,v tom / přicházejí po odkladu :: Počet škol,236,https://statis.msmt.gov.cz/rocenka/rocenka.asp?kapit=C&tab=C1.25.1&rck=8,2026-05-19T12:23:11Z
2013/2014,2013,C1.25.1,zápis: výsledky,v tom / přicházejí po odkladu :: Zapisovaní / celkem,2769,https://statis.msmt.gov.cz/rocenka/rocenka.asp?kapit=C&tab=C1.25.1&rck=8,2026-05-19T12:23:11Z
2013/2014,2013,C1.25.1,zápis: výsledky,v tom / přicházejí po odkladu :: z toho dívky,944,https://statis.msmt.gov.cz/rocenka/rocenka.asp?kapit=C&tab=C1.25.1&rck=8,2026-05-19T12:23:11Z
2013/2014,2013,C1.25.1,zápis: výsledky,v tom / přicházejí po odkladu :: Zapsaní / celkem,2539,https://statis.msmt.gov.cz/rocenka/rocenka.asp?kapit=C&tab=C1.25.1&rck=8,2026-05-19T12:23:11Z
2013/2014,2013,C1.25.1,zápis: výsledky,v tom / přicházejí po odkladu :: z toho dívky,855,https://statis.msmt.gov.cz/rocenka/rocenka.asp?kapit=C&tab=C1.25.1&rck=8,2026-05-19T12:23:11Z
2013/2014,2013,C1.25.1,zápis: výsledky,v tom / přicházejí po odkladu :: Převedení na jinou školu / celkem,218,https://statis.msmt.gov.cz/rocenka/rocenka.asp?kapit=C&tab=C1.25.1&rck=8,2026-05-19T12:23:11Z
2013/2014,2013,C1.25.1,zápis: výsledky,v tom / přicházejí po odkladu :: z toho dívky,86,https://statis.msmt.gov.cz/rocenka/rocenka.asp?kapit=C&tab=C1.25.1&rck=8,2026-05-19T12:23:11Z
2013/2014,2013,C1.25.1,zápis: výsledky,v tom / přicházejí po odkladu :: S žádostí o odklad docházky / celkem,12,https://statis.msmt.gov.cz/rocenka/rocenka.asp?kapit=C&tab=C1.25.1&rck=8,2026-05-19T12:23:11Z
2013/2014,2013,C1.25.1,zápis: výsledky,v tom / přicházejí po odkladu :: z toho dívky,3,https://statis.msmt.gov.cz/rocenka/rocenka.asp?kapit=C&tab=C1.25.1&rck=8,2026-05-19T12:23:11Z
2013/2014,2013,C1.25.1,zápis: výsledky,v tom / přicházejí po odkladu :: Vzdělávání podle § 42 šk. zák. / celkem,0,https://statis.msmt.gov.cz/rocenka/rocenka.asp?kapit=C&tab=C1.25.1&rck=8,2026-05-19T12:23:11Z
2013/2014,2013,C1.25.1,zápis: výsledky,v tom / přicházejí po odkladu :: z toho dívky,0,https://statis.msmt.gov.cz/rocenka/rocenka.asp?kapit=C&tab=C1.25.1&rck=8,2026-05-19T12:23:11Z
2013/2014,2013,C1.25.1,zápis: výsledky,v tom / přicházejí po odkladu :: Neuzavřený zápis 5letých / celkem,0,https://statis.msmt.gov.cz/rocenka/rocenka.asp?kapit=C&tab=C1.25.1&rck=8,2026-05-19T12:23:11Z
2013/2014,2013,C1.25.1,zápis: výsledky,v tom / přicházejí po odkladu :: z toho dívky,0,https://statis.msmt.gov.cz/rocenka/rocenka.asp?kapit=C&tab=C1.25.1&rck=8,2026-05-19T12:23:11Z
2014/2015,2014,C1.25.1,zápis: výsledky,(celkem) :: Počet škol,241,https://statis.msmt.gov.cz/rocenka/rocenka.asp?kapit=C&tab=C1.25.1&rck=9,2026-05-19T12:23:11Z
2014/2015,2014,C1.25.1,zápis: výsledky,(celkem) :: Zapisovaní / celkem,19776,https://statis.msmt.gov.cz/rocenka/rocenka.asp?kapit=C&tab=C1.25.1&rck=9,2026-05-19T12:23:11Z
2014/2015,2014,C1.25.1,zápis: výsledky,(celkem) :: z toho dívky,9179,https://statis.msmt.gov.cz/rocenka/rocenka.asp?kapit=C&tab=C1.25.1&rck=9,2026-05-19T12:23:11Z
2014/2015,2014,C1.25.1,zápis: výsledky,(celkem) :: Zapsaní na dané škole / celkem,15263,https://statis.msmt.gov.cz/rocenka/rocenka.asp?kapit=C&tab=C1.25.1&rck=9,2026-05-19T12:23:11Z
2014/2015,2014,C1.25.1,zápis: výsledky,(celkem) :: z toho dívky,7380,https://statis.msmt.gov.cz/rocenka/rocenka.asp?kapit=C&tab=C1.25.1&rck=9,2026-05-19T12:23:11Z
2014/2015,2014,C1.25.1,zápis: výsledky,(celkem) :: Převedení na jinou školu / celkem,2161,https://statis.msmt.gov.cz/rocenka/rocenka.asp?kapit=C&tab=C1.25.1&rck=9,2026-05-19T12:23:11Z
2014/2015,2014,C1.25.1,zápis: výsledky,(celkem) :: z toho dívky,999,https://statis.msmt.gov.cz/rocenka/rocenka.asp?kapit=C&tab=C1.25.1&rck=9,2026-05-19T12:23:11Z
2014/2015,2014,C1.25.1,zápis: výsledky,(celkem) :: S žádostí o odklad docházky / celkem,2161,https://statis.msmt.gov.cz/rocenka/rocenka.asp?kapit=C&tab=C1.25.1&rck=9,2026-05-19T12:23:11Z
2014/2015,2014,C1.25.1,zápis: výsledky,(celkem) :: z toho dívky,689,https://statis.msmt.gov.cz/rocenka/rocenka.asp?kapit=C&tab=C1.25.1&rck=9,2026-05-19T12:23:11Z
2014/2015,2014,C1.25.1,zápis: výsledky,(celkem) :: Vzdělávání podle § 42 šk. zák. / celkem,5,https://statis.msmt.gov.cz/rocenka/rocenka.asp?kapit=C&tab=C1.25.1&rck=9,2026-05-19T12:23:11Z
2014/2015,2014,C1.25.1,zápis: výsledky,(celkem) :: z toho dívky,3,https://statis.msmt.gov.cz/rocenka/rocenka.asp?kapit=C&tab=C1.25.1&rck=9,2026-05-19T12:23:11Z
2014/2015,2014,C1.25.1,zápis: výsledky,(celkem) :: Neuzavřený zápis / celkem,186,https://statis.msmt.gov.cz/rocenka/rocenka.asp?kapit=C&tab=C1.25.1&rck=9,2026-05-19T12:23:11Z
2014/2015,2014,C1.25.1,zápis: výsledky,(celkem) :: z toho dívky,108,https://statis.msmt.gov.cz/rocenka/rocenka.asp?kapit=C&tab=C1.25.1&rck=9,2026-05-19T12:23:11Z
2014/2015,2014,C1.25.1,zápis: výsledky,v tom / poprvé u zápisu :: Počet škol,238,https://statis.msmt.gov.cz/rocenka/rocenka.asp?kapit=C&tab=C1.25.1&rck=9,2026-05-19T12:23:11Z
2014/2015,2014,C1.25.1,zápis: výsledky,v tom / poprvé u zápisu :: Zapisovaní / celkem,16731,https://statis.msmt.gov.cz/rocenka/rocenka.asp?kapit=C&tab=C1.25.1&rck=9,2026-05-19T12:23:11Z
2014/2015,2014,C1.25.1,zápis: výsledky,v tom / poprvé u zápisu :: z toho dívky,8123,https://statis.msmt.gov.cz/rocenka/rocenka.asp?kapit=C&tab=C1.25.1&rck=9,2026-05-19T12:23:11Z
2014/2015,2014,C1.25.1,zápis: výsledky,v tom / poprvé u zápisu :: Zapsaní na dané škole / celkem,12488,https://statis.msmt.gov.cz/rocenka/rocenka.asp?kapit=C&tab=C1.25.1&rck=9,2026-05-19T12:23:11Z
2014/2015,2014,C1.25.1,zápis: výsledky,v tom / poprvé u zápisu :: z toho dívky,6424,https://statis.msmt.gov.cz/rocenka/rocenka.asp?kapit=C&tab=C1.25.1&rck=9,2026-05-19T12:23:11Z
2014/2015,2014,C1.25.1,zápis: výsledky,v tom / poprvé u zápisu :: Převedení na jinou školu / celkem,1906,https://statis.msmt.gov.cz/rocenka/rocenka.asp?kapit=C&tab=C1.25.1&rck=9,2026-05-19T12:23:11Z
2014/2015,2014,C1.25.1,zápis: výsledky,v tom / poprvé u zápisu :: z toho dívky,907,https://statis.msmt.gov.cz/rocenka/rocenka.asp?kapit=C&tab=C1.25.1&rck=9,2026-05-19T12:23:11Z
2014/2015,2014,C1.25.1,zápis: výsledky,v tom / poprvé u zápisu :: S žádostí o odklad docházky / celkem,2157,https://statis.msmt.gov.cz/rocenka/rocenka.asp?kapit=C&tab=C1.25.1&rck=9,2026-05-19T12:23:11Z
2014/2015,2014,C1.25.1,zápis: výsledky,v tom / poprvé u zápisu :: z toho dívky,688,https://statis.msmt.gov.cz/rocenka/rocenka.asp?kapit=C&tab=C1.25.1&rck=9,2026-05-19T12:23:11Z
2014/2015,2014,C1.25.1,zápis: výsledky,v tom / poprvé u zápisu :: Vzdělávání podle § 42 šk. zák. / celkem,0,https://statis.msmt.gov.cz/rocenka/rocenka.asp?kapit=C&tab=C1.25.1&rck=9,2026-05-19T12:23:11Z
2014/2015,2014,C1.25.1,zápis: výsledky,v tom / poprvé u zápisu :: z toho dívky,0,https://statis.msmt.gov.cz/rocenka/rocenka.asp?kapit=C&tab=C1.25.1&rck=9,2026-05-19T12:23:11Z
2014/2015,2014,C1.25.1,zápis: výsledky,v tom / poprvé u zápisu :: Neuzavřený zápis / celkem,180,https://statis.msmt.gov.cz/rocenka/rocenka.asp?kapit=C&tab=C1.25.1&rck=9,2026-05-19T12:23:11Z
2014/2015,2014,C1.25.1,zápis: výsledky,v tom / poprvé u zápisu :: z toho dívky,104,https://statis.msmt.gov.cz/rocenka/rocenka.asp?kapit=C&tab=C1.25.1&rck=9,2026-05-19T12:23:11Z
2014/2015,2014,C1.25.1,zápis: výsledky,v tom / přicházejí po odkladu :: Počet škol,236,https://statis.msmt.gov.cz/rocenka/rocenka.asp?kapit=C&tab=C1.25.1&rck=9,2026-05-19T12:23:11Z
2014/2015,2014,C1.25.1,zápis: výsledky,v tom / přicházejí po odkladu :: Zapisovaní / celkem,3045,https://statis.msmt.gov.cz/rocenka/rocenka.asp?kapit=C&tab=C1.25.1&rck=9,2026-05-19T12:23:11Z
2014/2015,2014,C1.25.1,zápis: výsledky,v tom / přicházejí po odkladu :: z toho dívky,1056,https://statis.msmt.gov.cz/rocenka/rocenka.asp?kapit=C&tab=C1.25.1&rck=9,2026-05-19T12:23:11Z
2014/2015,2014,C1.25.1,zápis: výsledky,v tom / přicházejí po odkladu :: Zapsaní na dané škole / celkem,2775,https://statis.msmt.gov.cz/rocenka/rocenka.asp?kapit=C&tab=C1.25.1&rck=9,2026-05-19T12:23:11Z
2014/2015,2014,C1.25.1,zápis: výsledky,v tom / přicházejí po odkladu :: z toho dívky,956,https://statis.msmt.gov.cz/rocenka/rocenka.asp?kapit=C&tab=C1.25.1&rck=9,2026-05-19T12:23:11Z
2014/2015,2014,C1.25.1,zápis: výsledky,v tom / přicházejí po odkladu :: Převedení na jinou školu / celkem,255,https://statis.msmt.gov.cz/rocenka/rocenka.asp?kapit=C&tab=C1.25.1&rck=9,2026-05-19T12:23:11Z
2014/2015,2014,C1.25.1,zápis: výsledky,v tom / přicházejí po odkladu :: z toho dívky,92,https://statis.msmt.gov.cz/rocenka/rocenka.asp?kapit=C&tab=C1.25.1&rck=9,2026-05-19T12:23:11Z
2014/2015,2014,C1.25.1,zápis: výsledky,v tom / přicházejí po odkladu :: S žádostí o odklad docházky / celkem,4,https://statis.msmt.gov.cz/rocenka/rocenka.asp?kapit=C&tab=C1.25.1&rck=9,2026-05-19T12:23:11Z
2014/2015,2014,C1.25.1,zápis: výsledky,v tom / přicházejí po odkladu :: z toho dívky,1,https://statis.msmt.gov.cz/rocenka/rocenka.asp?kapit=C&tab=C1.25.1&rck=9,2026-05-19T12:23:11Z
2014/2015,2014,C1.25.1,zápis: výsledky,v tom / přicházejí po odkladu :: Vzdělávání podle § 42 šk. zák. / celkem,5,https://statis.msmt.gov.cz/rocenka/rocenka.asp?kapit=C&tab=C1.25.1&rck=9,2026-05-19T12:23:11Z
2014/2015,2014,C1.25.1,zápis: výsledky,v tom / přicházejí po odkladu :: z toho dívky,3,https://statis.msmt.gov.cz/rocenka/rocenka.asp?kapit=C&tab=C1.25.1&rck=9,2026-05-19T12:23:11Z
2014/2015,2014,C1.25.1,zápis: výsledky,v tom / přicházejí po odkladu :: Neuzavřený zápis / celkem,6,https://statis.msmt.gov.cz/rocenka/rocenka.asp?kapit=C&tab=C1.25.1&rck=9,2026-05-19T12:23:11Z
2014/2015,2014,C1.25.1,zápis: výsledky,v tom / přicházejí po odkladu :: z toho dívky,4,https://statis.msmt.gov.cz/rocenka/rocenka.asp?kapit=C&tab=C1.25.1&rck=9,2026-05-19T12:23:11Z
2015/2016,2015,C1.25.1,zápis: výsledky,(celkem) :: Počet škol,251,https://statis.msmt.gov.cz/rocenka/rocenka.asp?kapit=C&tab=C1.25.1&rck=10,2026-05-19T12:23:11Z
2015/2016,2015,C1.25.1,zápis: výsledky,(celkem) :: Zapisovaní / celkem,20810,https://statis.msmt.gov.cz/rocenka/rocenka.asp?kapit=C&tab=C1.25.1&rck=10,2026-05-19T12:23:11Z
2015/2016,2015,C1.25.1,zápis: výsledky,(celkem) :: z toho dívky,9575,https://statis.msmt.gov.cz/rocenka/rocenka.asp?kapit=C&tab=C1.25.1&rck=10,2026-05-19T12:23:11Z
2015/2016,2015,C1.25.1,zápis: výsledky,(celkem) :: Zapsaní na dané škole / celkem,15783,https://statis.msmt.gov.cz/rocenka/rocenka.asp?kapit=C&tab=C1.25.1&rck=10,2026-05-19T12:23:11Z
2015/2016,2015,C1.25.1,zápis: výsledky,(celkem) :: z toho dívky,7540,https://statis.msmt.gov.cz/rocenka/rocenka.asp?kapit=C&tab=C1.25.1&rck=10,2026-05-19T12:23:11Z
2015/2016,2015,C1.25.1,zápis: výsledky,(celkem) :: Převedení na jinou školu / celkem,2793,https://statis.msmt.gov.cz/rocenka/rocenka.asp?kapit=C&tab=C1.25.1&rck=10,2026-05-19T12:23:11Z
2015/2016,2015,C1.25.1,zápis: výsledky,(celkem) :: z toho dívky,1305,https://statis.msmt.gov.cz/rocenka/rocenka.asp?kapit=C&tab=C1.25.1&rck=10,2026-05-19T12:23:11Z
2015/2016,2015,C1.25.1,zápis: výsledky,(celkem) :: S žádostí o odklad docházky / celkem,2095,https://statis.msmt.gov.cz/rocenka/rocenka.asp?kapit=C&tab=C1.25.1&rck=10,2026-05-19T12:23:11Z
2015/2016,2015,C1.25.1,zápis: výsledky,(celkem) :: z toho dívky,645,https://statis.msmt.gov.cz/rocenka/rocenka.asp?kapit=C&tab=C1.25.1&rck=10,2026-05-19T12:23:11Z
2015/2016,2015,C1.25.1,zápis: výsledky,(celkem) :: Vzdělávání podle § 42 šk. zák. / celkem,0,https://statis.msmt.gov.cz/rocenka/rocenka.asp?kapit=C&tab=C1.25.1&rck=10,2026-05-19T12:23:11Z
2015/2016,2015,C1.25.1,zápis: výsledky,(celkem) :: z toho dívky,0,https://statis.msmt.gov.cz/rocenka/rocenka.asp?kapit=C&tab=C1.25.1&rck=10,2026-05-19T12:23:11Z
2015/2016,2015,C1.25.1,zápis: výsledky,(celkem) :: Neuzavřený zápis / celkem,139,https://statis.msmt.gov.cz/rocenka/rocenka.asp?kapit=C&tab=C1.25.1&rck=10,2026-05-19T12:23:11Z
2015/2016,2015,C1.25.1,zápis: výsledky,(celkem) :: z toho dívky,85,https://statis.msmt.gov.cz/rocenka/rocenka.asp?kapit=C&tab=C1.25.1&rck=10,2026-05-19T12:23:11Z
2015/2016,2015,C1.25.1,zápis: výsledky,v tom / poprvé u zápisu :: Počet škol,246,https://statis.msmt.gov.cz/rocenka/rocenka.asp?kapit=C&tab=C1.25.1&rck=10,2026-05-19T12:23:11Z
2015/2016,2015,C1.25.1,zápis: výsledky,v tom / poprvé u zápisu :: Zapisovaní / celkem,17666,https://statis.msmt.gov.cz/rocenka/rocenka.asp?kapit=C&tab=C1.25.1&rck=10,2026-05-19T12:23:11Z
2015/2016,2015,C1.25.1,zápis: výsledky,v tom / poprvé u zápisu :: z toho dívky,8513,https://statis.msmt.gov.cz/rocenka/rocenka.asp?kapit=C&tab=C1.25.1&rck=10,2026-05-19T12:23:11Z
2015/2016,2015,C1.25.1,zápis: výsledky,v tom / poprvé u zápisu :: Zapsaní na dané škole / celkem,12962,https://statis.msmt.gov.cz/rocenka/rocenka.asp?kapit=C&tab=C1.25.1&rck=10,2026-05-19T12:23:11Z
2015/2016,2015,C1.25.1,zápis: výsledky,v tom / poprvé u zápisu :: z toho dívky,6595,https://statis.msmt.gov.cz/rocenka/rocenka.asp?kapit=C&tab=C1.25.1&rck=10,2026-05-19T12:23:11Z
2015/2016,2015,C1.25.1,zápis: výsledky,v tom / poprvé u zápisu :: Převedení na jinou školu / celkem,2484,https://statis.msmt.gov.cz/rocenka/rocenka.asp?kapit=C&tab=C1.25.1&rck=10,2026-05-19T12:23:11Z
2015/2016,2015,C1.25.1,zápis: výsledky,v tom / poprvé u zápisu :: z toho dívky,1197,https://statis.msmt.gov.cz/rocenka/rocenka.asp?kapit=C&tab=C1.25.1&rck=10,2026-05-19T12:23:11Z
2015/2016,2015,C1.25.1,zápis: výsledky,v tom / poprvé u zápisu :: S žádostí o odklad docházky / celkem,2094,https://statis.msmt.gov.cz/rocenka/rocenka.asp?kapit=C&tab=C1.25.1&rck=10,2026-05-19T12:23:11Z
2015/2016,2015,C1.25.1,zápis: výsledky,v tom / poprvé u zápisu :: z toho dívky,644,https://statis.msmt.gov.cz/rocenka/rocenka.asp?kapit=C&tab=C1.25.1&rck=10,2026-05-19T12:23:11Z
2015/2016,2015,C1.25.1,zápis: výsledky,v tom / poprvé u zápisu :: Vzdělávání podle § 42 šk. zák. / celkem,0,https://statis.msmt.gov.cz/rocenka/rocenka.asp?kapit=C&tab=C1.25.1&rck=10,2026-05-19T12:23:11Z
2015/2016,2015,C1.25.1,zápis: výsledky,v tom / poprvé u zápisu :: z toho dívky,0,https://statis.msmt.gov.cz/rocenka/rocenka.asp?kapit=C&tab=C1.25.1&rck=10,2026-05-19T12:23:11Z
2015/2016,2015,C1.25.1,zápis: výsledky,v tom / poprvé u zápisu :: Neuzavřený zápis / celkem,126,https://statis.msmt.gov.cz/rocenka/rocenka.asp?kapit=C&tab=C1.25.1&rck=10,2026-05-19T12:23:11Z
2015/2016,2015,C1.25.1,zápis: výsledky,v tom / poprvé u zápisu :: z toho dívky,77,https://statis.msmt.gov.cz/rocenka/rocenka.asp?kapit=C&tab=C1.25.1&rck=10,2026-05-19T12:23:11Z
2015/2016,2015,C1.25.1,zápis: výsledky,v tom / přicházejí po odkladu :: Počet škol,244,https://statis.msmt.gov.cz/rocenka/rocenka.asp?kapit=C&tab=C1.25.1&rck=10,2026-05-19T12:23:11Z
2015/2016,2015,C1.25.1,zápis: výsledky,v tom / přicházejí po odkladu :: Zapisovaní / celkem,3144,https://statis.msmt.gov.cz/rocenka/rocenka.asp?kapit=C&tab=C1.25.1&rck=10,2026-05-19T12:23:11Z
2015/2016,2015,C1.25.1,zápis: výsledky,v tom / přicházejí po odkladu :: z toho dívky,1062,https://statis.msmt.gov.cz/rocenka/rocenka.asp?kapit=C&tab=C1.25.1&rck=10,2026-05-19T12:23:11Z
2015/2016,2015,C1.25.1,zápis: výsledky,v tom / přicházejí po odkladu :: Zapsaní na dané škole / celkem,2821,https://statis.msmt.gov.cz/rocenka/rocenka.asp?kapit=C&tab=C1.25.1&rck=10,2026-05-19T12:23:11Z
2015/2016,2015,C1.25.1,zápis: výsledky,v tom / přicházejí po odkladu :: z toho dívky,945,https://statis.msmt.gov.cz/rocenka/rocenka.asp?kapit=C&tab=C1.25.1&rck=10,2026-05-19T12:23:11Z
2015/2016,2015,C1.25.1,zápis: výsledky,v tom / přicházejí po odkladu :: Převedení na jinou školu / celkem,309,https://statis.msmt.gov.cz/rocenka/rocenka.asp?kapit=C&tab=C1.25.1&rck=10,2026-05-19T12:23:11Z
2015/2016,2015,C1.25.1,zápis: výsledky,v tom / přicházejí po odkladu :: z toho dívky,108,https://statis.msmt.gov.cz/rocenka/rocenka.asp?kapit=C&tab=C1.25.1&rck=10,2026-05-19T12:23:11Z
2015/2016,2015,C1.25.1,zápis: výsledky,v tom / přicházejí po odkladu :: S žádostí o odklad docházky / celkem,1,https://statis.msmt.gov.cz/rocenka/rocenka.asp?kapit=C&tab=C1.25.1&rck=10,2026-05-19T12:23:11Z
2015/2016,2015,C1.25.1,zápis: výsledky,v tom / přicházejí po odkladu :: z toho dívky,1,https://statis.msmt.gov.cz/rocenka/rocenka.asp?kapit=C&tab=C1.25.1&rck=10,2026-05-19T12:23:11Z
2015/2016,2015,C1.25.1,zápis: výsledky,v tom / přicházejí po odkladu :: Vzdělávání podle § 42 šk. zák. / celkem,0,https://statis.msmt.gov.cz/rocenka/rocenka.asp?kapit=C&tab=C1.25.1&rck=10,2026-05-19T12:23:11Z
2015/2016,2015,C1.25.1,zápis: výsledky,v tom / přicházejí po odkladu :: z toho dívky,0,https://statis.msmt.gov.cz/rocenka/rocenka.asp?kapit=C&tab=C1.25.1&rck=10,2026-05-19T12:23:11Z
2015/2016,2015,C1.25.1,zápis: výsledky,v tom / přicházejí po odkladu :: Neuzavřený zápis / celkem,13,https://statis.msmt.gov.cz/rocenka/rocenka.asp?kapit=C&tab=C1.25.1&rck=10,2026-05-19T12:23:11Z
2015/2016,2015,C1.25.1,zápis: výsledky,v tom / přicházejí po odkladu :: z toho dívky,8,https://statis.msmt.gov.cz/rocenka/rocenka.asp?kapit=C&tab=C1.25.1&rck=10,2026-05-19T12:23:11Z
2016/2017,2016,C1.25.1,zápis: výsledky,(celkem) :: Počet škol,253,https://statis.msmt.gov.cz/rocenka/rocenka.asp?kapit=C&tab=C1.25.1&rck=11,2026-05-19T12:23:11Z
2016/2017,2016,C1.25.1,zápis: výsledky,(celkem) :: Zapisovaní / celkem,21555,https://statis.msmt.gov.cz/rocenka/rocenka.asp?kapit=C&tab=C1.25.1&rck=11,2026-05-19T12:23:11Z
2016/2017,2016,C1.25.1,zápis: výsledky,(celkem) :: z toho dívky,9883,https://statis.msmt.gov.cz/rocenka/rocenka.asp?kapit=C&tab=C1.25.1&rck=11,2026-05-19T12:23:11Z
2016/2017,2016,C1.25.1,zápis: výsledky,(celkem) :: Zapsaní na dané škole / celkem,16106,https://statis.msmt.gov.cz/rocenka/rocenka.asp?kapit=C&tab=C1.25.1&rck=11,2026-05-19T12:23:11Z
2016/2017,2016,C1.25.1,zápis: výsledky,(celkem) :: z toho dívky,7624,https://statis.msmt.gov.cz/rocenka/rocenka.asp?kapit=C&tab=C1.25.1&rck=11,2026-05-19T12:23:11Z
2016/2017,2016,C1.25.1,zápis: výsledky,(celkem) :: Převedení na jinou školu / celkem,3183,https://statis.msmt.gov.cz/rocenka/rocenka.asp?kapit=C&tab=C1.25.1&rck=11,2026-05-19T12:23:11Z
2016/2017,2016,C1.25.1,zápis: výsledky,(celkem) :: z toho dívky,1482,https://statis.msmt.gov.cz/rocenka/rocenka.asp?kapit=C&tab=C1.25.1&rck=11,2026-05-19T12:23:11Z
2016/2017,2016,C1.25.1,zápis: výsledky,(celkem) :: S žádostí o odklad docházky / celkem,2084,https://statis.msmt.gov.cz/rocenka/rocenka.asp?kapit=C&tab=C1.25.1&rck=11,2026-05-19T12:23:11Z
2016/2017,2016,C1.25.1,zápis: výsledky,(celkem) :: z toho dívky,676,https://statis.msmt.gov.cz/rocenka/rocenka.asp?kapit=C&tab=C1.25.1&rck=11,2026-05-19T12:23:11Z
2016/2017,2016,C1.25.1,zápis: výsledky,(celkem) :: Vzdělávání podle § 42 šk. zák. / celkem,0,https://statis.msmt.gov.cz/rocenka/rocenka.asp?kapit=C&tab=C1.25.1&rck=11,2026-05-19T12:23:11Z
2016/2017,2016,C1.25.1,zápis: výsledky,(celkem) :: z toho dívky,0,https://statis.msmt.gov.cz/rocenka/rocenka.asp?kapit=C&tab=C1.25.1&rck=11,2026-05-19T12:23:11Z
2016/2017,2016,C1.25.1,zápis: výsledky,(celkem) :: Neuzavřený zápis / celkem,182,https://statis.msmt.gov.cz/rocenka/rocenka.asp?kapit=C&tab=C1.25.1&rck=11,2026-05-19T12:23:11Z
2016/2017,2016,C1.25.1,zápis: výsledky,(celkem) :: z toho dívky,101,https://statis.msmt.gov.cz/rocenka/rocenka.asp?kapit=C&tab=C1.25.1&rck=11,2026-05-19T12:23:11Z
2016/2017,2016,C1.25.1,zápis: výsledky,v tom / poprvé u zápisu :: Počet škol,250,https://statis.msmt.gov.cz/rocenka/rocenka.asp?kapit=C&tab=C1.25.1&rck=11,2026-05-19T12:23:11Z
2016/2017,2016,C1.25.1,zápis: výsledky,v tom / poprvé u zápisu :: Zapisovaní / celkem,18184,https://statis.msmt.gov.cz/rocenka/rocenka.asp?kapit=C&tab=C1.25.1&rck=11,2026-05-19T12:23:11Z
2016/2017,2016,C1.25.1,zápis: výsledky,v tom / poprvé u zápisu :: z toho dívky,8830,https://statis.msmt.gov.cz/rocenka/rocenka.asp?kapit=C&tab=C1.25.1&rck=11,2026-05-19T12:23:11Z
2016/2017,2016,C1.25.1,zápis: výsledky,v tom / poprvé u zápisu :: Zapsaní na dané škole / celkem,13144,https://statis.msmt.gov.cz/rocenka/rocenka.asp?kapit=C&tab=C1.25.1&rck=11,2026-05-19T12:23:11Z
2016/2017,2016,C1.25.1,zápis: výsledky,v tom / poprvé u zápisu :: z toho dívky,6680,https://statis.msmt.gov.cz/rocenka/rocenka.asp?kapit=C&tab=C1.25.1&rck=11,2026-05-19T12:23:11Z
2016/2017,2016,C1.25.1,zápis: výsledky,v tom / poprvé u zápisu :: Převedení na jinou školu / celkem,2802,https://statis.msmt.gov.cz/rocenka/rocenka.asp?kapit=C&tab=C1.25.1&rck=11,2026-05-19T12:23:11Z
2016/2017,2016,C1.25.1,zápis: výsledky,v tom / poprvé u zápisu :: z toho dívky,1380,https://statis.msmt.gov.cz/rocenka/rocenka.asp?kapit=C&tab=C1.25.1&rck=11,2026-05-19T12:23:11Z
2016/2017,2016,C1.25.1,zápis: výsledky,v tom / poprvé u zápisu :: S žádostí o odklad docházky / celkem,2079,https://statis.msmt.gov.cz/rocenka/rocenka.asp?kapit=C&tab=C1.25.1&rck=11,2026-05-19T12:23:11Z
2016/2017,2016,C1.25.1,zápis: výsledky,v tom / poprvé u zápisu :: z toho dívky,676,https://statis.msmt.gov.cz/rocenka/rocenka.asp?kapit=C&tab=C1.25.1&rck=11,2026-05-19T12:23:11Z
2016/2017,2016,C1.25.1,zápis: výsledky,v tom / poprvé u zápisu :: Vzdělávání podle § 42 šk. zák. / celkem,0,https://statis.msmt.gov.cz/rocenka/rocenka.asp?kapit=C&tab=C1.25.1&rck=11,2026-05-19T12:23:11Z
2016/2017,2016,C1.25.1,zápis: výsledky,v tom / poprvé u zápisu :: z toho dívky,0,https://statis.msmt.gov.cz/rocenka/rocenka.asp?kapit=C&tab=C1.25.1&rck=11,2026-05-19T12:23:11Z
2016/2017,2016,C1.25.1,zápis: výsledky,v tom / poprvé u zápisu :: Neuzavřený zápis / celkem,159,https://statis.msmt.gov.cz/rocenka/rocenka.asp?kapit=C&tab=C1.25.1&rck=11,2026-05-19T12:23:11Z
2016/2017,2016,C1.25.1,zápis: výsledky,v tom / poprvé u zápisu :: z toho dívky,94,https://statis.msmt.gov.cz/rocenka/rocenka.asp?kapit=C&tab=C1.25.1&rck=11,2026-05-19T12:23:11Z
2016/2017,2016,C1.25.1,zápis: výsledky,v tom / přicházejí po odkladu :: Počet škol,248,https://statis.msmt.gov.cz/rocenka/rocenka.asp?kapit=C&tab=C1.25.1&rck=11,2026-05-19T12:23:11Z
2016/2017,2016,C1.25.1,zápis: výsledky,v tom / přicházejí po odkladu :: Zapisovaní / celkem,3371,https://statis.msmt.gov.cz/rocenka/rocenka.asp?kapit=C&tab=C1.25.1&rck=11,2026-05-19T12:23:11Z
2016/2017,2016,C1.25.1,zápis: výsledky,v tom / přicházejí po odkladu :: z toho dívky,1053,https://statis.msmt.gov.cz/rocenka/rocenka.asp?kapit=C&tab=C1.25.1&rck=11,2026-05-19T12:23:11Z
2016/2017,2016,C1.25.1,zápis: výsledky,v tom / přicházejí po odkladu :: Zapsaní na dané škole / celkem,2962,https://statis.msmt.gov.cz/rocenka/rocenka.asp?kapit=C&tab=C1.25.1&rck=11,2026-05-19T12:23:11Z
2016/2017,2016,C1.25.1,zápis: výsledky,v tom / přicházejí po odkladu :: z toho dívky,944,https://statis.msmt.gov.cz/rocenka/rocenka.asp?kapit=C&tab=C1.25.1&rck=11,2026-05-19T12:23:11Z
2016/2017,2016,C1.25.1,zápis: výsledky,v tom / přicházejí po odkladu :: Převedení na jinou školu / celkem,381,https://statis.msmt.gov.cz/rocenka/rocenka.asp?kapit=C&tab=C1.25.1&rck=11,2026-05-19T12:23:11Z
2016/2017,2016,C1.25.1,zápis: výsledky,v tom / přicházejí po odkladu :: z toho dívky,102,https://statis.msmt.gov.cz/rocenka/rocenka.asp?kapit=C&tab=C1.25.1&rck=11,2026-05-19T12:23:11Z
2016/2017,2016,C1.25.1,zápis: výsledky,v tom / přicházejí po odkladu :: S žádostí o odklad docházky / celkem,5,https://statis.msmt.gov.cz/rocenka/rocenka.asp?kapit=C&tab=C1.25.1&rck=11,2026-05-19T12:23:11Z
2016/2017,2016,C1.25.1,zápis: výsledky,v tom / přicházejí po odkladu :: z toho dívky,0,https://statis.msmt.gov.cz/rocenka/rocenka.asp?kapit=C&tab=C1.25.1&rck=11,2026-05-19T12:23:11Z
2016/2017,2016,C1.25.1,zápis: výsledky,v tom / přicházejí po odkladu :: Vzdělávání podle § 42 šk. zák. / celkem,0,https://statis.msmt.gov.cz/rocenka/rocenka.asp?kapit=C&tab=C1.25.1&rck=11,2026-05-19T12:23:11Z
2016/2017,2016,C1.25.1,zápis: výsledky,v tom / přicházejí po odkladu :: z toho dívky,0,https://statis.msmt.gov.cz/rocenka/rocenka.asp?kapit=C&tab=C1.25.1&rck=11,2026-05-19T12:23:11Z
2016/2017,2016,C1.25.1,zápis: výsledky,v tom / přicházejí po odkladu :: Neuzavřený zápis / celkem,23,https://statis.msmt.gov.cz/rocenka/rocenka.asp?kapit=C&tab=C1.25.1&rck=11,2026-05-19T12:23:11Z
2016/2017,2016,C1.25.1,zápis: výsledky,v tom / přicházejí po odkladu :: z toho dívky,7,https://statis.msmt.gov.cz/rocenka/rocenka.asp?kapit=C&tab=C1.25.1&rck=11,2026-05-19T12:23:11Z
2017/2018,2017,C1.25.1,zápis: výsledky,(celkem) :: Počet škol,260,https://statis.msmt.gov.cz/rocenka/rocenka.asp?kapit=C&tab=C1.25.1&rck=12,2026-05-19T12:23:11Z
2017/2018,2017,C1.25.1,zápis: výsledky,(celkem) :: Zapisovaní / celkem,21917,https://statis.msmt.gov.cz/rocenka/rocenka.asp?kapit=C&tab=C1.25.1&rck=12,2026-05-19T12:23:11Z
2017/2018,2017,C1.25.1,zápis: výsledky,(celkem) :: z toho dívky,9954,https://statis.msmt.gov.cz/rocenka/rocenka.asp?kapit=C&tab=C1.25.1&rck=12,2026-05-19T12:23:11Z
2017/2018,2017,C1.25.1,zápis: výsledky,(celkem) :: Zapsaní na dané škole / celkem,14704,https://statis.msmt.gov.cz/rocenka/rocenka.asp?kapit=C&tab=C1.25.1&rck=12,2026-05-19T12:23:11Z
2017/2018,2017,C1.25.1,zápis: výsledky,(celkem) :: z toho dívky,6983,https://statis.msmt.gov.cz/rocenka/rocenka.asp?kapit=C&tab=C1.25.1&rck=12,2026-05-19T12:23:11Z
2017/2018,2017,C1.25.1,zápis: výsledky,(celkem) :: Převedení na jinou školu / celkem,4413,https://statis.msmt.gov.cz/rocenka/rocenka.asp?kapit=C&tab=C1.25.1&rck=12,2026-05-19T12:23:11Z
2017/2018,2017,C1.25.1,zápis: výsledky,(celkem) :: z toho dívky,2006,https://statis.msmt.gov.cz/rocenka/rocenka.asp?kapit=C&tab=C1.25.1&rck=12,2026-05-19T12:23:11Z
2017/2018,2017,C1.25.1,zápis: výsledky,(celkem) :: S žádostí o odklad docházky / celkem,2754,https://statis.msmt.gov.cz/rocenka/rocenka.asp?kapit=C&tab=C1.25.1&rck=12,2026-05-19T12:23:11Z
2017/2018,2017,C1.25.1,zápis: výsledky,(celkem) :: z toho dívky,937,https://statis.msmt.gov.cz/rocenka/rocenka.asp?kapit=C&tab=C1.25.1&rck=12,2026-05-19T12:23:11Z
2017/2018,2017,C1.25.1,zápis: výsledky,(celkem) :: Vzdělávání podle § 42 šk. zák. / celkem,1,https://statis.msmt.gov.cz/rocenka/rocenka.asp?kapit=C&tab=C1.25.1&rck=12,2026-05-19T12:23:11Z
2017/2018,2017,C1.25.1,zápis: výsledky,(celkem) :: z toho dívky,1,https://statis.msmt.gov.cz/rocenka/rocenka.asp?kapit=C&tab=C1.25.1&rck=12,2026-05-19T12:23:11Z
2017/2018,2017,C1.25.1,zápis: výsledky,(celkem) :: Neuzavřený zápis / celkem,45,https://statis.msmt.gov.cz/rocenka/rocenka.asp?kapit=C&tab=C1.25.1&rck=12,2026-05-19T12:23:11Z
2017/2018,2017,C1.25.1,zápis: výsledky,(celkem) :: z toho dívky,27,https://statis.msmt.gov.cz/rocenka/rocenka.asp?kapit=C&tab=C1.25.1&rck=12,2026-05-19T12:23:11Z
2017/2018,2017,C1.25.1,zápis: výsledky,v tom / poprvé u zápisu :: Počet škol,256,https://statis.msmt.gov.cz/rocenka/rocenka.asp?kapit=C&tab=C1.25.1&rck=12,2026-05-19T12:23:11Z
2017/2018,2017,C1.25.1,zápis: výsledky,v tom / poprvé u zápisu :: Zapisovaní / celkem,18416,https://statis.msmt.gov.cz/rocenka/rocenka.asp?kapit=C&tab=C1.25.1&rck=12,2026-05-19T12:23:11Z
2017/2018,2017,C1.25.1,zápis: výsledky,v tom / poprvé u zápisu :: z toho dívky,8823,https://statis.msmt.gov.cz/rocenka/rocenka.asp?kapit=C&tab=C1.25.1&rck=12,2026-05-19T12:23:11Z
2017/2018,2017,C1.25.1,zápis: výsledky,v tom / poprvé u zápisu :: Zapsaní na dané škole / celkem,11798,https://statis.msmt.gov.cz/rocenka/rocenka.asp?kapit=C&tab=C1.25.1&rck=12,2026-05-19T12:23:11Z
2017/2018,2017,C1.25.1,zápis: výsledky,v tom / poprvé u zápisu :: z toho dívky,6042,https://statis.msmt.gov.cz/rocenka/rocenka.asp?kapit=C&tab=C1.25.1&rck=12,2026-05-19T12:23:11Z
2017/2018,2017,C1.25.1,zápis: výsledky,v tom / poprvé u zápisu :: Převedení na jinou školu / celkem,3825,https://statis.msmt.gov.cz/rocenka/rocenka.asp?kapit=C&tab=C1.25.1&rck=12,2026-05-19T12:23:11Z
2017/2018,2017,C1.25.1,zápis: výsledky,v tom / poprvé u zápisu :: z toho dívky,1819,https://statis.msmt.gov.cz/rocenka/rocenka.asp?kapit=C&tab=C1.25.1&rck=12,2026-05-19T12:23:11Z
2017/2018,2017,C1.25.1,zápis: výsledky,v tom / poprvé u zápisu :: S žádostí o odklad docházky / celkem,2753,https://statis.msmt.gov.cz/rocenka/rocenka.asp?kapit=C&tab=C1.25.1&rck=12,2026-05-19T12:23:11Z
2017/2018,2017,C1.25.1,zápis: výsledky,v tom / poprvé u zápisu :: z toho dívky,936,https://statis.msmt.gov.cz/rocenka/rocenka.asp?kapit=C&tab=C1.25.1&rck=12,2026-05-19T12:23:11Z
2017/2018,2017,C1.25.1,zápis: výsledky,v tom / poprvé u zápisu :: Vzdělávání podle § 42 šk. zák. / celkem,0,https://statis.msmt.gov.cz/rocenka/rocenka.asp?kapit=C&tab=C1.25.1&rck=12,2026-05-19T12:23:11Z
2017/2018,2017,C1.25.1,zápis: výsledky,v tom / poprvé u zápisu :: z toho dívky,0,https://statis.msmt.gov.cz/rocenka/rocenka.asp?kapit=C&tab=C1.25.1&rck=12,2026-05-19T12:23:11Z
2017/2018,2017,C1.25.1,zápis: výsledky,v tom / poprvé u zápisu :: Neuzavřený zápis / celkem,40,https://statis.msmt.gov.cz/rocenka/rocenka.asp?kapit=C&tab=C1.25.1&rck=12,2026-05-19T12:23:11Z
2017/2018,2017,C1.25.1,zápis: výsledky,v tom / poprvé u zápisu :: z toho dívky,26,https://statis.msmt.gov.cz/rocenka/rocenka.asp?kapit=C&tab=C1.25.1&rck=12,2026-05-19T12:23:11Z
2017/2018,2017,C1.25.1,zápis: výsledky,v tom / přicházejí po odkladu :: Počet škol,256,https://statis.msmt.gov.cz/rocenka/rocenka.asp?kapit=C&tab=C1.25.1&rck=12,2026-05-19T12:23:11Z
2017/2018,2017,C1.25.1,zápis: výsledky,v tom / přicházejí po odkladu :: Zapisovaní / celkem,3501,https://statis.msmt.gov.cz/rocenka/rocenka.asp?kapit=C&tab=C1.25.1&rck=12,2026-05-19T12:23:11Z
2017/2018,2017,C1.25.1,zápis: výsledky,v tom / přicházejí po odkladu :: z toho dívky,1131,https://statis.msmt.gov.cz/rocenka/rocenka.asp?kapit=C&tab=C1.25.1&rck=12,2026-05-19T12:23:11Z
2017/2018,2017,C1.25.1,zápis: výsledky,v tom / přicházejí po odkladu :: Zapsaní na dané škole / celkem,2906,https://statis.msmt.gov.cz/rocenka/rocenka.asp?kapit=C&tab=C1.25.1&rck=12,2026-05-19T12:23:11Z
2017/2018,2017,C1.25.1,zápis: výsledky,v tom / přicházejí po odkladu :: z toho dívky,941,https://statis.msmt.gov.cz/rocenka/rocenka.asp?kapit=C&tab=C1.25.1&rck=12,2026-05-19T12:23:11Z
2017/2018,2017,C1.25.1,zápis: výsledky,v tom / přicházejí po odkladu :: Převedení na jinou školu / celkem,588,https://statis.msmt.gov.cz/rocenka/rocenka.asp?kapit=C&tab=C1.25.1&rck=12,2026-05-19T12:23:11Z
2017/2018,2017,C1.25.1,zápis: výsledky,v tom / přicházejí po odkladu :: z toho dívky,187,https://statis.msmt.gov.cz/rocenka/rocenka.asp?kapit=C&tab=C1.25.1&rck=12,2026-05-19T12:23:11Z
2017/2018,2017,C1.25.1,zápis: výsledky,v tom / přicházejí po odkladu :: S žádostí o odklad docházky / celkem,1,https://statis.msmt.gov.cz/rocenka/rocenka.asp?kapit=C&tab=C1.25.1&rck=12,2026-05-19T12:23:11Z
2017/2018,2017,C1.25.1,zápis: výsledky,v tom / přicházejí po odkladu :: z toho dívky,1,https://statis.msmt.gov.cz/rocenka/rocenka.asp?kapit=C&tab=C1.25.1&rck=12,2026-05-19T12:23:11Z
2017/2018,2017,C1.25.1,zápis: výsledky,v tom / přicházejí po odkladu :: Vzdělávání podle § 42 šk. zák. / celkem,1,https://statis.msmt.gov.cz/rocenka/rocenka.asp?kapit=C&tab=C1.25.1&rck=12,2026-05-19T12:23:11Z
2017/2018,2017,C1.25.1,zápis: výsledky,v tom / přicházejí po odkladu :: z toho dívky,1,https://statis.msmt.gov.cz/rocenka/rocenka.asp?kapit=C&tab=C1.25.1&rck=12,2026-05-19T12:23:11Z
2017/2018,2017,C1.25.1,zápis: výsledky,v tom / přicházejí po odkladu :: Neuzavřený zápis / celkem,5,https://statis.msmt.gov.cz/rocenka/rocenka.asp?kapit=C&tab=C1.25.1&rck=12,2026-05-19T12:23:11Z
2017/2018,2017,C1.25.1,zápis: výsledky,v tom / přicházejí po odkladu :: z toho dívky,1,https://statis.msmt.gov.cz/rocenka/rocenka.asp?kapit=C&tab=C1.25.1&rck=12,2026-05-19T12:23:11Z
2018/2019,2018,C1.25.1,zápis: výsledky,(celkem) :: Počet škol,263,https://statis.msmt.gov.cz/rocenka/rocenka.asp?kapit=C&tab=C1.25.1&rck=13,2026-05-19T12:23:11Z
2018/2019,2018,C1.25.1,zápis: výsledky,(celkem) :: Zapisovaní / celkem,21903,https://statis.msmt.gov.cz/rocenka/rocenka.asp?kapit=C&tab=C1.25.1&rck=13,2026-05-19T12:23:11Z
2018/2019,2018,C1.25.1,zápis: výsledky,(celkem) :: z toho dívky,10272,https://statis.msmt.gov.cz/rocenka/rocenka.asp?kapit=C&tab=C1.25.1&rck=13,2026-05-19T12:23:11Z
2018/2019,2018,C1.25.1,zápis: výsledky,(celkem) :: Zapsaní na dané škole / celkem,14744,https://statis.msmt.gov.cz/rocenka/rocenka.asp?kapit=C&tab=C1.25.1&rck=13,2026-05-19T12:23:11Z
2018/2019,2018,C1.25.1,zápis: výsledky,(celkem) :: z toho dívky,7180,https://statis.msmt.gov.cz/rocenka/rocenka.asp?kapit=C&tab=C1.25.1&rck=13,2026-05-19T12:23:11Z
2018/2019,2018,C1.25.1,zápis: výsledky,(celkem) :: Převedení na jinou školu / celkem,4231,https://statis.msmt.gov.cz/rocenka/rocenka.asp?kapit=C&tab=C1.25.1&rck=13,2026-05-19T12:23:11Z
2018/2019,2018,C1.25.1,zápis: výsledky,(celkem) :: z toho dívky,2027,https://statis.msmt.gov.cz/rocenka/rocenka.asp?kapit=C&tab=C1.25.1&rck=13,2026-05-19T12:23:11Z
2018/2019,2018,C1.25.1,zápis: výsledky,(celkem) :: S žádostí o odklad docházky / celkem,2864,https://statis.msmt.gov.cz/rocenka/rocenka.asp?kapit=C&tab=C1.25.1&rck=13,2026-05-19T12:23:11Z
2018/2019,2018,C1.25.1,zápis: výsledky,(celkem) :: z toho dívky,1036,https://statis.msmt.gov.cz/rocenka/rocenka.asp?kapit=C&tab=C1.25.1&rck=13,2026-05-19T12:23:11Z
2018/2019,2018,C1.25.1,zápis: výsledky,(celkem) :: Vzdělávání podle § 42 šk. zák. / celkem,2,https://statis.msmt.gov.cz/rocenka/rocenka.asp?kapit=C&tab=C1.25.1&rck=13,2026-05-19T12:23:11Z
2018/2019,2018,C1.25.1,zápis: výsledky,(celkem) :: z toho dívky,0,https://statis.msmt.gov.cz/rocenka/rocenka.asp?kapit=C&tab=C1.25.1&rck=13,2026-05-19T12:23:11Z
2018/2019,2018,C1.25.1,zápis: výsledky,(celkem) :: Neuzavřený zápis / celkem,62,https://statis.msmt.gov.cz/rocenka/rocenka.asp?kapit=C&tab=C1.25.1&rck=13,2026-05-19T12:23:11Z
2018/2019,2018,C1.25.1,zápis: výsledky,(celkem) :: z toho dívky,29,https://statis.msmt.gov.cz/rocenka/rocenka.asp?kapit=C&tab=C1.25.1&rck=13,2026-05-19T12:23:11Z
2018/2019,2018,C1.25.1,zápis: výsledky,v tom / poprvé u zápisu :: Počet škol,260,https://statis.msmt.gov.cz/rocenka/rocenka.asp?kapit=C&tab=C1.25.1&rck=13,2026-05-19T12:23:11Z
2018/2019,2018,C1.25.1,zápis: výsledky,v tom / poprvé u zápisu :: Zapisovaní / celkem,18319,https://statis.msmt.gov.cz/rocenka/rocenka.asp?kapit=C&tab=C1.25.1&rck=13,2026-05-19T12:23:11Z
2018/2019,2018,C1.25.1,zápis: výsledky,v tom / poprvé u zápisu :: z toho dívky,9035,https://statis.msmt.gov.cz/rocenka/rocenka.asp?kapit=C&tab=C1.25.1&rck=13,2026-05-19T12:23:11Z
2018/2019,2018,C1.25.1,zápis: výsledky,v tom / poprvé u zápisu :: Zapsaní na dané škole / celkem,11878,https://statis.msmt.gov.cz/rocenka/rocenka.asp?kapit=C&tab=C1.25.1&rck=13,2026-05-19T12:23:11Z
2018/2019,2018,C1.25.1,zápis: výsledky,v tom / poprvé u zápisu :: z toho dívky,6174,https://statis.msmt.gov.cz/rocenka/rocenka.asp?kapit=C&tab=C1.25.1&rck=13,2026-05-19T12:23:11Z
2018/2019,2018,C1.25.1,zápis: výsledky,v tom / poprvé u zápisu :: Převedení na jinou školu / celkem,3525,https://statis.msmt.gov.cz/rocenka/rocenka.asp?kapit=C&tab=C1.25.1&rck=13,2026-05-19T12:23:11Z
2018/2019,2018,C1.25.1,zápis: výsledky,v tom / poprvé u zápisu :: z toho dívky,1801,https://statis.msmt.gov.cz/rocenka/rocenka.asp?kapit=C&tab=C1.25.1&rck=13,2026-05-19T12:23:11Z
2018/2019,2018,C1.25.1,zápis: výsledky,v tom / poprvé u zápisu :: S žádostí o odklad docházky / celkem,2860,https://statis.msmt.gov.cz/rocenka/rocenka.asp?kapit=C&tab=C1.25.1&rck=13,2026-05-19T12:23:11Z
2018/2019,2018,C1.25.1,zápis: výsledky,v tom / poprvé u zápisu :: z toho dívky,1034,https://statis.msmt.gov.cz/rocenka/rocenka.asp?kapit=C&tab=C1.25.1&rck=13,2026-05-19T12:23:11Z
2018/2019,2018,C1.25.1,zápis: výsledky,v tom / poprvé u zápisu :: Vzdělávání podle § 42 šk. zák. / celkem,0,https://statis.msmt.gov.cz/rocenka/rocenka.asp?kapit=C&tab=C1.25.1&rck=13,2026-05-19T12:23:11Z
2018/2019,2018,C1.25.1,zápis: výsledky,v tom / poprvé u zápisu :: z toho dívky,0,https://statis.msmt.gov.cz/rocenka/rocenka.asp?kapit=C&tab=C1.25.1&rck=13,2026-05-19T12:23:11Z
2018/2019,2018,C1.25.1,zápis: výsledky,v tom / poprvé u zápisu :: Neuzavřený zápis / celkem,56,https://statis.msmt.gov.cz/rocenka/rocenka.asp?kapit=C&tab=C1.25.1&rck=13,2026-05-19T12:23:11Z
2018/2019,2018,C1.25.1,zápis: výsledky,v tom / poprvé u zápisu :: z toho dívky,26,https://statis.msmt.gov.cz/rocenka/rocenka.asp?kapit=C&tab=C1.25.1&rck=13,2026-05-19T12:23:11Z
2018/2019,2018,C1.25.1,zápis: výsledky,v tom / přicházejí po odkladu :: Počet škol,258,https://statis.msmt.gov.cz/rocenka/rocenka.asp?kapit=C&tab=C1.25.1&rck=13,2026-05-19T12:23:11Z
2018/2019,2018,C1.25.1,zápis: výsledky,v tom / přicházejí po odkladu :: Zapisovaní / celkem,3584,https://statis.msmt.gov.cz/rocenka/rocenka.asp?kapit=C&tab=C1.25.1&rck=13,2026-05-19T12:23:11Z
2018/2019,2018,C1.25.1,zápis: výsledky,v tom / přicházejí po odkladu :: z toho dívky,1237,https://statis.msmt.gov.cz/rocenka/rocenka.asp?kapit=C&tab=C1.25.1&rck=13,2026-05-19T12:23:11Z
2018/2019,2018,C1.25.1,zápis: výsledky,v tom / přicházejí po odkladu :: Zapsaní na dané škole / celkem,2866,https://statis.msmt.gov.cz/rocenka/rocenka.asp?kapit=C&tab=C1.25.1&rck=13,2026-05-19T12:23:11Z
2018/2019,2018,C1.25.1,zápis: výsledky,v tom / přicházejí po odkladu :: z toho dívky,1006,https://statis.msmt.gov.cz/rocenka/rocenka.asp?kapit=C&tab=C1.25.1&rck=13,2026-05-19T12:23:11Z
2018/2019,2018,C1.25.1,zápis: výsledky,v tom / přicházejí po odkladu :: Převedení na jinou školu / celkem,706,https://statis.msmt.gov.cz/rocenka/rocenka.asp?kapit=C&tab=C1.25.1&rck=13,2026-05-19T12:23:11Z
2018/2019,2018,C1.25.1,zápis: výsledky,v tom / přicházejí po odkladu :: z toho dívky,226,https://statis.msmt.gov.cz/rocenka/rocenka.asp?kapit=C&tab=C1.25.1&rck=13,2026-05-19T12:23:11Z
2018/2019,2018,C1.25.1,zápis: výsledky,v tom / přicházejí po odkladu :: S žádostí o odklad docházky / celkem,4,https://statis.msmt.gov.cz/rocenka/rocenka.asp?kapit=C&tab=C1.25.1&rck=13,2026-05-19T12:23:11Z
2018/2019,2018,C1.25.1,zápis: výsledky,v tom / přicházejí po odkladu :: z toho dívky,2,https://statis.msmt.gov.cz/rocenka/rocenka.asp?kapit=C&tab=C1.25.1&rck=13,2026-05-19T12:23:11Z
2018/2019,2018,C1.25.1,zápis: výsledky,v tom / přicházejí po odkladu :: Vzdělávání podle § 42 šk. zák. / celkem,2,https://statis.msmt.gov.cz/rocenka/rocenka.asp?kapit=C&tab=C1.25.1&rck=13,2026-05-19T12:23:11Z
2018/2019,2018,C1.25.1,zápis: výsledky,v tom / přicházejí po odkladu :: z toho dívky,0,https://statis.msmt.gov.cz/rocenka/rocenka.asp?kapit=C&tab=C1.25.1&rck=13,2026-05-19T12:23:11Z
2018/2019,2018,C1.25.1,zápis: výsledky,v tom / přicházejí po odkladu :: Neuzavřený zápis / celkem,6,https://statis.msmt.gov.cz/rocenka/rocenka.asp?kapit=C&tab=C1.25.1&rck=13,2026-05-19T12:23:11Z
2018/2019,2018,C1.25.1,zápis: výsledky,v tom / přicházejí po odkladu :: z toho dívky,3,https://statis.msmt.gov.cz/rocenka/rocenka.asp?kapit=C&tab=C1.25.1&rck=13,2026-05-19T12:23:11Z
2019/2020,2019,C1.25.1,zápis: výsledky,(celkem) :: Počet škol,270,https://statis.msmt.gov.cz/rocenka/rocenka.asp?kapit=C&tab=C1.25.1&rck=14,2026-05-19T12:23:11Z
2019/2020,2019,C1.25.1,zápis: výsledky,(celkem) :: Zapisovaní / celkem,21773,https://statis.msmt.gov.cz/rocenka/rocenka.asp?kapit=C&tab=C1.25.1&rck=14,2026-05-19T12:23:11Z
2019/2020,2019,C1.25.1,zápis: výsledky,(celkem) :: z toho dívky,10117,https://statis.msmt.gov.cz/rocenka/rocenka.asp?kapit=C&tab=C1.25.1&rck=14,2026-05-19T12:23:11Z
2019/2020,2019,C1.25.1,zápis: výsledky,(celkem) :: Zapsaní na dané škole / celkem,14554,https://statis.msmt.gov.cz/rocenka/rocenka.asp?kapit=C&tab=C1.25.1&rck=14,2026-05-19T12:23:11Z
2019/2020,2019,C1.25.1,zápis: výsledky,(celkem) :: z toho dívky,7086,https://statis.msmt.gov.cz/rocenka/rocenka.asp?kapit=C&tab=C1.25.1&rck=14,2026-05-19T12:23:11Z
2019/2020,2019,C1.25.1,zápis: výsledky,(celkem) :: Převedení na jinou školu / celkem,4160,https://statis.msmt.gov.cz/rocenka/rocenka.asp?kapit=C&tab=C1.25.1&rck=14,2026-05-19T12:23:11Z
2019/2020,2019,C1.25.1,zápis: výsledky,(celkem) :: z toho dívky,2021,https://statis.msmt.gov.cz/rocenka/rocenka.asp?kapit=C&tab=C1.25.1&rck=14,2026-05-19T12:23:11Z
2019/2020,2019,C1.25.1,zápis: výsledky,(celkem) :: S žádostí o odklad docházky / celkem,3006,https://statis.msmt.gov.cz/rocenka/rocenka.asp?kapit=C&tab=C1.25.1&rck=14,2026-05-19T12:23:11Z
2019/2020,2019,C1.25.1,zápis: výsledky,(celkem) :: z toho dívky,979,https://statis.msmt.gov.cz/rocenka/rocenka.asp?kapit=C&tab=C1.25.1&rck=14,2026-05-19T12:23:11Z
2019/2020,2019,C1.25.1,zápis: výsledky,(celkem) :: Vzdělávání podle § 42 šk. zák. / celkem,0,https://statis.msmt.gov.cz/rocenka/rocenka.asp?kapit=C&tab=C1.25.1&rck=14,2026-05-19T12:23:11Z
2019/2020,2019,C1.25.1,zápis: výsledky,(celkem) :: z toho dívky,0,https://statis.msmt.gov.cz/rocenka/rocenka.asp?kapit=C&tab=C1.25.1&rck=14,2026-05-19T12:23:11Z
2019/2020,2019,C1.25.1,zápis: výsledky,(celkem) :: Neuzavřený zápis / celkem,53,https://statis.msmt.gov.cz/rocenka/rocenka.asp?kapit=C&tab=C1.25.1&rck=14,2026-05-19T12:23:11Z
2019/2020,2019,C1.25.1,zápis: výsledky,(celkem) :: z toho dívky,31,https://statis.msmt.gov.cz/rocenka/rocenka.asp?kapit=C&tab=C1.25.1&rck=14,2026-05-19T12:23:11Z
2019/2020,2019,C1.25.1,zápis: výsledky,v tom / poprvé u zápisu :: Počet škol,266,https://statis.msmt.gov.cz/rocenka/rocenka.asp?kapit=C&tab=C1.25.1&rck=14,2026-05-19T12:23:11Z
2019/2020,2019,C1.25.1,zápis: výsledky,v tom / poprvé u zápisu :: Zapisovaní / celkem,18012,https://statis.msmt.gov.cz/rocenka/rocenka.asp?kapit=C&tab=C1.25.1&rck=14,2026-05-19T12:23:11Z
2019/2020,2019,C1.25.1,zápis: výsledky,v tom / poprvé u zápisu :: z toho dívky,8786,https://statis.msmt.gov.cz/rocenka/rocenka.asp?kapit=C&tab=C1.25.1&rck=14,2026-05-19T12:23:11Z
2019/2020,2019,C1.25.1,zápis: výsledky,v tom / poprvé u zápisu :: Zapsaní na dané škole / celkem,11539,https://statis.msmt.gov.cz/rocenka/rocenka.asp?kapit=C&tab=C1.25.1&rck=14,2026-05-19T12:23:11Z
2019/2020,2019,C1.25.1,zápis: výsledky,v tom / poprvé u zápisu :: z toho dívky,6011,https://statis.msmt.gov.cz/rocenka/rocenka.asp?kapit=C&tab=C1.25.1&rck=14,2026-05-19T12:23:11Z
2019/2020,2019,C1.25.1,zápis: výsledky,v tom / poprvé u zápisu :: Převedení na jinou školu / celkem,3427,https://statis.msmt.gov.cz/rocenka/rocenka.asp?kapit=C&tab=C1.25.1&rck=14,2026-05-19T12:23:11Z
2019/2020,2019,C1.25.1,zápis: výsledky,v tom / poprvé u zápisu :: z toho dívky,1770,https://statis.msmt.gov.cz/rocenka/rocenka.asp?kapit=C&tab=C1.25.1&rck=14,2026-05-19T12:23:11Z
2019/2020,2019,C1.25.1,zápis: výsledky,v tom / poprvé u zápisu :: S žádostí o odklad docházky / celkem,3002,https://statis.msmt.gov.cz/rocenka/rocenka.asp?kapit=C&tab=C1.25.1&rck=14,2026-05-19T12:23:11Z
2019/2020,2019,C1.25.1,zápis: výsledky,v tom / poprvé u zápisu :: z toho dívky,977,https://statis.msmt.gov.cz/rocenka/rocenka.asp?kapit=C&tab=C1.25.1&rck=14,2026-05-19T12:23:11Z
2019/2020,2019,C1.25.1,zápis: výsledky,v tom / poprvé u zápisu :: Vzdělávání podle § 42 šk. zák. / celkem,0,https://statis.msmt.gov.cz/rocenka/rocenka.asp?kapit=C&tab=C1.25.1&rck=14,2026-05-19T12:23:11Z
2019/2020,2019,C1.25.1,zápis: výsledky,v tom / poprvé u zápisu :: z toho dívky,0,https://statis.msmt.gov.cz/rocenka/rocenka.asp?kapit=C&tab=C1.25.1&rck=14,2026-05-19T12:23:11Z
2019/2020,2019,C1.25.1,zápis: výsledky,v tom / poprvé u zápisu :: Neuzavřený zápis / celkem,44,https://statis.msmt.gov.cz/rocenka/rocenka.asp?kapit=C&tab=C1.25.1&rck=14,2026-05-19T12:23:11Z
2019/2020,2019,C1.25.1,zápis: výsledky,v tom / poprvé u zápisu :: z toho dívky,28,https://statis.msmt.gov.cz/rocenka/rocenka.asp?kapit=C&tab=C1.25.1&rck=14,2026-05-19T12:23:11Z
2019/2020,2019,C1.25.1,zápis: výsledky,v tom / přicházejí po odkladu :: Počet škol,262,https://statis.msmt.gov.cz/rocenka/rocenka.asp?kapit=C&tab=C1.25.1&rck=14,2026-05-19T12:23:11Z
2019/2020,2019,C1.25.1,zápis: výsledky,v tom / přicházejí po odkladu :: Zapisovaní / celkem,3761,https://statis.msmt.gov.cz/rocenka/rocenka.asp?kapit=C&tab=C1.25.1&rck=14,2026-05-19T12:23:11Z
2019/2020,2019,C1.25.1,zápis: výsledky,v tom / přicházejí po odkladu :: z toho dívky,1331,https://statis.msmt.gov.cz/rocenka/rocenka.asp?kapit=C&tab=C1.25.1&rck=14,2026-05-19T12:23:11Z
2019/2020,2019,C1.25.1,zápis: výsledky,v tom / přicházejí po odkladu :: Zapsaní na dané škole / celkem,3015,https://statis.msmt.gov.cz/rocenka/rocenka.asp?kapit=C&tab=C1.25.1&rck=14,2026-05-19T12:23:11Z
2019/2020,2019,C1.25.1,zápis: výsledky,v tom / přicházejí po odkladu :: z toho dívky,1075,https://statis.msmt.gov.cz/rocenka/rocenka.asp?kapit=C&tab=C1.25.1&rck=14,2026-05-19T12:23:11Z
2019/2020,2019,C1.25.1,zápis: výsledky,v tom / přicházejí po odkladu :: Převedení na jinou školu / celkem,733,https://statis.msmt.gov.cz/rocenka/rocenka.asp?kapit=C&tab=C1.25.1&rck=14,2026-05-19T12:23:11Z
2019/2020,2019,C1.25.1,zápis: výsledky,v tom / přicházejí po odkladu :: z toho dívky,251,https://statis.msmt.gov.cz/rocenka/rocenka.asp?kapit=C&tab=C1.25.1&rck=14,2026-05-19T12:23:11Z
2019/2020,2019,C1.25.1,zápis: výsledky,v tom / přicházejí po odkladu :: S žádostí o odklad docházky / celkem,4,https://statis.msmt.gov.cz/rocenka/rocenka.asp?kapit=C&tab=C1.25.1&rck=14,2026-05-19T12:23:11Z
2019/2020,2019,C1.25.1,zápis: výsledky,v tom / přicházejí po odkladu :: z toho dívky,2,https://statis.msmt.gov.cz/rocenka/rocenka.asp?kapit=C&tab=C1.25.1&rck=14,2026-05-19T12:23:11Z
2019/2020,2019,C1.25.1,zápis: výsledky,v tom / přicházejí po odkladu :: Vzdělávání podle § 42 šk. zák. / celkem,0,https://statis.msmt.gov.cz/rocenka/rocenka.asp?kapit=C&tab=C1.25.1&rck=14,2026-05-19T12:23:11Z
2019/2020,2019,C1.25.1,zápis: výsledky,v tom / přicházejí po odkladu :: z toho dívky,0,https://statis.msmt.gov.cz/rocenka/rocenka.asp?kapit=C&tab=C1.25.1&rck=14,2026-05-19T12:23:11Z
2019/2020,2019,C1.25.1,zápis: výsledky,v tom / přicházejí po odkladu :: Neuzavřený zápis / celkem,9,https://statis.msmt.gov.cz/rocenka/rocenka.asp?kapit=C&tab=C1.25.1&rck=14,2026-05-19T12:23:11Z
2019/2020,2019,C1.25.1,zápis: výsledky,v tom / přicházejí po odkladu :: z toho dívky,3,https://statis.msmt.gov.cz/rocenka/rocenka.asp?kapit=C&tab=C1.25.1&rck=14,2026-05-19T12:23:11Z
2020/2021,2020,C1.25.1,zápis: výsledky,(celkem) :: Počet škol,275,https://statis.msmt.gov.cz/rocenka/rocenka.asp?kapit=C&tab=C1.25.1&rck=15,2026-05-19T12:23:11Z
2020/2021,2020,C1.25.1,zápis: výsledky,(celkem) :: Zapisovaní / celkem,21786,https://statis.msmt.gov.cz/rocenka/rocenka.asp?kapit=C&tab=C1.25.1&rck=15,2026-05-19T12:23:11Z
2020/2021,2020,C1.25.1,zápis: výsledky,(celkem) :: z toho dívky,9926,https://statis.msmt.gov.cz/rocenka/rocenka.asp?kapit=C&tab=C1.25.1&rck=15,2026-05-19T12:23:11Z
2020/2021,2020,C1.25.1,zápis: výsledky,(celkem) :: Zapsaní na dané škole / celkem,14783,https://statis.msmt.gov.cz/rocenka/rocenka.asp?kapit=C&tab=C1.25.1&rck=15,2026-05-19T12:23:11Z
2020/2021,2020,C1.25.1,zápis: výsledky,(celkem) :: z toho dívky,7061,https://statis.msmt.gov.cz/rocenka/rocenka.asp?kapit=C&tab=C1.25.1&rck=15,2026-05-19T12:23:11Z
2020/2021,2020,C1.25.1,zápis: výsledky,(celkem) :: Převedení na jinou školu / celkem,4193,https://statis.msmt.gov.cz/rocenka/rocenka.asp?kapit=C&tab=C1.25.1&rck=15,2026-05-19T12:23:11Z
2020/2021,2020,C1.25.1,zápis: výsledky,(celkem) :: z toho dívky,1929,https://statis.msmt.gov.cz/rocenka/rocenka.asp?kapit=C&tab=C1.25.1&rck=15,2026-05-19T12:23:11Z
2020/2021,2020,C1.25.1,zápis: výsledky,(celkem) :: S žádostí o odklad docházky / celkem,2735,https://statis.msmt.gov.cz/rocenka/rocenka.asp?kapit=C&tab=C1.25.1&rck=15,2026-05-19T12:23:11Z
2020/2021,2020,C1.25.1,zápis: výsledky,(celkem) :: z toho dívky,901,https://statis.msmt.gov.cz/rocenka/rocenka.asp?kapit=C&tab=C1.25.1&rck=15,2026-05-19T12:23:11Z
2020/2021,2020,C1.25.1,zápis: výsledky,(celkem) :: Vzdělávání podle § 42 šk. zák. / celkem,0,https://statis.msmt.gov.cz/rocenka/rocenka.asp?kapit=C&tab=C1.25.1&rck=15,2026-05-19T12:23:11Z
2020/2021,2020,C1.25.1,zápis: výsledky,(celkem) :: z toho dívky,0,https://statis.msmt.gov.cz/rocenka/rocenka.asp?kapit=C&tab=C1.25.1&rck=15,2026-05-19T12:23:11Z
2020/2021,2020,C1.25.1,zápis: výsledky,(celkem) :: Neuzavřený zápis / celkem,75,https://statis.msmt.gov.cz/rocenka/rocenka.asp?kapit=C&tab=C1.25.1&rck=15,2026-05-19T12:23:11Z
2020/2021,2020,C1.25.1,zápis: výsledky,(celkem) :: z toho dívky,35,https://statis.msmt.gov.cz/rocenka/rocenka.asp?kapit=C&tab=C1.25.1&rck=15,2026-05-19T12:23:11Z
2020/2021,2020,C1.25.1,zápis: výsledky,v tom / poprvé u zápisu :: Počet škol,270,https://statis.msmt.gov.cz/rocenka/rocenka.asp?kapit=C&tab=C1.25.1&rck=15,2026-05-19T12:23:11Z
2020/2021,2020,C1.25.1,zápis: výsledky,v tom / poprvé u zápisu :: Zapisovaní / celkem,17882,https://statis.msmt.gov.cz/rocenka/rocenka.asp?kapit=C&tab=C1.25.1&rck=15,2026-05-19T12:23:11Z
2020/2021,2020,C1.25.1,zápis: výsledky,v tom / poprvé u zápisu :: z toho dívky,8616,https://statis.msmt.gov.cz/rocenka/rocenka.asp?kapit=C&tab=C1.25.1&rck=15,2026-05-19T12:23:11Z
2020/2021,2020,C1.25.1,zápis: výsledky,v tom / poprvé u zápisu :: Zapsaní na dané škole / celkem,11667,https://statis.msmt.gov.cz/rocenka/rocenka.asp?kapit=C&tab=C1.25.1&rck=15,2026-05-19T12:23:11Z
2020/2021,2020,C1.25.1,zápis: výsledky,v tom / poprvé u zápisu :: z toho dívky,6025,https://statis.msmt.gov.cz/rocenka/rocenka.asp?kapit=C&tab=C1.25.1&rck=15,2026-05-19T12:23:11Z
2020/2021,2020,C1.25.1,zápis: výsledky,v tom / poprvé u zápisu :: Převedení na jinou školu / celkem,3417,https://statis.msmt.gov.cz/rocenka/rocenka.asp?kapit=C&tab=C1.25.1&rck=15,2026-05-19T12:23:11Z
2020/2021,2020,C1.25.1,zápis: výsledky,v tom / poprvé u zápisu :: z toho dívky,1660,https://statis.msmt.gov.cz/rocenka/rocenka.asp?kapit=C&tab=C1.25.1&rck=15,2026-05-19T12:23:11Z
2020/2021,2020,C1.25.1,zápis: výsledky,v tom / poprvé u zápisu :: S žádostí o odklad docházky / celkem,2733,https://statis.msmt.gov.cz/rocenka/rocenka.asp?kapit=C&tab=C1.25.1&rck=15,2026-05-19T12:23:11Z
2020/2021,2020,C1.25.1,zápis: výsledky,v tom / poprvé u zápisu :: z toho dívky,900,https://statis.msmt.gov.cz/rocenka/rocenka.asp?kapit=C&tab=C1.25.1&rck=15,2026-05-19T12:23:11Z
2020/2021,2020,C1.25.1,zápis: výsledky,v tom / poprvé u zápisu :: Vzdělávání podle § 42 šk. zák. / celkem,0,https://statis.msmt.gov.cz/rocenka/rocenka.asp?kapit=C&tab=C1.25.1&rck=15,2026-05-19T12:23:11Z
2020/2021,2020,C1.25.1,zápis: výsledky,v tom / poprvé u zápisu :: z toho dívky,0,https://statis.msmt.gov.cz/rocenka/rocenka.asp?kapit=C&tab=C1.25.1&rck=15,2026-05-19T12:23:11Z
2020/2021,2020,C1.25.1,zápis: výsledky,v tom / poprvé u zápisu :: Neuzavřený zápis / celkem,65,https://statis.msmt.gov.cz/rocenka/rocenka.asp?kapit=C&tab=C1.25.1&rck=15,2026-05-19T12:23:11Z
2020/2021,2020,C1.25.1,zápis: výsledky,v tom / poprvé u zápisu :: z toho dívky,31,https://statis.msmt.gov.cz/rocenka/rocenka.asp?kapit=C&tab=C1.25.1&rck=15,2026-05-19T12:23:11Z
2020/2021,2020,C1.25.1,zápis: výsledky,v tom / přicházejí po odkladu :: Počet škol,266,https://statis.msmt.gov.cz/rocenka/rocenka.asp?kapit=C&tab=C1.25.1&rck=15,2026-05-19T12:23:11Z
2020/2021,2020,C1.25.1,zápis: výsledky,v tom / přicházejí po odkladu :: Zapisovaní / celkem,3904,https://statis.msmt.gov.cz/rocenka/rocenka.asp?kapit=C&tab=C1.25.1&rck=15,2026-05-19T12:23:11Z
2020/2021,2020,C1.25.1,zápis: výsledky,v tom / přicházejí po odkladu :: z toho dívky,1310,https://statis.msmt.gov.cz/rocenka/rocenka.asp?kapit=C&tab=C1.25.1&rck=15,2026-05-19T12:23:11Z
2020/2021,2020,C1.25.1,zápis: výsledky,v tom / přicházejí po odkladu :: Zapsaní na dané škole / celkem,3116,https://statis.msmt.gov.cz/rocenka/rocenka.asp?kapit=C&tab=C1.25.1&rck=15,2026-05-19T12:23:11Z
2020/2021,2020,C1.25.1,zápis: výsledky,v tom / přicházejí po odkladu :: z toho dívky,1036,https://statis.msmt.gov.cz/rocenka/rocenka.asp?kapit=C&tab=C1.25.1&rck=15,2026-05-19T12:23:11Z
2020/2021,2020,C1.25.1,zápis: výsledky,v tom / přicházejí po odkladu :: Převedení na jinou školu / celkem,776,https://statis.msmt.gov.cz/rocenka/rocenka.asp?kapit=C&tab=C1.25.1&rck=15,2026-05-19T12:23:11Z
2020/2021,2020,C1.25.1,zápis: výsledky,v tom / přicházejí po odkladu :: z toho dívky,269,https://statis.msmt.gov.cz/rocenka/rocenka.asp?kapit=C&tab=C1.25.1&rck=15,2026-05-19T12:23:11Z
2020/2021,2020,C1.25.1,zápis: výsledky,v tom / přicházejí po odkladu :: S žádostí o odklad docházky / celkem,2,https://statis.msmt.gov.cz/rocenka/rocenka.asp?kapit=C&tab=C1.25.1&rck=15,2026-05-19T12:23:11Z
2020/2021,2020,C1.25.1,zápis: výsledky,v tom / přicházejí po odkladu :: z toho dívky,1,https://statis.msmt.gov.cz/rocenka/rocenka.asp?kapit=C&tab=C1.25.1&rck=15,2026-05-19T12:23:11Z
2020/2021,2020,C1.25.1,zápis: výsledky,v tom / přicházejí po odkladu :: Vzdělávání podle § 42 šk. zák. / celkem,0,https://statis.msmt.gov.cz/rocenka/rocenka.asp?kapit=C&tab=C1.25.1&rck=15,2026-05-19T12:23:11Z
2020/2021,2020,C1.25.1,zápis: výsledky,v tom / přicházejí po odkladu :: z toho dívky,0,https://statis.msmt.gov.cz/rocenka/rocenka.asp?kapit=C&tab=C1.25.1&rck=15,2026-05-19T12:23:11Z
2020/2021,2020,C1.25.1,zápis: výsledky,v tom / přicházejí po odkladu :: Neuzavřený zápis / celkem,10,https://statis.msmt.gov.cz/rocenka/rocenka.asp?kapit=C&tab=C1.25.1&rck=15,2026-05-19T12:23:11Z
2020/2021,2020,C1.25.1,zápis: výsledky,v tom / přicházejí po odkladu :: z toho dívky,4,https://statis.msmt.gov.cz/rocenka/rocenka.asp?kapit=C&tab=C1.25.1&rck=15,2026-05-19T12:23:11Z
2021/2022,2021,C1.25.1,zápis: výsledky,(celkem) :: Počet škol,276,https://statis.msmt.gov.cz/rocenka/rocenka.asp?kapit=C&tab=C1.25.1&rck=16,2026-05-19T12:23:11Z
2021/2022,2021,C1.25.1,zápis: výsledky,(celkem) :: Zapisované děti / celkem,22088,https://statis.msmt.gov.cz/rocenka/rocenka.asp?kapit=C&tab=C1.25.1&rck=16,2026-05-19T12:23:11Z
2021/2022,2021,C1.25.1,zápis: výsledky,(celkem) :: z toho dívky,9960,https://statis.msmt.gov.cz/rocenka/rocenka.asp?kapit=C&tab=C1.25.1&rck=16,2026-05-19T12:23:11Z
2021/2022,2021,C1.25.1,zápis: výsledky,(celkem) :: Zapsané na dané škole / celkem,14419,https://statis.msmt.gov.cz/rocenka/rocenka.asp?kapit=C&tab=C1.25.1&rck=16,2026-05-19T12:23:11Z
2021/2022,2021,C1.25.1,zápis: výsledky,(celkem) :: z toho dívky,6759,https://statis.msmt.gov.cz/rocenka/rocenka.asp?kapit=C&tab=C1.25.1&rck=16,2026-05-19T12:23:11Z
2021/2022,2021,C1.25.1,zápis: výsledky,(celkem) :: Převedené na jinou školu / celkem,4555,https://statis.msmt.gov.cz/rocenka/rocenka.asp?kapit=C&tab=C1.25.1&rck=16,2026-05-19T12:23:11Z
2021/2022,2021,C1.25.1,zápis: výsledky,(celkem) :: z toho dívky,2085,https://statis.msmt.gov.cz/rocenka/rocenka.asp?kapit=C&tab=C1.25.1&rck=16,2026-05-19T12:23:11Z
2021/2022,2021,C1.25.1,zápis: výsledky,(celkem) :: S žádostí o odklad docházky / celkem,3064,https://statis.msmt.gov.cz/rocenka/rocenka.asp?kapit=C&tab=C1.25.1&rck=16,2026-05-19T12:23:11Z
2021/2022,2021,C1.25.1,zápis: výsledky,(celkem) :: z toho dívky,1084,https://statis.msmt.gov.cz/rocenka/rocenka.asp?kapit=C&tab=C1.25.1&rck=16,2026-05-19T12:23:11Z
2021/2022,2021,C1.25.1,zápis: výsledky,(celkem) :: Vzdělávání podle § 42 šk. zák. / celkem,0,https://statis.msmt.gov.cz/rocenka/rocenka.asp?kapit=C&tab=C1.25.1&rck=16,2026-05-19T12:23:11Z
2021/2022,2021,C1.25.1,zápis: výsledky,(celkem) :: z toho dívky,0,https://statis.msmt.gov.cz/rocenka/rocenka.asp?kapit=C&tab=C1.25.1&rck=16,2026-05-19T12:23:11Z
2021/2022,2021,C1.25.1,zápis: výsledky,(celkem) :: Neuzavřený zápis / celkem,50,https://statis.msmt.gov.cz/rocenka/rocenka.asp?kapit=C&tab=C1.25.1&rck=16,2026-05-19T12:23:11Z
2021/2022,2021,C1.25.1,zápis: výsledky,(celkem) :: z toho dívky,32,https://statis.msmt.gov.cz/rocenka/rocenka.asp?kapit=C&tab=C1.25.1&rck=16,2026-05-19T12:23:11Z
2021/2022,2021,C1.25.1,zápis: výsledky,v tom / poprvé u zápisu :: Počet škol,273,https://statis.msmt.gov.cz/rocenka/rocenka.asp?kapit=C&tab=C1.25.1&rck=16,2026-05-19T12:23:11Z
2021/2022,2021,C1.25.1,zápis: výsledky,v tom / poprvé u zápisu :: Zapisované děti / celkem,18392,https://statis.msmt.gov.cz/rocenka/rocenka.asp?kapit=C&tab=C1.25.1&rck=16,2026-05-19T12:23:11Z
2021/2022,2021,C1.25.1,zápis: výsledky,v tom / poprvé u zápisu :: z toho dívky,8749,https://statis.msmt.gov.cz/rocenka/rocenka.asp?kapit=C&tab=C1.25.1&rck=16,2026-05-19T12:23:11Z
2021/2022,2021,C1.25.1,zápis: výsledky,v tom / poprvé u zápisu :: Zapsané na dané škole / celkem,11484,https://statis.msmt.gov.cz/rocenka/rocenka.asp?kapit=C&tab=C1.25.1&rck=16,2026-05-19T12:23:11Z
2021/2022,2021,C1.25.1,zápis: výsledky,v tom / poprvé u zápisu :: z toho dívky,5793,https://statis.msmt.gov.cz/rocenka/rocenka.asp?kapit=C&tab=C1.25.1&rck=16,2026-05-19T12:23:11Z
2021/2022,2021,C1.25.1,zápis: výsledky,v tom / poprvé u zápisu :: Převedené na jinou školu / celkem,3800,https://statis.msmt.gov.cz/rocenka/rocenka.asp?kapit=C&tab=C1.25.1&rck=16,2026-05-19T12:23:11Z
2021/2022,2021,C1.25.1,zápis: výsledky,v tom / poprvé u zápisu :: z toho dívky,1844,https://statis.msmt.gov.cz/rocenka/rocenka.asp?kapit=C&tab=C1.25.1&rck=16,2026-05-19T12:23:11Z
2021/2022,2021,C1.25.1,zápis: výsledky,v tom / poprvé u zápisu :: S žádostí o odklad docházky / celkem,3060,https://statis.msmt.gov.cz/rocenka/rocenka.asp?kapit=C&tab=C1.25.1&rck=16,2026-05-19T12:23:11Z
2021/2022,2021,C1.25.1,zápis: výsledky,v tom / poprvé u zápisu :: z toho dívky,1082,https://statis.msmt.gov.cz/rocenka/rocenka.asp?kapit=C&tab=C1.25.1&rck=16,2026-05-19T12:23:11Z
2021/2022,2021,C1.25.1,zápis: výsledky,v tom / poprvé u zápisu :: Vzdělávání podle § 42 šk. zák. / celkem,0,https://statis.msmt.gov.cz/rocenka/rocenka.asp?kapit=C&tab=C1.25.1&rck=16,2026-05-19T12:23:11Z
2021/2022,2021,C1.25.1,zápis: výsledky,v tom / poprvé u zápisu :: z toho dívky,0,https://statis.msmt.gov.cz/rocenka/rocenka.asp?kapit=C&tab=C1.25.1&rck=16,2026-05-19T12:23:11Z
2021/2022,2021,C1.25.1,zápis: výsledky,v tom / poprvé u zápisu :: Neuzavřený zápis / celkem,48,https://statis.msmt.gov.cz/rocenka/rocenka.asp?kapit=C&tab=C1.25.1&rck=16,2026-05-19T12:23:11Z
2021/2022,2021,C1.25.1,zápis: výsledky,v tom / poprvé u zápisu :: z toho dívky,30,https://statis.msmt.gov.cz/rocenka/rocenka.asp?kapit=C&tab=C1.25.1&rck=16,2026-05-19T12:23:11Z
2021/2022,2021,C1.25.1,zápis: výsledky,v tom / přicházejí po odkladu :: Počet škol,266,https://statis.msmt.gov.cz/rocenka/rocenka.asp?kapit=C&tab=C1.25.1&rck=16,2026-05-19T12:23:11Z
2021/2022,2021,C1.25.1,zápis: výsledky,v tom / přicházejí po odkladu :: Zapisované děti / celkem,3696,https://statis.msmt.gov.cz/rocenka/rocenka.asp?kapit=C&tab=C1.25.1&rck=16,2026-05-19T12:23:11Z
2021/2022,2021,C1.25.1,zápis: výsledky,v tom / přicházejí po odkladu :: z toho dívky,1211,https://statis.msmt.gov.cz/rocenka/rocenka.asp?kapit=C&tab=C1.25.1&rck=16,2026-05-19T12:23:11Z
2021/2022,2021,C1.25.1,zápis: výsledky,v tom / přicházejí po odkladu :: Zapsané na dané škole / celkem,2935,https://statis.msmt.gov.cz/rocenka/rocenka.asp?kapit=C&tab=C1.25.1&rck=16,2026-05-19T12:23:11Z
2021/2022,2021,C1.25.1,zápis: výsledky,v tom / přicházejí po odkladu :: z toho dívky,966,https://statis.msmt.gov.cz/rocenka/rocenka.asp?kapit=C&tab=C1.25.1&rck=16,2026-05-19T12:23:11Z
2021/2022,2021,C1.25.1,zápis: výsledky,v tom / přicházejí po odkladu :: Převedené na jinou školu / celkem,755,https://statis.msmt.gov.cz/rocenka/rocenka.asp?kapit=C&tab=C1.25.1&rck=16,2026-05-19T12:23:11Z
2021/2022,2021,C1.25.1,zápis: výsledky,v tom / přicházejí po odkladu :: z toho dívky,241,https://statis.msmt.gov.cz/rocenka/rocenka.asp?kapit=C&tab=C1.25.1&rck=16,2026-05-19T12:23:11Z
2021/2022,2021,C1.25.1,zápis: výsledky,v tom / přicházejí po odkladu :: S žádostí o odklad docházky / celkem,4,https://statis.msmt.gov.cz/rocenka/rocenka.asp?kapit=C&tab=C1.25.1&rck=16,2026-05-19T12:23:11Z
2021/2022,2021,C1.25.1,zápis: výsledky,v tom / přicházejí po odkladu :: z toho dívky,2,https://statis.msmt.gov.cz/rocenka/rocenka.asp?kapit=C&tab=C1.25.1&rck=16,2026-05-19T12:23:11Z
2021/2022,2021,C1.25.1,zápis: výsledky,v tom / přicházejí po odkladu :: Vzdělávání podle § 42 šk. zák. / celkem,0,https://statis.msmt.gov.cz/rocenka/rocenka.asp?kapit=C&tab=C1.25.1&rck=16,2026-05-19T12:23:11Z
2021/2022,2021,C1.25.1,zápis: výsledky,v tom / přicházejí po odkladu :: z toho dívky,0,https://statis.msmt.gov.cz/rocenka/rocenka.asp?kapit=C&tab=C1.25.1&rck=16,2026-05-19T12:23:11Z
2021/2022,2021,C1.25.1,zápis: výsledky,v tom / přicházejí po odkladu :: Neuzavřený zápis / celkem,2,https://statis.msmt.gov.cz/rocenka/rocenka.asp?kapit=C&tab=C1.25.1&rck=16,2026-05-19T12:23:11Z
2021/2022,2021,C1.25.1,zápis: výsledky,v tom / přicházejí po odkladu :: z toho dívky,2,https://statis.msmt.gov.cz/rocenka/rocenka.asp?kapit=C&tab=C1.25.1&rck=16,2026-05-19T12:23:11Z
2021/2022,2021,C1.25.1,zápis: výsledky,v tom / z toho po dodatečném :: Počet škol,34,https://statis.msmt.gov.cz/rocenka/rocenka.asp?kapit=C&tab=C1.25.1&rck=16,2026-05-19T12:23:11Z
2021/2022,2021,C1.25.1,zápis: výsledky,v tom / z toho po dodatečném :: Zapisované děti / celkem,48,https://statis.msmt.gov.cz/rocenka/rocenka.asp?kapit=C&tab=C1.25.1&rck=16,2026-05-19T12:23:11Z
2021/2022,2021,C1.25.1,zápis: výsledky,v tom / z toho po dodatečném :: z toho dívky,12,https://statis.msmt.gov.cz/rocenka/rocenka.asp?kapit=C&tab=C1.25.1&rck=16,2026-05-19T12:23:11Z
2021/2022,2021,C1.25.1,zápis: výsledky,v tom / z toho po dodatečném :: Zapsané na dané škole / celkem,40,https://statis.msmt.gov.cz/rocenka/rocenka.asp?kapit=C&tab=C1.25.1&rck=16,2026-05-19T12:23:11Z
2021/2022,2021,C1.25.1,zápis: výsledky,v tom / z toho po dodatečném :: z toho dívky,11,https://statis.msmt.gov.cz/rocenka/rocenka.asp?kapit=C&tab=C1.25.1&rck=16,2026-05-19T12:23:11Z
2021/2022,2021,C1.25.1,zápis: výsledky,v tom / z toho po dodatečném :: Převedené na jinou školu / celkem,8,https://statis.msmt.gov.cz/rocenka/rocenka.asp?kapit=C&tab=C1.25.1&rck=16,2026-05-19T12:23:11Z
2021/2022,2021,C1.25.1,zápis: výsledky,v tom / z toho po dodatečném :: z toho dívky,1,https://statis.msmt.gov.cz/rocenka/rocenka.asp?kapit=C&tab=C1.25.1&rck=16,2026-05-19T12:23:11Z
2021/2022,2021,C1.25.1,zápis: výsledky,v tom / z toho po dodatečném :: S žádostí o odklad docházky / celkem,0,https://statis.msmt.gov.cz/rocenka/rocenka.asp?kapit=C&tab=C1.25.1&rck=16,2026-05-19T12:23:11Z
2021/2022,2021,C1.25.1,zápis: výsledky,v tom / z toho po dodatečném :: z toho dívky,0,https://statis.msmt.gov.cz/rocenka/rocenka.asp?kapit=C&tab=C1.25.1&rck=16,2026-05-19T12:23:11Z
2021/2022,2021,C1.25.1,zápis: výsledky,v tom / z toho po dodatečném :: Vzdělávání podle § 42 šk. zák. / celkem,0,https://statis.msmt.gov.cz/rocenka/rocenka.asp?kapit=C&tab=C1.25.1&rck=16,2026-05-19T12:23:11Z
2021/2022,2021,C1.25.1,zápis: výsledky,v tom / z toho po dodatečném :: z toho dívky,0,https://statis.msmt.gov.cz/rocenka/rocenka.asp?kapit=C&tab=C1.25.1&rck=16,2026-05-19T12:23:11Z
2021/2022,2021,C1.25.1,zápis: výsledky,v tom / z toho po dodatečném :: Neuzavřený zápis / celkem,0,https://statis.msmt.gov.cz/rocenka/rocenka.asp?kapit=C&tab=C1.25.1&rck=16,2026-05-19T12:23:11Z
2021/2022,2021,C1.25.1,zápis: výsledky,v tom / z toho po dodatečném :: z toho dívky,0,https://statis.msmt.gov.cz/rocenka/rocenka.asp?kapit=C&tab=C1.25.1&rck=16,2026-05-19T12:23:11Z
2021/2022,2021,C1.25.1,zápis: výsledky,z celku ze spádového obvodu :: Počet škol,195,https://statis.msmt.gov.cz/rocenka/rocenka.asp?kapit=C&tab=C1.25.1&rck=16,2026-05-19T12:23:11Z
2021/2022,2021,C1.25.1,zápis: výsledky,z celku ze spádového obvodu :: Zapisované děti / celkem,12905,https://statis.msmt.gov.cz/rocenka/rocenka.asp?kapit=C&tab=C1.25.1&rck=16,2026-05-19T12:23:11Z
2021/2022,2021,C1.25.1,zápis: výsledky,z celku ze spádového obvodu :: z toho dívky,5903,https://statis.msmt.gov.cz/rocenka/rocenka.asp?kapit=C&tab=C1.25.1&rck=16,2026-05-19T12:23:11Z
2021/2022,2021,C1.25.1,zápis: výsledky,z celku ze spádového obvodu :: Zapsané na dané škole / celkem,9646,https://statis.msmt.gov.cz/rocenka/rocenka.asp?kapit=C&tab=C1.25.1&rck=16,2026-05-19T12:23:11Z
2021/2022,2021,C1.25.1,zápis: výsledky,z celku ze spádového obvodu :: z toho dívky,4600,https://statis.msmt.gov.cz/rocenka/rocenka.asp?kapit=C&tab=C1.25.1&rck=16,2026-05-19T12:23:11Z
2021/2022,2021,C1.25.1,zápis: výsledky,z celku ze spádového obvodu :: Převedené na jinou školu / celkem,1193,https://statis.msmt.gov.cz/rocenka/rocenka.asp?kapit=C&tab=C1.25.1&rck=16,2026-05-19T12:23:11Z
2021/2022,2021,C1.25.1,zápis: výsledky,z celku ze spádového obvodu :: z toho dívky,569,https://statis.msmt.gov.cz/rocenka/rocenka.asp?kapit=C&tab=C1.25.1&rck=16,2026-05-19T12:23:11Z
2021/2022,2021,C1.25.1,zápis: výsledky,z celku ze spádového obvodu :: S žádostí o odklad docházky / celkem,2047,https://statis.msmt.gov.cz/rocenka/rocenka.asp?kapit=C&tab=C1.25.1&rck=16,2026-05-19T12:23:11Z
2021/2022,2021,C1.25.1,zápis: výsledky,z celku ze spádového obvodu :: z toho dívky,720,https://statis.msmt.gov.cz/rocenka/rocenka.asp?kapit=C&tab=C1.25.1&rck=16,2026-05-19T12:23:11Z
2021/2022,2021,C1.25.1,zápis: výsledky,z celku ze spádového obvodu :: Vzdělávání podle § 42 šk. zák. / celkem,0,https://statis.msmt.gov.cz/rocenka/rocenka.asp?kapit=C&tab=C1.25.1&rck=16,2026-05-19T12:23:11Z
2021/2022,2021,C1.25.1,zápis: výsledky,z celku ze spádového obvodu :: z toho dívky,0,https://statis.msmt.gov.cz/rocenka/rocenka.asp?kapit=C&tab=C1.25.1&rck=16,2026-05-19T12:23:11Z
2021/2022,2021,C1.25.1,zápis: výsledky,z celku ze spádového obvodu :: Neuzavřený zápis / celkem,19,https://statis.msmt.gov.cz/rocenka/rocenka.asp?kapit=C&tab=C1.25.1&rck=16,2026-05-19T12:23:11Z
2021/2022,2021,C1.25.1,zápis: výsledky,z celku ze spádového obvodu :: z toho dívky,14,https://statis.msmt.gov.cz/rocenka/rocenka.asp?kapit=C&tab=C1.25.1&rck=16,2026-05-19T12:23:11Z
2022/2023,2022,C1.25.1,zápis: výsledky,(celkem) :: Školy,279,https://statis.msmt.gov.cz/rocenka/rocenka.asp?kapit=C&tab=C1.25.1&rck=17,2026-05-19T12:23:11Z
2022/2023,2022,C1.25.1,zápis: výsledky,(celkem) :: Zapisované děti / celkem,23357,https://statis.msmt.gov.cz/rocenka/rocenka.asp?kapit=C&tab=C1.25.1&rck=17,2026-05-19T12:23:11Z
2022/2023,2022,C1.25.1,zápis: výsledky,(celkem) :: z toho dívky,10722,https://statis.msmt.gov.cz/rocenka/rocenka.asp?kapit=C&tab=C1.25.1&rck=17,2026-05-19T12:23:11Z
2022/2023,2022,C1.25.1,zápis: výsledky,(celkem) :: Zapsané na dané škole / celkem,15278,https://statis.msmt.gov.cz/rocenka/rocenka.asp?kapit=C&tab=C1.25.1&rck=17,2026-05-19T12:23:11Z
2022/2023,2022,C1.25.1,zápis: výsledky,(celkem) :: z toho dívky,7364,https://statis.msmt.gov.cz/rocenka/rocenka.asp?kapit=C&tab=C1.25.1&rck=17,2026-05-19T12:23:11Z
2022/2023,2022,C1.25.1,zápis: výsledky,(celkem) :: Převedené na jinou školu / celkem,5088,https://statis.msmt.gov.cz/rocenka/rocenka.asp?kapit=C&tab=C1.25.1&rck=17,2026-05-19T12:23:11Z
2022/2023,2022,C1.25.1,zápis: výsledky,(celkem) :: z toho dívky,2323,https://statis.msmt.gov.cz/rocenka/rocenka.asp?kapit=C&tab=C1.25.1&rck=17,2026-05-19T12:23:11Z
2022/2023,2022,C1.25.1,zápis: výsledky,(celkem) :: S žádostí o odklad docházky / celkem,2882,https://statis.msmt.gov.cz/rocenka/rocenka.asp?kapit=C&tab=C1.25.1&rck=17,2026-05-19T12:23:11Z
2022/2023,2022,C1.25.1,zápis: výsledky,(celkem) :: z toho dívky,988,https://statis.msmt.gov.cz/rocenka/rocenka.asp?kapit=C&tab=C1.25.1&rck=17,2026-05-19T12:23:11Z
2022/2023,2022,C1.25.1,zápis: výsledky,(celkem) :: Vzdělávání podle § 42 šk. zák. / celkem,1,https://statis.msmt.gov.cz/rocenka/rocenka.asp?kapit=C&tab=C1.25.1&rck=17,2026-05-19T12:23:11Z
2022/2023,2022,C1.25.1,zápis: výsledky,(celkem) :: z toho dívky,0,https://statis.msmt.gov.cz/rocenka/rocenka.asp?kapit=C&tab=C1.25.1&rck=17,2026-05-19T12:23:11Z
2022/2023,2022,C1.25.1,zápis: výsledky,(celkem) :: Neuzavřený zápis / celkem,108,https://statis.msmt.gov.cz/rocenka/rocenka.asp?kapit=C&tab=C1.25.1&rck=17,2026-05-19T12:23:11Z
2022/2023,2022,C1.25.1,zápis: výsledky,(celkem) :: z toho dívky,47,https://statis.msmt.gov.cz/rocenka/rocenka.asp?kapit=C&tab=C1.25.1&rck=17,2026-05-19T12:23:11Z
2022/2023,2022,C1.25.1,zápis: výsledky,v tom / poprvé u zápisu :: Školy,274,https://statis.msmt.gov.cz/rocenka/rocenka.asp?kapit=C&tab=C1.25.1&rck=17,2026-05-19T12:23:11Z
2022/2023,2022,C1.25.1,zápis: výsledky,v tom / poprvé u zápisu :: Zapisované děti / celkem,18982,https://statis.msmt.gov.cz/rocenka/rocenka.asp?kapit=C&tab=C1.25.1&rck=17,2026-05-19T12:23:11Z
2022/2023,2022,C1.25.1,zápis: výsledky,v tom / poprvé u zápisu :: z toho dívky,9215,https://statis.msmt.gov.cz/rocenka/rocenka.asp?kapit=C&tab=C1.25.1&rck=17,2026-05-19T12:23:11Z
2022/2023,2022,C1.25.1,zápis: výsledky,v tom / poprvé u zápisu :: Zapsané na dané škole / celkem,11986,https://statis.msmt.gov.cz/rocenka/rocenka.asp?kapit=C&tab=C1.25.1&rck=17,2026-05-19T12:23:11Z
2022/2023,2022,C1.25.1,zápis: výsledky,v tom / poprvé u zápisu :: z toho dívky,6213,https://statis.msmt.gov.cz/rocenka/rocenka.asp?kapit=C&tab=C1.25.1&rck=17,2026-05-19T12:23:11Z
2022/2023,2022,C1.25.1,zápis: výsledky,v tom / poprvé u zápisu :: Převedené na jinou školu / celkem,4040,https://statis.msmt.gov.cz/rocenka/rocenka.asp?kapit=C&tab=C1.25.1&rck=17,2026-05-19T12:23:11Z
2022/2023,2022,C1.25.1,zápis: výsledky,v tom / poprvé u zápisu :: z toho dívky,1976,https://statis.msmt.gov.cz/rocenka/rocenka.asp?kapit=C&tab=C1.25.1&rck=17,2026-05-19T12:23:11Z
2022/2023,2022,C1.25.1,zápis: výsledky,v tom / poprvé u zápisu :: S žádostí o odklad docházky / celkem,2880,https://statis.msmt.gov.cz/rocenka/rocenka.asp?kapit=C&tab=C1.25.1&rck=17,2026-05-19T12:23:11Z
2022/2023,2022,C1.25.1,zápis: výsledky,v tom / poprvé u zápisu :: z toho dívky,988,https://statis.msmt.gov.cz/rocenka/rocenka.asp?kapit=C&tab=C1.25.1&rck=17,2026-05-19T12:23:11Z
2022/2023,2022,C1.25.1,zápis: výsledky,v tom / poprvé u zápisu :: Vzdělávání podle § 42 šk. zák. / celkem,0,https://statis.msmt.gov.cz/rocenka/rocenka.asp?kapit=C&tab=C1.25.1&rck=17,2026-05-19T12:23:11Z
2022/2023,2022,C1.25.1,zápis: výsledky,v tom / poprvé u zápisu :: z toho dívky,0,https://statis.msmt.gov.cz/rocenka/rocenka.asp?kapit=C&tab=C1.25.1&rck=17,2026-05-19T12:23:11Z
2022/2023,2022,C1.25.1,zápis: výsledky,v tom / poprvé u zápisu :: Neuzavřený zápis / celkem,76,https://statis.msmt.gov.cz/rocenka/rocenka.asp?kapit=C&tab=C1.25.1&rck=17,2026-05-19T12:23:11Z
2022/2023,2022,C1.25.1,zápis: výsledky,v tom / poprvé u zápisu :: z toho dívky,38,https://statis.msmt.gov.cz/rocenka/rocenka.asp?kapit=C&tab=C1.25.1&rck=17,2026-05-19T12:23:11Z
2022/2023,2022,C1.25.1,zápis: výsledky,v tom / přicházejí po odkladu :: Školy,271,https://statis.msmt.gov.cz/rocenka/rocenka.asp?kapit=C&tab=C1.25.1&rck=17,2026-05-19T12:23:11Z
2022/2023,2022,C1.25.1,zápis: výsledky,v tom / přicházejí po odkladu :: Zapisované děti / celkem,4375,https://statis.msmt.gov.cz/rocenka/rocenka.asp?kapit=C&tab=C1.25.1&rck=17,2026-05-19T12:23:11Z
2022/2023,2022,C1.25.1,zápis: výsledky,v tom / přicházejí po odkladu :: z toho dívky,1507,https://statis.msmt.gov.cz/rocenka/rocenka.asp?kapit=C&tab=C1.25.1&rck=17,2026-05-19T12:23:11Z
2022/2023,2022,C1.25.1,zápis: výsledky,v tom / přicházejí po odkladu :: Zapsané na dané škole / celkem,3292,https://statis.msmt.gov.cz/rocenka/rocenka.asp?kapit=C&tab=C1.25.1&rck=17,2026-05-19T12:23:11Z
2022/2023,2022,C1.25.1,zápis: výsledky,v tom / přicházejí po odkladu :: z toho dívky,1151,https://statis.msmt.gov.cz/rocenka/rocenka.asp?kapit=C&tab=C1.25.1&rck=17,2026-05-19T12:23:11Z
2022/2023,2022,C1.25.1,zápis: výsledky,v tom / přicházejí po odkladu :: Převedené na jinou školu / celkem,1048,https://statis.msmt.gov.cz/rocenka/rocenka.asp?kapit=C&tab=C1.25.1&rck=17,2026-05-19T12:23:11Z
2022/2023,2022,C1.25.1,zápis: výsledky,v tom / přicházejí po odkladu :: z toho dívky,347,https://statis.msmt.gov.cz/rocenka/rocenka.asp?kapit=C&tab=C1.25.1&rck=17,2026-05-19T12:23:11Z
2022/2023,2022,C1.25.1,zápis: výsledky,v tom / přicházejí po odkladu :: S žádostí o odklad docházky / celkem,2,https://statis.msmt.gov.cz/rocenka/rocenka.asp?kapit=C&tab=C1.25.1&rck=17,2026-05-19T12:23:11Z
2022/2023,2022,C1.25.1,zápis: výsledky,v tom / přicházejí po odkladu :: z toho dívky,0,https://statis.msmt.gov.cz/rocenka/rocenka.asp?kapit=C&tab=C1.25.1&rck=17,2026-05-19T12:23:11Z
2022/2023,2022,C1.25.1,zápis: výsledky,v tom / přicházejí po odkladu :: Vzdělávání podle § 42 šk. zák. / celkem,1,https://statis.msmt.gov.cz/rocenka/rocenka.asp?kapit=C&tab=C1.25.1&rck=17,2026-05-19T12:23:11Z
2022/2023,2022,C1.25.1,zápis: výsledky,v tom / přicházejí po odkladu :: z toho dívky,0,https://statis.msmt.gov.cz/rocenka/rocenka.asp?kapit=C&tab=C1.25.1&rck=17,2026-05-19T12:23:11Z
2022/2023,2022,C1.25.1,zápis: výsledky,v tom / přicházejí po odkladu :: Neuzavřený zápis / celkem,32,https://statis.msmt.gov.cz/rocenka/rocenka.asp?kapit=C&tab=C1.25.1&rck=17,2026-05-19T12:23:11Z
2022/2023,2022,C1.25.1,zápis: výsledky,v tom / přicházejí po odkladu :: z toho dívky,9,https://statis.msmt.gov.cz/rocenka/rocenka.asp?kapit=C&tab=C1.25.1&rck=17,2026-05-19T12:23:11Z
2022/2023,2022,C1.25.1,zápis: výsledky,v tom / z toho po dodatečném :: Školy,30,https://statis.msmt.gov.cz/rocenka/rocenka.asp?kapit=C&tab=C1.25.1&rck=17,2026-05-19T12:23:11Z
2022/2023,2022,C1.25.1,zápis: výsledky,v tom / z toho po dodatečném :: Zapisované děti / celkem,52,https://statis.msmt.gov.cz/rocenka/rocenka.asp?kapit=C&tab=C1.25.1&rck=17,2026-05-19T12:23:11Z
2022/2023,2022,C1.25.1,zápis: výsledky,v tom / z toho po dodatečném :: z toho dívky,13,https://statis.msmt.gov.cz/rocenka/rocenka.asp?kapit=C&tab=C1.25.1&rck=17,2026-05-19T12:23:11Z
2022/2023,2022,C1.25.1,zápis: výsledky,v tom / z toho po dodatečném :: Zapsané na dané škole / celkem,39,https://statis.msmt.gov.cz/rocenka/rocenka.asp?kapit=C&tab=C1.25.1&rck=17,2026-05-19T12:23:11Z
2022/2023,2022,C1.25.1,zápis: výsledky,v tom / z toho po dodatečném :: z toho dívky,11,https://statis.msmt.gov.cz/rocenka/rocenka.asp?kapit=C&tab=C1.25.1&rck=17,2026-05-19T12:23:11Z
2022/2023,2022,C1.25.1,zápis: výsledky,v tom / z toho po dodatečném :: Převedené na jinou školu / celkem,12,https://statis.msmt.gov.cz/rocenka/rocenka.asp?kapit=C&tab=C1.25.1&rck=17,2026-05-19T12:23:11Z
2022/2023,2022,C1.25.1,zápis: výsledky,v tom / z toho po dodatečném :: z toho dívky,2,https://statis.msmt.gov.cz/rocenka/rocenka.asp?kapit=C&tab=C1.25.1&rck=17,2026-05-19T12:23:11Z
2022/2023,2022,C1.25.1,zápis: výsledky,v tom / z toho po dodatečném :: S žádostí o odklad docházky / celkem,0,https://statis.msmt.gov.cz/rocenka/rocenka.asp?kapit=C&tab=C1.25.1&rck=17,2026-05-19T12:23:11Z
2022/2023,2022,C1.25.1,zápis: výsledky,v tom / z toho po dodatečném :: z toho dívky,0,https://statis.msmt.gov.cz/rocenka/rocenka.asp?kapit=C&tab=C1.25.1&rck=17,2026-05-19T12:23:11Z
2022/2023,2022,C1.25.1,zápis: výsledky,v tom / z toho po dodatečném :: Vzdělávání podle § 42 šk. zák. / celkem,0,https://statis.msmt.gov.cz/rocenka/rocenka.asp?kapit=C&tab=C1.25.1&rck=17,2026-05-19T12:23:11Z
2022/2023,2022,C1.25.1,zápis: výsledky,v tom / z toho po dodatečném :: z toho dívky,0,https://statis.msmt.gov.cz/rocenka/rocenka.asp?kapit=C&tab=C1.25.1&rck=17,2026-05-19T12:23:11Z
2022/2023,2022,C1.25.1,zápis: výsledky,v tom / z toho po dodatečném :: Neuzavřený zápis / celkem,1,https://statis.msmt.gov.cz/rocenka/rocenka.asp?kapit=C&tab=C1.25.1&rck=17,2026-05-19T12:23:11Z
2022/2023,2022,C1.25.1,zápis: výsledky,v tom / z toho po dodatečném :: z toho dívky,0,https://statis.msmt.gov.cz/rocenka/rocenka.asp?kapit=C&tab=C1.25.1&rck=17,2026-05-19T12:23:11Z
2022/2023,2022,C1.25.1,zápis: výsledky,z celku ze spádového obvodu :: Školy,195,https://statis.msmt.gov.cz/rocenka/rocenka.asp?kapit=C&tab=C1.25.1&rck=17,2026-05-19T12:23:11Z
2022/2023,2022,C1.25.1,zápis: výsledky,z celku ze spádového obvodu :: Zapisované děti / celkem,13564,https://statis.msmt.gov.cz/rocenka/rocenka.asp?kapit=C&tab=C1.25.1&rck=17,2026-05-19T12:23:11Z
2022/2023,2022,C1.25.1,zápis: výsledky,z celku ze spádového obvodu :: z toho dívky,6383,https://statis.msmt.gov.cz/rocenka/rocenka.asp?kapit=C&tab=C1.25.1&rck=17,2026-05-19T12:23:11Z
2022/2023,2022,C1.25.1,zápis: výsledky,z celku ze spádového obvodu :: Zapsané na dané škole / celkem,10598,https://statis.msmt.gov.cz/rocenka/rocenka.asp?kapit=C&tab=C1.25.1&rck=17,2026-05-19T12:23:11Z
2022/2023,2022,C1.25.1,zápis: výsledky,z celku ze spádového obvodu :: z toho dívky,5210,https://statis.msmt.gov.cz/rocenka/rocenka.asp?kapit=C&tab=C1.25.1&rck=17,2026-05-19T12:23:11Z
2022/2023,2022,C1.25.1,zápis: výsledky,z celku ze spádového obvodu :: Převedené na jinou školu / celkem,1081,https://statis.msmt.gov.cz/rocenka/rocenka.asp?kapit=C&tab=C1.25.1&rck=17,2026-05-19T12:23:11Z
2022/2023,2022,C1.25.1,zápis: výsledky,z celku ze spádového obvodu :: z toho dívky,515,https://statis.msmt.gov.cz/rocenka/rocenka.asp?kapit=C&tab=C1.25.1&rck=17,2026-05-19T12:23:11Z
2022/2023,2022,C1.25.1,zápis: výsledky,z celku ze spádového obvodu :: S žádostí o odklad docházky / celkem,1860,https://statis.msmt.gov.cz/rocenka/rocenka.asp?kapit=C&tab=C1.25.1&rck=17,2026-05-19T12:23:11Z
2022/2023,2022,C1.25.1,zápis: výsledky,z celku ze spádového obvodu :: z toho dívky,645,https://statis.msmt.gov.cz/rocenka/rocenka.asp?kapit=C&tab=C1.25.1&rck=17,2026-05-19T12:23:11Z
2022/2023,2022,C1.25.1,zápis: výsledky,z celku ze spádového obvodu :: Vzdělávání podle § 42 šk. zák. / celkem,0,https://statis.msmt.gov.cz/rocenka/rocenka.asp?kapit=C&tab=C1.25.1&rck=17,2026-05-19T12:23:11Z
2022/2023,2022,C1.25.1,zápis: výsledky,z celku ze spádového obvodu :: z toho dívky,0,https://statis.msmt.gov.cz/rocenka/rocenka.asp?kapit=C&tab=C1.25.1&rck=17,2026-05-19T12:23:11Z
2022/2023,2022,C1.25.1,zápis: výsledky,z celku ze spádového obvodu :: Neuzavřený zápis / celkem,25,https://statis.msmt.gov.cz/rocenka/rocenka.asp?kapit=C&tab=C1.25.1&rck=17,2026-05-19T12:23:11Z
2022/2023,2022,C1.25.1,zápis: výsledky,z celku ze spádového obvodu :: z toho dívky,13,https://statis.msmt.gov.cz/rocenka/rocenka.asp?kapit=C&tab=C1.25.1&rck=17,2026-05-19T12:23:11Z
2023/2024,2023,C1.25.1,zápis: výsledky,(celkem) :: Školy,282,https://statis.msmt.gov.cz/rocenka/rocenka.asp?kapit=C&tab=C1.25.1&rck=18,2026-05-19T12:23:11Z
2023/2024,2023,C1.25.1,zápis: výsledky,(celkem) :: Zapisované děti / celkem,23785,https://statis.msmt.gov.cz/rocenka/rocenka.asp?kapit=C&tab=C1.25.1&rck=18,2026-05-19T12:23:11Z
2023/2024,2023,C1.25.1,zápis: výsledky,(celkem) :: z toho dívky,10699,https://statis.msmt.gov.cz/rocenka/rocenka.asp?kapit=C&tab=C1.25.1&rck=18,2026-05-19T12:23:11Z
2023/2024,2023,C1.25.1,zápis: výsledky,(celkem) :: Zapsané na dané škole / celkem,15115,https://statis.msmt.gov.cz/rocenka/rocenka.asp?kapit=C&tab=C1.25.1&rck=18,2026-05-19T12:23:11Z
2023/2024,2023,C1.25.1,zápis: výsledky,(celkem) :: z toho dívky,7155,https://statis.msmt.gov.cz/rocenka/rocenka.asp?kapit=C&tab=C1.25.1&rck=18,2026-05-19T12:23:11Z
2023/2024,2023,C1.25.1,zápis: výsledky,(celkem) :: Převedené na jinou školu / celkem,5609,https://statis.msmt.gov.cz/rocenka/rocenka.asp?kapit=C&tab=C1.25.1&rck=18,2026-05-19T12:23:11Z
2023/2024,2023,C1.25.1,zápis: výsledky,(celkem) :: z toho dívky,2529,https://statis.msmt.gov.cz/rocenka/rocenka.asp?kapit=C&tab=C1.25.1&rck=18,2026-05-19T12:23:11Z
2023/2024,2023,C1.25.1,zápis: výsledky,(celkem) :: S žádostí o odklad docházky / celkem,2893,https://statis.msmt.gov.cz/rocenka/rocenka.asp?kapit=C&tab=C1.25.1&rck=18,2026-05-19T12:23:11Z
2023/2024,2023,C1.25.1,zápis: výsledky,(celkem) :: z toho dívky,949,https://statis.msmt.gov.cz/rocenka/rocenka.asp?kapit=C&tab=C1.25.1&rck=18,2026-05-19T12:23:11Z
2023/2024,2023,C1.25.1,zápis: výsledky,(celkem) :: Vzdělávání podle § 42 šk. zák. / celkem,0,https://statis.msmt.gov.cz/rocenka/rocenka.asp?kapit=C&tab=C1.25.1&rck=18,2026-05-19T12:23:11Z
2023/2024,2023,C1.25.1,zápis: výsledky,(celkem) :: z toho dívky,0,https://statis.msmt.gov.cz/rocenka/rocenka.asp?kapit=C&tab=C1.25.1&rck=18,2026-05-19T12:23:11Z
2023/2024,2023,C1.25.1,zápis: výsledky,(celkem) :: Neuzavřený zápis / celkem,168,https://statis.msmt.gov.cz/rocenka/rocenka.asp?kapit=C&tab=C1.25.1&rck=18,2026-05-19T12:23:11Z
2023/2024,2023,C1.25.1,zápis: výsledky,(celkem) :: z toho dívky,66,https://statis.msmt.gov.cz/rocenka/rocenka.asp?kapit=C&tab=C1.25.1&rck=18,2026-05-19T12:23:11Z
2023/2024,2023,C1.25.1,zápis: výsledky,v tom / poprvé u zápisu :: Školy,277,https://statis.msmt.gov.cz/rocenka/rocenka.asp?kapit=C&tab=C1.25.1&rck=18,2026-05-19T12:23:11Z
2023/2024,2023,C1.25.1,zápis: výsledky,v tom / poprvé u zápisu :: Zapisované děti / celkem,19302,https://statis.msmt.gov.cz/rocenka/rocenka.asp?kapit=C&tab=C1.25.1&rck=18,2026-05-19T12:23:11Z
2023/2024,2023,C1.25.1,zápis: výsledky,v tom / poprvé u zápisu :: z toho dívky,9186,https://statis.msmt.gov.cz/rocenka/rocenka.asp?kapit=C&tab=C1.25.1&rck=18,2026-05-19T12:23:11Z
2023/2024,2023,C1.25.1,zápis: výsledky,v tom / poprvé u zápisu :: Zapsané na dané škole / celkem,11863,https://statis.msmt.gov.cz/rocenka/rocenka.asp?kapit=C&tab=C1.25.1&rck=18,2026-05-19T12:23:11Z
2023/2024,2023,C1.25.1,zápis: výsledky,v tom / poprvé u zápisu :: z toho dívky,6042,https://statis.msmt.gov.cz/rocenka/rocenka.asp?kapit=C&tab=C1.25.1&rck=18,2026-05-19T12:23:11Z
2023/2024,2023,C1.25.1,zápis: výsledky,v tom / poprvé u zápisu :: Převedené na jinou školu / celkem,4441,https://statis.msmt.gov.cz/rocenka/rocenka.asp?kapit=C&tab=C1.25.1&rck=18,2026-05-19T12:23:11Z
2023/2024,2023,C1.25.1,zápis: výsledky,v tom / poprvé u zápisu :: z toho dívky,2143,https://statis.msmt.gov.cz/rocenka/rocenka.asp?kapit=C&tab=C1.25.1&rck=18,2026-05-19T12:23:11Z
2023/2024,2023,C1.25.1,zápis: výsledky,v tom / poprvé u zápisu :: S žádostí o odklad docházky / celkem,2891,https://statis.msmt.gov.cz/rocenka/rocenka.asp?kapit=C&tab=C1.25.1&rck=18,2026-05-19T12:23:11Z
2023/2024,2023,C1.25.1,zápis: výsledky,v tom / poprvé u zápisu :: z toho dívky,949,https://statis.msmt.gov.cz/rocenka/rocenka.asp?kapit=C&tab=C1.25.1&rck=18,2026-05-19T12:23:11Z
2023/2024,2023,C1.25.1,zápis: výsledky,v tom / poprvé u zápisu :: Vzdělávání podle § 42 šk. zák. / celkem,0,https://statis.msmt.gov.cz/rocenka/rocenka.asp?kapit=C&tab=C1.25.1&rck=18,2026-05-19T12:23:11Z
2023/2024,2023,C1.25.1,zápis: výsledky,v tom / poprvé u zápisu :: z toho dívky,0,https://statis.msmt.gov.cz/rocenka/rocenka.asp?kapit=C&tab=C1.25.1&rck=18,2026-05-19T12:23:11Z
2023/2024,2023,C1.25.1,zápis: výsledky,v tom / poprvé u zápisu :: Neuzavřený zápis / celkem,107,https://statis.msmt.gov.cz/rocenka/rocenka.asp?kapit=C&tab=C1.25.1&rck=18,2026-05-19T12:23:11Z
2023/2024,2023,C1.25.1,zápis: výsledky,v tom / poprvé u zápisu :: z toho dívky,52,https://statis.msmt.gov.cz/rocenka/rocenka.asp?kapit=C&tab=C1.25.1&rck=18,2026-05-19T12:23:11Z
2023/2024,2023,C1.25.1,zápis: výsledky,v tom / přicházejí po odkladu :: Školy,276,https://statis.msmt.gov.cz/rocenka/rocenka.asp?kapit=C&tab=C1.25.1&rck=18,2026-05-19T12:23:11Z
2023/2024,2023,C1.25.1,zápis: výsledky,v tom / přicházejí po odkladu :: Zapisované děti / celkem,4483,https://statis.msmt.gov.cz/rocenka/rocenka.asp?kapit=C&tab=C1.25.1&rck=18,2026-05-19T12:23:11Z
2023/2024,2023,C1.25.1,zápis: výsledky,v tom / přicházejí po odkladu :: z toho dívky,1513,https://statis.msmt.gov.cz/rocenka/rocenka.asp?kapit=C&tab=C1.25.1&rck=18,2026-05-19T12:23:11Z
2023/2024,2023,C1.25.1,zápis: výsledky,v tom / přicházejí po odkladu :: Zapsané na dané škole / celkem,3252,https://statis.msmt.gov.cz/rocenka/rocenka.asp?kapit=C&tab=C1.25.1&rck=18,2026-05-19T12:23:11Z
2023/2024,2023,C1.25.1,zápis: výsledky,v tom / přicházejí po odkladu :: z toho dívky,1113,https://statis.msmt.gov.cz/rocenka/rocenka.asp?kapit=C&tab=C1.25.1&rck=18,2026-05-19T12:23:11Z
2023/2024,2023,C1.25.1,zápis: výsledky,v tom / přicházejí po odkladu :: Převedené na jinou školu / celkem,1168,https://statis.msmt.gov.cz/rocenka/rocenka.asp?kapit=C&tab=C1.25.1&rck=18,2026-05-19T12:23:11Z
2023/2024,2023,C1.25.1,zápis: výsledky,v tom / přicházejí po odkladu :: z toho dívky,386,https://statis.msmt.gov.cz/rocenka/rocenka.asp?kapit=C&tab=C1.25.1&rck=18,2026-05-19T12:23:11Z
2023/2024,2023,C1.25.1,zápis: výsledky,v tom / přicházejí po odkladu :: S žádostí o odklad docházky / celkem,2,https://statis.msmt.gov.cz/rocenka/rocenka.asp?kapit=C&tab=C1.25.1&rck=18,2026-05-19T12:23:11Z
2023/2024,2023,C1.25.1,zápis: výsledky,v tom / přicházejí po odkladu :: z toho dívky,0,https://statis.msmt.gov.cz/rocenka/rocenka.asp?kapit=C&tab=C1.25.1&rck=18,2026-05-19T12:23:11Z
2023/2024,2023,C1.25.1,zápis: výsledky,v tom / přicházejí po odkladu :: Vzdělávání podle § 42 šk. zák. / celkem,0,https://statis.msmt.gov.cz/rocenka/rocenka.asp?kapit=C&tab=C1.25.1&rck=18,2026-05-19T12:23:11Z
2023/2024,2023,C1.25.1,zápis: výsledky,v tom / přicházejí po odkladu :: z toho dívky,0,https://statis.msmt.gov.cz/rocenka/rocenka.asp?kapit=C&tab=C1.25.1&rck=18,2026-05-19T12:23:11Z
2023/2024,2023,C1.25.1,zápis: výsledky,v tom / přicházejí po odkladu :: Neuzavřený zápis / celkem,61,https://statis.msmt.gov.cz/rocenka/rocenka.asp?kapit=C&tab=C1.25.1&rck=18,2026-05-19T12:23:11Z
2023/2024,2023,C1.25.1,zápis: výsledky,v tom / přicházejí po odkladu :: z toho dívky,14,https://statis.msmt.gov.cz/rocenka/rocenka.asp?kapit=C&tab=C1.25.1&rck=18,2026-05-19T12:23:11Z
2023/2024,2023,C1.25.1,zápis: výsledky,v tom / z toho po dodatečném :: Školy,41,https://statis.msmt.gov.cz/rocenka/rocenka.asp?kapit=C&tab=C1.25.1&rck=18,2026-05-19T12:23:11Z
2023/2024,2023,C1.25.1,zápis: výsledky,v tom / z toho po dodatečném :: Zapisované děti / celkem,75,https://statis.msmt.gov.cz/rocenka/rocenka.asp?kapit=C&tab=C1.25.1&rck=18,2026-05-19T12:23:11Z
2023/2024,2023,C1.25.1,zápis: výsledky,v tom / z toho po dodatečném :: z toho dívky,21,https://statis.msmt.gov.cz/rocenka/rocenka.asp?kapit=C&tab=C1.25.1&rck=18,2026-05-19T12:23:11Z
2023/2024,2023,C1.25.1,zápis: výsledky,v tom / z toho po dodatečném :: Zapsané na dané škole / celkem,48,https://statis.msmt.gov.cz/rocenka/rocenka.asp?kapit=C&tab=C1.25.1&rck=18,2026-05-19T12:23:11Z
2023/2024,2023,C1.25.1,zápis: výsledky,v tom / z toho po dodatečném :: z toho dívky,13,https://statis.msmt.gov.cz/rocenka/rocenka.asp?kapit=C&tab=C1.25.1&rck=18,2026-05-19T12:23:11Z
2023/2024,2023,C1.25.1,zápis: výsledky,v tom / z toho po dodatečném :: Převedené na jinou školu / celkem,24,https://statis.msmt.gov.cz/rocenka/rocenka.asp?kapit=C&tab=C1.25.1&rck=18,2026-05-19T12:23:11Z
2023/2024,2023,C1.25.1,zápis: výsledky,v tom / z toho po dodatečném :: z toho dívky,8,https://statis.msmt.gov.cz/rocenka/rocenka.asp?kapit=C&tab=C1.25.1&rck=18,2026-05-19T12:23:11Z
2023/2024,2023,C1.25.1,zápis: výsledky,v tom / z toho po dodatečném :: S žádostí o odklad docházky / celkem,0,https://statis.msmt.gov.cz/rocenka/rocenka.asp?kapit=C&tab=C1.25.1&rck=18,2026-05-19T12:23:11Z
2023/2024,2023,C1.25.1,zápis: výsledky,v tom / z toho po dodatečném :: z toho dívky,0,https://statis.msmt.gov.cz/rocenka/rocenka.asp?kapit=C&tab=C1.25.1&rck=18,2026-05-19T12:23:11Z
2023/2024,2023,C1.25.1,zápis: výsledky,v tom / z toho po dodatečném :: Vzdělávání podle § 42 šk. zák. / celkem,0,https://statis.msmt.gov.cz/rocenka/rocenka.asp?kapit=C&tab=C1.25.1&rck=18,2026-05-19T12:23:11Z
2023/2024,2023,C1.25.1,zápis: výsledky,v tom / z toho po dodatečném :: z toho dívky,0,https://statis.msmt.gov.cz/rocenka/rocenka.asp?kapit=C&tab=C1.25.1&rck=18,2026-05-19T12:23:11Z
2023/2024,2023,C1.25.1,zápis: výsledky,v tom / z toho po dodatečném :: Neuzavřený zápis / celkem,3,https://statis.msmt.gov.cz/rocenka/rocenka.asp?kapit=C&tab=C1.25.1&rck=18,2026-05-19T12:23:11Z
2023/2024,2023,C1.25.1,zápis: výsledky,v tom / z toho po dodatečném :: z toho dívky,0,https://statis.msmt.gov.cz/rocenka/rocenka.asp?kapit=C&tab=C1.25.1&rck=18,2026-05-19T12:23:11Z
2023/2024,2023,C1.25.1,zápis: výsledky,z celku ze spádového obvodu :: Školy,195,https://statis.msmt.gov.cz/rocenka/rocenka.asp?kapit=C&tab=C1.25.1&rck=18,2026-05-19T12:23:11Z
2023/2024,2023,C1.25.1,zápis: výsledky,z celku ze spádového obvodu :: Zapisované děti / celkem,13964,https://statis.msmt.gov.cz/rocenka/rocenka.asp?kapit=C&tab=C1.25.1&rck=18,2026-05-19T12:23:11Z
2023/2024,2023,C1.25.1,zápis: výsledky,z celku ze spádového obvodu :: z toho dívky,6333,https://statis.msmt.gov.cz/rocenka/rocenka.asp?kapit=C&tab=C1.25.1&rck=18,2026-05-19T12:23:11Z
2023/2024,2023,C1.25.1,zápis: výsledky,z celku ze spádového obvodu :: Zapsané na dané škole / celkem,10448,https://statis.msmt.gov.cz/rocenka/rocenka.asp?kapit=C&tab=C1.25.1&rck=18,2026-05-19T12:23:11Z
2023/2024,2023,C1.25.1,zápis: výsledky,z celku ze spádového obvodu :: z toho dívky,5011,https://statis.msmt.gov.cz/rocenka/rocenka.asp?kapit=C&tab=C1.25.1&rck=18,2026-05-19T12:23:11Z
2023/2024,2023,C1.25.1,zápis: výsledky,z celku ze spádového obvodu :: Převedené na jinou školu / celkem,1449,https://statis.msmt.gov.cz/rocenka/rocenka.asp?kapit=C&tab=C1.25.1&rck=18,2026-05-19T12:23:11Z
2023/2024,2023,C1.25.1,zápis: výsledky,z celku ze spádového obvodu :: z toho dívky,645,https://statis.msmt.gov.cz/rocenka/rocenka.asp?kapit=C&tab=C1.25.1&rck=18,2026-05-19T12:23:11Z
2023/2024,2023,C1.25.1,zápis: výsledky,z celku ze spádového obvodu :: S žádostí o odklad docházky / celkem,2030,https://statis.msmt.gov.cz/rocenka/rocenka.asp?kapit=C&tab=C1.25.1&rck=18,2026-05-19T12:23:11Z
2023/2024,2023,C1.25.1,zápis: výsledky,z celku ze spádového obvodu :: z toho dívky,663,https://statis.msmt.gov.cz/rocenka/rocenka.asp?kapit=C&tab=C1.25.1&rck=18,2026-05-19T12:23:11Z
2023/2024,2023,C1.25.1,zápis: výsledky,z celku ze spádového obvodu :: Vzdělávání podle § 42 šk. zák. / celkem,0,https://statis.msmt.gov.cz/rocenka/rocenka.asp?kapit=C&tab=C1.25.1&rck=18,2026-05-19T12:23:11Z
2023/2024,2023,C1.25.1,zápis: výsledky,z celku ze spádového obvodu :: z toho dívky,0,https://statis.msmt.gov.cz/rocenka/rocenka.asp?kapit=C&tab=C1.25.1&rck=18,2026-05-19T12:23:11Z
2023/2024,2023,C1.25.1,zápis: výsledky,z celku ze spádového obvodu :: Neuzavřený zápis / celkem,37,https://statis.msmt.gov.cz/rocenka/rocenka.asp?kapit=C&tab=C1.25.1&rck=18,2026-05-19T12:23:11Z
2023/2024,2023,C1.25.1,zápis: výsledky,z celku ze spádového obvodu :: z toho dívky,14,https://statis.msmt.gov.cz/rocenka/rocenka.asp?kapit=C&tab=C1.25.1&rck=18,2026-05-19T12:23:11Z
2024/2025,2024,C1.25.1,zápis: výsledky,(celkem) :: Školy,285,https://statis.msmt.gov.cz/rocenka/rocenka.asp?kapit=C&tab=C1.25.1&rck=19,2026-05-19T12:23:11Z
2024/2025,2024,C1.25.1,zápis: výsledky,(celkem) :: Zapisované děti / celkem,25370,https://statis.msmt.gov.cz/rocenka/rocenka.asp?kapit=C&tab=C1.25.1&rck=19,2026-05-19T12:23:11Z
2024/2025,2024,C1.25.1,zápis: výsledky,(celkem) :: z toho dívky,11421,https://statis.msmt.gov.cz/rocenka/rocenka.asp?kapit=C&tab=C1.25.1&rck=19,2026-05-19T12:23:11Z
2024/2025,2024,C1.25.1,zápis: výsledky,(celkem) :: Zapsané na dané škole / celkem,15677,https://statis.msmt.gov.cz/rocenka/rocenka.asp?kapit=C&tab=C1.25.1&rck=19,2026-05-19T12:23:11Z
2024/2025,2024,C1.25.1,zápis: výsledky,(celkem) :: z toho dívky,7422,https://statis.msmt.gov.cz/rocenka/rocenka.asp?kapit=C&tab=C1.25.1&rck=19,2026-05-19T12:23:11Z
2024/2025,2024,C1.25.1,zápis: výsledky,(celkem) :: Převedené na jinou školu / celkem,6772,https://statis.msmt.gov.cz/rocenka/rocenka.asp?kapit=C&tab=C1.25.1&rck=19,2026-05-19T12:23:11Z
2024/2025,2024,C1.25.1,zápis: výsledky,(celkem) :: z toho dívky,3024,https://statis.msmt.gov.cz/rocenka/rocenka.asp?kapit=C&tab=C1.25.1&rck=19,2026-05-19T12:23:11Z
2024/2025,2024,C1.25.1,zápis: výsledky,(celkem) :: S žádostí o odklad docházky / celkem,2732,https://statis.msmt.gov.cz/rocenka/rocenka.asp?kapit=C&tab=C1.25.1&rck=19,2026-05-19T12:23:11Z
2024/2025,2024,C1.25.1,zápis: výsledky,(celkem) :: z toho dívky,881,https://statis.msmt.gov.cz/rocenka/rocenka.asp?kapit=C&tab=C1.25.1&rck=19,2026-05-19T12:23:11Z
2024/2025,2024,C1.25.1,zápis: výsledky,(celkem) :: Vzdělávání podle § 42 šk. zák. / celkem,0,https://statis.msmt.gov.cz/rocenka/rocenka.asp?kapit=C&tab=C1.25.1&rck=19,2026-05-19T12:23:11Z
2024/2025,2024,C1.25.1,zápis: výsledky,(celkem) :: z toho dívky,0,https://statis.msmt.gov.cz/rocenka/rocenka.asp?kapit=C&tab=C1.25.1&rck=19,2026-05-19T12:23:11Z
2024/2025,2024,C1.25.1,zápis: výsledky,(celkem) :: Neuzavřený zápis / celkem,189,https://statis.msmt.gov.cz/rocenka/rocenka.asp?kapit=C&tab=C1.25.1&rck=19,2026-05-19T12:23:11Z
2024/2025,2024,C1.25.1,zápis: výsledky,(celkem) :: z toho dívky,94,https://statis.msmt.gov.cz/rocenka/rocenka.asp?kapit=C&tab=C1.25.1&rck=19,2026-05-19T12:23:11Z
2024/2025,2024,C1.25.1,zápis: výsledky,v tom / poprvé u zápisu :: Školy,279,https://statis.msmt.gov.cz/rocenka/rocenka.asp?kapit=C&tab=C1.25.1&rck=19,2026-05-19T12:23:11Z
2024/2025,2024,C1.25.1,zápis: výsledky,v tom / poprvé u zápisu :: Zapisované děti / celkem,20593,https://statis.msmt.gov.cz/rocenka/rocenka.asp?kapit=C&tab=C1.25.1&rck=19,2026-05-19T12:23:11Z
2024/2025,2024,C1.25.1,zápis: výsledky,v tom / poprvé u zápisu :: z toho dívky,9898,https://statis.msmt.gov.cz/rocenka/rocenka.asp?kapit=C&tab=C1.25.1&rck=19,2026-05-19T12:23:11Z
2024/2025,2024,C1.25.1,zápis: výsledky,v tom / poprvé u zápisu :: Zapsané na dané škole / celkem,12482,https://statis.msmt.gov.cz/rocenka/rocenka.asp?kapit=C&tab=C1.25.1&rck=19,2026-05-19T12:23:11Z
2024/2025,2024,C1.25.1,zápis: výsledky,v tom / poprvé u zápisu :: z toho dívky,6350,https://statis.msmt.gov.cz/rocenka/rocenka.asp?kapit=C&tab=C1.25.1&rck=19,2026-05-19T12:23:11Z
2024/2025,2024,C1.25.1,zápis: výsledky,v tom / poprvé u zápisu :: Převedené na jinou školu / celkem,5251,https://statis.msmt.gov.cz/rocenka/rocenka.asp?kapit=C&tab=C1.25.1&rck=19,2026-05-19T12:23:11Z
2024/2025,2024,C1.25.1,zápis: výsledky,v tom / poprvé u zápisu :: z toho dívky,2588,https://statis.msmt.gov.cz/rocenka/rocenka.asp?kapit=C&tab=C1.25.1&rck=19,2026-05-19T12:23:11Z
2024/2025,2024,C1.25.1,zápis: výsledky,v tom / poprvé u zápisu :: S žádostí o odklad docházky / celkem,2726,https://statis.msmt.gov.cz/rocenka/rocenka.asp?kapit=C&tab=C1.25.1&rck=19,2026-05-19T12:23:11Z
2024/2025,2024,C1.25.1,zápis: výsledky,v tom / poprvé u zápisu :: z toho dívky,880,https://statis.msmt.gov.cz/rocenka/rocenka.asp?kapit=C&tab=C1.25.1&rck=19,2026-05-19T12:23:11Z
2024/2025,2024,C1.25.1,zápis: výsledky,v tom / poprvé u zápisu :: Vzdělávání podle § 42 šk. zák. / celkem,0,https://statis.msmt.gov.cz/rocenka/rocenka.asp?kapit=C&tab=C1.25.1&rck=19,2026-05-19T12:23:11Z
2024/2025,2024,C1.25.1,zápis: výsledky,v tom / poprvé u zápisu :: z toho dívky,0,https://statis.msmt.gov.cz/rocenka/rocenka.asp?kapit=C&tab=C1.25.1&rck=19,2026-05-19T12:23:11Z
2024/2025,2024,C1.25.1,zápis: výsledky,v tom / poprvé u zápisu :: Neuzavřený zápis / celkem,134,https://statis.msmt.gov.cz/rocenka/rocenka.asp?kapit=C&tab=C1.25.1&rck=19,2026-05-19T12:23:11Z
2024/2025,2024,C1.25.1,zápis: výsledky,v tom / poprvé u zápisu :: z toho dívky,80,https://statis.msmt.gov.cz/rocenka/rocenka.asp?kapit=C&tab=C1.25.1&rck=19,2026-05-19T12:23:11Z
2024/2025,2024,C1.25.1,zápis: výsledky,v tom / přicházejí po odkladu :: Školy,283,https://statis.msmt.gov.cz/rocenka/rocenka.asp?kapit=C&tab=C1.25.1&rck=19,2026-05-19T12:23:11Z
2024/2025,2024,C1.25.1,zápis: výsledky,v tom / přicházejí po odkladu :: Zapisované děti / celkem,4777,https://statis.msmt.gov.cz/rocenka/rocenka.asp?kapit=C&tab=C1.25.1&rck=19,2026-05-19T12:23:11Z
2024/2025,2024,C1.25.1,zápis: výsledky,v tom / přicházejí po odkladu :: z toho dívky,1523,https://statis.msmt.gov.cz/rocenka/rocenka.asp?kapit=C&tab=C1.25.1&rck=19,2026-05-19T12:23:11Z
2024/2025,2024,C1.25.1,zápis: výsledky,v tom / přicházejí po odkladu :: Zapsané na dané škole / celkem,3195,https://statis.msmt.gov.cz/rocenka/rocenka.asp?kapit=C&tab=C1.25.1&rck=19,2026-05-19T12:23:11Z
2024/2025,2024,C1.25.1,zápis: výsledky,v tom / přicházejí po odkladu :: z toho dívky,1072,https://statis.msmt.gov.cz/rocenka/rocenka.asp?kapit=C&tab=C1.25.1&rck=19,2026-05-19T12:23:11Z
2024/2025,2024,C1.25.1,zápis: výsledky,v tom / přicházejí po odkladu :: Převedené na jinou školu / celkem,1521,https://statis.msmt.gov.cz/rocenka/rocenka.asp?kapit=C&tab=C1.25.1&rck=19,2026-05-19T12:23:11Z
2024/2025,2024,C1.25.1,zápis: výsledky,v tom / přicházejí po odkladu :: z toho dívky,436,https://statis.msmt.gov.cz/rocenka/rocenka.asp?kapit=C&tab=C1.25.1&rck=19,2026-05-19T12:23:11Z
2024/2025,2024,C1.25.1,zápis: výsledky,v tom / přicházejí po odkladu :: S žádostí o odklad docházky / celkem,6,https://statis.msmt.gov.cz/rocenka/rocenka.asp?kapit=C&tab=C1.25.1&rck=19,2026-05-19T12:23:11Z
2024/2025,2024,C1.25.1,zápis: výsledky,v tom / přicházejí po odkladu :: z toho dívky,1,https://statis.msmt.gov.cz/rocenka/rocenka.asp?kapit=C&tab=C1.25.1&rck=19,2026-05-19T12:23:11Z
2024/2025,2024,C1.25.1,zápis: výsledky,v tom / přicházejí po odkladu :: Vzdělávání podle § 42 šk. zák. / celkem,0,https://statis.msmt.gov.cz/rocenka/rocenka.asp?kapit=C&tab=C1.25.1&rck=19,2026-05-19T12:23:11Z
2024/2025,2024,C1.25.1,zápis: výsledky,v tom / přicházejí po odkladu :: z toho dívky,0,https://statis.msmt.gov.cz/rocenka/rocenka.asp?kapit=C&tab=C1.25.1&rck=19,2026-05-19T12:23:11Z
2024/2025,2024,C1.25.1,zápis: výsledky,v tom / přicházejí po odkladu :: Neuzavřený zápis / celkem,55,https://statis.msmt.gov.cz/rocenka/rocenka.asp?kapit=C&tab=C1.25.1&rck=19,2026-05-19T12:23:11Z
2024/2025,2024,C1.25.1,zápis: výsledky,v tom / přicházejí po odkladu :: z toho dívky,14,https://statis.msmt.gov.cz/rocenka/rocenka.asp?kapit=C&tab=C1.25.1&rck=19,2026-05-19T12:23:11Z
2024/2025,2024,C1.25.1,zápis: výsledky,v tom / z toho po dodatečném :: Školy,47,https://statis.msmt.gov.cz/rocenka/rocenka.asp?kapit=C&tab=C1.25.1&rck=19,2026-05-19T12:23:11Z
2024/2025,2024,C1.25.1,zápis: výsledky,v tom / z toho po dodatečném :: Zapisované děti / celkem,66,https://statis.msmt.gov.cz/rocenka/rocenka.asp?kapit=C&tab=C1.25.1&rck=19,2026-05-19T12:23:11Z
2024/2025,2024,C1.25.1,zápis: výsledky,v tom / z toho po dodatečném :: z toho dívky,21,https://statis.msmt.gov.cz/rocenka/rocenka.asp?kapit=C&tab=C1.25.1&rck=19,2026-05-19T12:23:11Z
2024/2025,2024,C1.25.1,zápis: výsledky,v tom / z toho po dodatečném :: Zapsané na dané škole / celkem,46,https://statis.msmt.gov.cz/rocenka/rocenka.asp?kapit=C&tab=C1.25.1&rck=19,2026-05-19T12:23:11Z
2024/2025,2024,C1.25.1,zápis: výsledky,v tom / z toho po dodatečném :: z toho dívky,14,https://statis.msmt.gov.cz/rocenka/rocenka.asp?kapit=C&tab=C1.25.1&rck=19,2026-05-19T12:23:11Z
2024/2025,2024,C1.25.1,zápis: výsledky,v tom / z toho po dodatečném :: Převedené na jinou školu / celkem,20,https://statis.msmt.gov.cz/rocenka/rocenka.asp?kapit=C&tab=C1.25.1&rck=19,2026-05-19T12:23:11Z
2024/2025,2024,C1.25.1,zápis: výsledky,v tom / z toho po dodatečném :: z toho dívky,7,https://statis.msmt.gov.cz/rocenka/rocenka.asp?kapit=C&tab=C1.25.1&rck=19,2026-05-19T12:23:11Z
2024/2025,2024,C1.25.1,zápis: výsledky,v tom / z toho po dodatečném :: S žádostí o odklad docházky / celkem,0,https://statis.msmt.gov.cz/rocenka/rocenka.asp?kapit=C&tab=C1.25.1&rck=19,2026-05-19T12:23:11Z
2024/2025,2024,C1.25.1,zápis: výsledky,v tom / z toho po dodatečném :: z toho dívky,0,https://statis.msmt.gov.cz/rocenka/rocenka.asp?kapit=C&tab=C1.25.1&rck=19,2026-05-19T12:23:11Z
2024/2025,2024,C1.25.1,zápis: výsledky,v tom / z toho po dodatečném :: Vzdělávání podle § 42 šk. zák. / celkem,0,https://statis.msmt.gov.cz/rocenka/rocenka.asp?kapit=C&tab=C1.25.1&rck=19,2026-05-19T12:23:11Z
2024/2025,2024,C1.25.1,zápis: výsledky,v tom / z toho po dodatečném :: z toho dívky,0,https://statis.msmt.gov.cz/rocenka/rocenka.asp?kapit=C&tab=C1.25.1&rck=19,2026-05-19T12:23:11Z
2024/2025,2024,C1.25.1,zápis: výsledky,v tom / z toho po dodatečném :: Neuzavřený zápis / celkem,0,https://statis.msmt.gov.cz/rocenka/rocenka.asp?kapit=C&tab=C1.25.1&rck=19,2026-05-19T12:23:11Z
2024/2025,2024,C1.25.1,zápis: výsledky,v tom / z toho po dodatečném :: z toho dívky,0,https://statis.msmt.gov.cz/rocenka/rocenka.asp?kapit=C&tab=C1.25.1&rck=19,2026-05-19T12:23:11Z
2024/2025,2024,C1.25.1,zápis: výsledky,z celku ze spádového obvodu :: Školy,196,https://statis.msmt.gov.cz/rocenka/rocenka.asp?kapit=C&tab=C1.25.1&rck=19,2026-05-19T12:23:11Z
2024/2025,2024,C1.25.1,zápis: výsledky,z celku ze spádového obvodu :: Zapisované děti / celkem,14537,https://statis.msmt.gov.cz/rocenka/rocenka.asp?kapit=C&tab=C1.25.1&rck=19,2026-05-19T12:23:11Z
2024/2025,2024,C1.25.1,zápis: výsledky,z celku ze spádového obvodu :: z toho dívky,6616,https://statis.msmt.gov.cz/rocenka/rocenka.asp?kapit=C&tab=C1.25.1&rck=19,2026-05-19T12:23:11Z
2024/2025,2024,C1.25.1,zápis: výsledky,z celku ze spádového obvodu :: Zapsané na dané škole / celkem,10981,https://statis.msmt.gov.cz/rocenka/rocenka.asp?kapit=C&tab=C1.25.1&rck=19,2026-05-19T12:23:11Z
2024/2025,2024,C1.25.1,zápis: výsledky,z celku ze spádového obvodu :: z toho dívky,5202,https://statis.msmt.gov.cz/rocenka/rocenka.asp?kapit=C&tab=C1.25.1&rck=19,2026-05-19T12:23:11Z
2024/2025,2024,C1.25.1,zápis: výsledky,z celku ze spádového obvodu :: Převedené na jinou školu / celkem,1556,https://statis.msmt.gov.cz/rocenka/rocenka.asp?kapit=C&tab=C1.25.1&rck=19,2026-05-19T12:23:11Z
2024/2025,2024,C1.25.1,zápis: výsledky,z celku ze spádového obvodu :: z toho dívky,735,https://statis.msmt.gov.cz/rocenka/rocenka.asp?kapit=C&tab=C1.25.1&rck=19,2026-05-19T12:23:11Z
2024/2025,2024,C1.25.1,zápis: výsledky,z celku ze spádového obvodu :: S žádostí o odklad docházky / celkem,1941,https://statis.msmt.gov.cz/rocenka/rocenka.asp?kapit=C&tab=C1.25.1&rck=19,2026-05-19T12:23:11Z
2024/2025,2024,C1.25.1,zápis: výsledky,z celku ze spádového obvodu :: z toho dívky,644,https://statis.msmt.gov.cz/rocenka/rocenka.asp?kapit=C&tab=C1.25.1&rck=19,2026-05-19T12:23:11Z
2024/2025,2024,C1.25.1,zápis: výsledky,z celku ze spádového obvodu :: Vzdělávání podle § 42 šk. zák. / celkem,0,https://statis.msmt.gov.cz/rocenka/rocenka.asp?kapit=C&tab=C1.25.1&rck=19,2026-05-19T12:23:11Z
2024/2025,2024,C1.25.1,zápis: výsledky,z celku ze spádového obvodu :: z toho dívky,0,https://statis.msmt.gov.cz/rocenka/rocenka.asp?kapit=C&tab=C1.25.1&rck=19,2026-05-19T12:23:11Z
2024/2025,2024,C1.25.1,zápis: výsledky,z celku ze spádového obvodu :: Neuzavřený zápis / celkem,59,https://statis.msmt.gov.cz/rocenka/rocenka.asp?kapit=C&tab=C1.25.1&rck=19,2026-05-19T12:23:11Z
2024/2025,2024,C1.25.1,zápis: výsledky,z celku ze spádového obvodu :: z toho dívky,35,https://statis.msmt.gov.cz/rocenka/rocenka.asp?kapit=C&tab=C1.25.1&rck=19,2026-05-19T12:23:11Z
2025/2026,2025,C1.25.1,zápis: výsledky,(celkem) :: Školy,294,https://statis.msmt.gov.cz/rocenka/rocenka.asp?kapit=C&tab=C1.25.1&rck=20,2026-05-19T12:23:11Z
2025/2026,2025,C1.25.1,zápis: výsledky,(celkem) :: Zapisované děti / celkem,25075,https://statis.msmt.gov.cz/rocenka/rocenka.asp?kapit=C&tab=C1.25.1&rck=20,2026-05-19T12:23:11Z
2025/2026,2025,C1.25.1,zápis: výsledky,(celkem) :: z toho dívky,11301,https://statis.msmt.gov.cz/rocenka/rocenka.asp?kapit=C&tab=C1.25.1&rck=20,2026-05-19T12:23:11Z
2025/2026,2025,C1.25.1,zápis: výsledky,(celkem) :: Zapsané na dané škole / celkem,15320,https://statis.msmt.gov.cz/rocenka/rocenka.asp?kapit=C&tab=C1.25.1&rck=20,2026-05-19T12:23:11Z
2025/2026,2025,C1.25.1,zápis: výsledky,(celkem) :: z toho dívky,7247,https://statis.msmt.gov.cz/rocenka/rocenka.asp?kapit=C&tab=C1.25.1&rck=20,2026-05-19T12:23:11Z
2025/2026,2025,C1.25.1,zápis: výsledky,(celkem) :: Převedené na jinou školu / celkem,7143,https://statis.msmt.gov.cz/rocenka/rocenka.asp?kapit=C&tab=C1.25.1&rck=20,2026-05-19T12:23:11Z
2025/2026,2025,C1.25.1,zápis: výsledky,(celkem) :: z toho dívky,3173,https://statis.msmt.gov.cz/rocenka/rocenka.asp?kapit=C&tab=C1.25.1&rck=20,2026-05-19T12:23:11Z
2025/2026,2025,C1.25.1,zápis: výsledky,(celkem) :: S žádostí o odklad docházky / celkem,2472,https://statis.msmt.gov.cz/rocenka/rocenka.asp?kapit=C&tab=C1.25.1&rck=20,2026-05-19T12:23:11Z
2025/2026,2025,C1.25.1,zápis: výsledky,(celkem) :: z toho dívky,840,https://statis.msmt.gov.cz/rocenka/rocenka.asp?kapit=C&tab=C1.25.1&rck=20,2026-05-19T12:23:11Z
2025/2026,2025,C1.25.1,zápis: výsledky,(celkem) :: Vzdělávání podle § 42 šk. zák. / celkem,0,https://statis.msmt.gov.cz/rocenka/rocenka.asp?kapit=C&tab=C1.25.1&rck=20,2026-05-19T12:23:11Z
2025/2026,2025,C1.25.1,zápis: výsledky,(celkem) :: z toho dívky,0,https://statis.msmt.gov.cz/rocenka/rocenka.asp?kapit=C&tab=C1.25.1&rck=20,2026-05-19T12:23:11Z
2025/2026,2025,C1.25.1,zápis: výsledky,(celkem) :: Neuzavřený zápis / celkem,140,https://statis.msmt.gov.cz/rocenka/rocenka.asp?kapit=C&tab=C1.25.1&rck=20,2026-05-19T12:23:11Z
2025/2026,2025,C1.25.1,zápis: výsledky,(celkem) :: z toho dívky,41,https://statis.msmt.gov.cz/rocenka/rocenka.asp?kapit=C&tab=C1.25.1&rck=20,2026-05-19T12:23:11Z
2025/2026,2025,C1.25.1,zápis: výsledky,v tom / poprvé u zápisu :: Školy,290,https://statis.msmt.gov.cz/rocenka/rocenka.asp?kapit=C&tab=C1.25.1&rck=20,2026-05-19T12:23:11Z
2025/2026,2025,C1.25.1,zápis: výsledky,v tom / poprvé u zápisu :: Zapisované děti / celkem,20607,https://statis.msmt.gov.cz/rocenka/rocenka.asp?kapit=C&tab=C1.25.1&rck=20,2026-05-19T12:23:11Z
2025/2026,2025,C1.25.1,zápis: výsledky,v tom / poprvé u zápisu :: z toho dívky,9904,https://statis.msmt.gov.cz/rocenka/rocenka.asp?kapit=C&tab=C1.25.1&rck=20,2026-05-19T12:23:11Z
2025/2026,2025,C1.25.1,zápis: výsledky,v tom / poprvé u zápisu :: Zapsané na dané škole / celkem,12374,https://statis.msmt.gov.cz/rocenka/rocenka.asp?kapit=C&tab=C1.25.1&rck=20,2026-05-19T12:23:11Z
2025/2026,2025,C1.25.1,zápis: výsledky,v tom / poprvé u zápisu :: z toho dívky,6275,https://statis.msmt.gov.cz/rocenka/rocenka.asp?kapit=C&tab=C1.25.1&rck=20,2026-05-19T12:23:11Z
2025/2026,2025,C1.25.1,zápis: výsledky,v tom / poprvé u zápisu :: Převedené na jinou školu / celkem,5687,https://statis.msmt.gov.cz/rocenka/rocenka.asp?kapit=C&tab=C1.25.1&rck=20,2026-05-19T12:23:11Z
2025/2026,2025,C1.25.1,zápis: výsledky,v tom / poprvé u zápisu :: z toho dívky,2761,https://statis.msmt.gov.cz/rocenka/rocenka.asp?kapit=C&tab=C1.25.1&rck=20,2026-05-19T12:23:11Z
2025/2026,2025,C1.25.1,zápis: výsledky,v tom / poprvé u zápisu :: S žádostí o odklad docházky / celkem,2470,https://statis.msmt.gov.cz/rocenka/rocenka.asp?kapit=C&tab=C1.25.1&rck=20,2026-05-19T12:23:11Z
2025/2026,2025,C1.25.1,zápis: výsledky,v tom / poprvé u zápisu :: z toho dívky,838,https://statis.msmt.gov.cz/rocenka/rocenka.asp?kapit=C&tab=C1.25.1&rck=20,2026-05-19T12:23:11Z
2025/2026,2025,C1.25.1,zápis: výsledky,v tom / poprvé u zápisu :: Vzdělávání podle § 42 šk. zák. / celkem,0,https://statis.msmt.gov.cz/rocenka/rocenka.asp?kapit=C&tab=C1.25.1&rck=20,2026-05-19T12:23:11Z
2025/2026,2025,C1.25.1,zápis: výsledky,v tom / poprvé u zápisu :: z toho dívky,0,https://statis.msmt.gov.cz/rocenka/rocenka.asp?kapit=C&tab=C1.25.1&rck=20,2026-05-19T12:23:11Z
2025/2026,2025,C1.25.1,zápis: výsledky,v tom / poprvé u zápisu :: Neuzavřený zápis / celkem,76,https://statis.msmt.gov.cz/rocenka/rocenka.asp?kapit=C&tab=C1.25.1&rck=20,2026-05-19T12:23:11Z
2025/2026,2025,C1.25.1,zápis: výsledky,v tom / poprvé u zápisu :: z toho dívky,30,https://statis.msmt.gov.cz/rocenka/rocenka.asp?kapit=C&tab=C1.25.1&rck=20,2026-05-19T12:23:11Z
2025/2026,2025,C1.25.1,zápis: výsledky,v tom / přicházejí po odkladu :: Školy,284,https://statis.msmt.gov.cz/rocenka/rocenka.asp?kapit=C&tab=C1.25.1&rck=20,2026-05-19T12:23:11Z
2025/2026,2025,C1.25.1,zápis: výsledky,v tom / přicházejí po odkladu :: Zapisované děti / celkem,4468,https://statis.msmt.gov.cz/rocenka/rocenka.asp?kapit=C&tab=C1.25.1&rck=20,2026-05-19T12:23:11Z
2025/2026,2025,C1.25.1,zápis: výsledky,v tom / přicházejí po odkladu :: z toho dívky,1397,https://statis.msmt.gov.cz/rocenka/rocenka.asp?kapit=C&tab=C1.25.1&rck=20,2026-05-19T12:23:11Z
2025/2026,2025,C1.25.1,zápis: výsledky,v tom / přicházejí po odkladu :: Zapsané na dané škole / celkem,2946,https://statis.msmt.gov.cz/rocenka/rocenka.asp?kapit=C&tab=C1.25.1&rck=20,2026-05-19T12:23:11Z
2025/2026,2025,C1.25.1,zápis: výsledky,v tom / přicházejí po odkladu :: z toho dívky,972,https://statis.msmt.gov.cz/rocenka/rocenka.asp?kapit=C&tab=C1.25.1&rck=20,2026-05-19T12:23:11Z
2025/2026,2025,C1.25.1,zápis: výsledky,v tom / přicházejí po odkladu :: Převedené na jinou školu / celkem,1456,https://statis.msmt.gov.cz/rocenka/rocenka.asp?kapit=C&tab=C1.25.1&rck=20,2026-05-19T12:23:11Z
2025/2026,2025,C1.25.1,zápis: výsledky,v tom / přicházejí po odkladu :: z toho dívky,412,https://statis.msmt.gov.cz/rocenka/rocenka.asp?kapit=C&tab=C1.25.1&rck=20,2026-05-19T12:23:11Z
2025/2026,2025,C1.25.1,zápis: výsledky,v tom / přicházejí po odkladu :: S žádostí o odklad docházky / celkem,2,https://statis.msmt.gov.cz/rocenka/rocenka.asp?kapit=C&tab=C1.25.1&rck=20,2026-05-19T12:23:11Z
2025/2026,2025,C1.25.1,zápis: výsledky,v tom / přicházejí po odkladu :: z toho dívky,2,https://statis.msmt.gov.cz/rocenka/rocenka.asp?kapit=C&tab=C1.25.1&rck=20,2026-05-19T12:23:11Z
2025/2026,2025,C1.25.1,zápis: výsledky,v tom / přicházejí po odkladu :: Vzdělávání podle § 42 šk. zák. / celkem,0,https://statis.msmt.gov.cz/rocenka/rocenka.asp?kapit=C&tab=C1.25.1&rck=20,2026-05-19T12:23:11Z
2025/2026,2025,C1.25.1,zápis: výsledky,v tom / přicházejí po odkladu :: z toho dívky,0,https://statis.msmt.gov.cz/rocenka/rocenka.asp?kapit=C&tab=C1.25.1&rck=20,2026-05-19T12:23:11Z
2025/2026,2025,C1.25.1,zápis: výsledky,v tom / přicházejí po odkladu :: Neuzavřený zápis / celkem,64,https://statis.msmt.gov.cz/rocenka/rocenka.asp?kapit=C&tab=C1.25.1&rck=20,2026-05-19T12:23:11Z
2025/2026,2025,C1.25.1,zápis: výsledky,v tom / přicházejí po odkladu :: z toho dívky,11,https://statis.msmt.gov.cz/rocenka/rocenka.asp?kapit=C&tab=C1.25.1&rck=20,2026-05-19T12:23:11Z
2025/2026,2025,C1.25.1,zápis: výsledky,v tom / z toho po dodatečném :: Školy,50,https://statis.msmt.gov.cz/rocenka/rocenka.asp?kapit=C&tab=C1.25.1&rck=20,2026-05-19T12:23:11Z
2025/2026,2025,C1.25.1,zápis: výsledky,v tom / z toho po dodatečném :: Zapisované děti / celkem,134,https://statis.msmt.gov.cz/rocenka/rocenka.asp?kapit=C&tab=C1.25.1&rck=20,2026-05-19T12:23:11Z
2025/2026,2025,C1.25.1,zápis: výsledky,v tom / z toho po dodatečném :: z toho dívky,43,https://statis.msmt.gov.cz/rocenka/rocenka.asp?kapit=C&tab=C1.25.1&rck=20,2026-05-19T12:23:11Z
2025/2026,2025,C1.25.1,zápis: výsledky,v tom / z toho po dodatečném :: Zapsané na dané škole / celkem,77,https://statis.msmt.gov.cz/rocenka/rocenka.asp?kapit=C&tab=C1.25.1&rck=20,2026-05-19T12:23:11Z
2025/2026,2025,C1.25.1,zápis: výsledky,v tom / z toho po dodatečném :: z toho dívky,25,https://statis.msmt.gov.cz/rocenka/rocenka.asp?kapit=C&tab=C1.25.1&rck=20,2026-05-19T12:23:11Z
2025/2026,2025,C1.25.1,zápis: výsledky,v tom / z toho po dodatečném :: Převedené na jinou školu / celkem,53,https://statis.msmt.gov.cz/rocenka/rocenka.asp?kapit=C&tab=C1.25.1&rck=20,2026-05-19T12:23:11Z
2025/2026,2025,C1.25.1,zápis: výsledky,v tom / z toho po dodatečném :: z toho dívky,18,https://statis.msmt.gov.cz/rocenka/rocenka.asp?kapit=C&tab=C1.25.1&rck=20,2026-05-19T12:23:11Z
2025/2026,2025,C1.25.1,zápis: výsledky,v tom / z toho po dodatečném :: S žádostí o odklad docházky / celkem,0,https://statis.msmt.gov.cz/rocenka/rocenka.asp?kapit=C&tab=C1.25.1&rck=20,2026-05-19T12:23:11Z
2025/2026,2025,C1.25.1,zápis: výsledky,v tom / z toho po dodatečném :: z toho dívky,0,https://statis.msmt.gov.cz/rocenka/rocenka.asp?kapit=C&tab=C1.25.1&rck=20,2026-05-19T12:23:11Z
2025/2026,2025,C1.25.1,zápis: výsledky,v tom / z toho po dodatečném :: Vzdělávání podle § 42 šk. zák. / celkem,0,https://statis.msmt.gov.cz/rocenka/rocenka.asp?kapit=C&tab=C1.25.1&rck=20,2026-05-19T12:23:11Z
2025/2026,2025,C1.25.1,zápis: výsledky,v tom / z toho po dodatečném :: z toho dívky,0,https://statis.msmt.gov.cz/rocenka/rocenka.asp?kapit=C&tab=C1.25.1&rck=20,2026-05-19T12:23:11Z
2025/2026,2025,C1.25.1,zápis: výsledky,v tom / z toho po dodatečném :: Neuzavřený zápis / celkem,4,https://statis.msmt.gov.cz/rocenka/rocenka.asp?kapit=C&tab=C1.25.1&rck=20,2026-05-19T12:23:11Z
2025/2026,2025,C1.25.1,zápis: výsledky,v tom / z toho po dodatečném :: z toho dívky,0,https://statis.msmt.gov.cz/rocenka/rocenka.asp?kapit=C&tab=C1.25.1&rck=20,2026-05-19T12:23:11Z
2025/2026,2025,C1.25.1,zápis: výsledky,z celku ze spádového obvodu :: Školy,197,https://statis.msmt.gov.cz/rocenka/rocenka.asp?kapit=C&tab=C1.25.1&rck=20,2026-05-19T12:23:11Z
2025/2026,2025,C1.25.1,zápis: výsledky,z celku ze spádového obvodu :: Zapisované děti / celkem,14123,https://statis.msmt.gov.cz/rocenka/rocenka.asp?kapit=C&tab=C1.25.1&rck=20,2026-05-19T12:23:11Z
2025/2026,2025,C1.25.1,zápis: výsledky,z celku ze spádového obvodu :: z toho dívky,6500,https://statis.msmt.gov.cz/rocenka/rocenka.asp?kapit=C&tab=C1.25.1&rck=20,2026-05-19T12:23:11Z
2025/2026,2025,C1.25.1,zápis: výsledky,z celku ze spádového obvodu :: Zapsané na dané škole / celkem,10764,https://statis.msmt.gov.cz/rocenka/rocenka.asp?kapit=C&tab=C1.25.1&rck=20,2026-05-19T12:23:11Z
2025/2026,2025,C1.25.1,zápis: výsledky,z celku ze spádového obvodu :: z toho dívky,5158,https://statis.msmt.gov.cz/rocenka/rocenka.asp?kapit=C&tab=C1.25.1&rck=20,2026-05-19T12:23:11Z
2025/2026,2025,C1.25.1,zápis: výsledky,z celku ze spádového obvodu :: Převedené na jinou školu / celkem,1541,https://statis.msmt.gov.cz/rocenka/rocenka.asp?kapit=C&tab=C1.25.1&rck=20,2026-05-19T12:23:11Z
2025/2026,2025,C1.25.1,zápis: výsledky,z celku ze spádového obvodu :: z toho dívky,708,https://statis.msmt.gov.cz/rocenka/rocenka.asp?kapit=C&tab=C1.25.1&rck=20,2026-05-19T12:23:11Z
2025/2026,2025,C1.25.1,zápis: výsledky,z celku ze spádového obvodu :: S žádostí o odklad docházky / celkem,1782,https://statis.msmt.gov.cz/rocenka/rocenka.asp?kapit=C&tab=C1.25.1&rck=20,2026-05-19T12:23:11Z
2025/2026,2025,C1.25.1,zápis: výsledky,z celku ze spádového obvodu :: z toho dívky,621,https://statis.msmt.gov.cz/rocenka/rocenka.asp?kapit=C&tab=C1.25.1&rck=20,2026-05-19T12:23:11Z
2025/2026,2025,C1.25.1,zápis: výsledky,z celku ze spádového obvodu :: Vzdělávání podle § 42 šk. zák. / celkem,0,https://statis.msmt.gov.cz/rocenka/rocenka.asp?kapit=C&tab=C1.25.1&rck=20,2026-05-19T12:23:11Z
2025/2026,2025,C1.25.1,zápis: výsledky,z celku ze spádového obvodu :: z toho dívky,0,https://statis.msmt.gov.cz/rocenka/rocenka.asp?kapit=C&tab=C1.25.1&rck=20,2026-05-19T12:23:11Z
2025/2026,2025,C1.25.1,zápis: výsledky,z celku ze spádového obvodu :: Neuzavřený zápis / celkem,36,https://statis.msmt.gov.cz/rocenka/rocenka.asp?kapit=C&tab=C1.25.1&rck=20,2026-05-19T12:23:11Z
2025/2026,2025,C1.25.1,zápis: výsledky,z celku ze spádového obvodu :: z toho dívky,13,https://statis.msmt.gov.cz/rocenka/rocenka.asp?kapit=C&tab=C1.25.1&rck=20,2026-05-19T12:23:11Z
2014/2015,2014,C1.22.1,1. ročník: nově přijatí podle věku,(celkem) :: Nově přijatí do 1. ročníku / žáci / celkem,13402,https://statis.msmt.gov.cz/rocenka/rocenka.asp?kapit=C&tab=C1.22.1&rck=9,2026-05-19T12:23:11Z
2014/2015,2014,C1.22.1,1. ročník: nově přijatí podle věku,(celkem) :: v tom narození / 1. 9. 2008 a později / mladší 6 let,135,https://statis.msmt.gov.cz/rocenka/rocenka.asp?kapit=C&tab=C1.22.1&rck=9,2026-05-19T12:23:11Z
2014/2015,2014,C1.22.1,1. ročník: nově přijatí podle věku,(celkem) :: 1. 9. 2007 až 31. 8. 2008 / 6letí,10544,https://statis.msmt.gov.cz/rocenka/rocenka.asp?kapit=C&tab=C1.22.1&rck=9,2026-05-19T12:23:11Z
2014/2015,2014,C1.22.1,1. ročník: nově přijatí podle věku,(celkem) :: 1. 9. 2006 až 31. 8. 2007 / 7letí,2698,https://statis.msmt.gov.cz/rocenka/rocenka.asp?kapit=C&tab=C1.22.1&rck=9,2026-05-19T12:23:11Z
2014/2015,2014,C1.22.1,1. ročník: nově přijatí podle věku,(celkem) :: 1. 9. 2005 až 31. 8. 2006 / 8letí,23,https://statis.msmt.gov.cz/rocenka/rocenka.asp?kapit=C&tab=C1.22.1&rck=9,2026-05-19T12:23:11Z
2014/2015,2014,C1.22.1,1. ročník: nově přijatí podle věku,(celkem) :: 1. 9. 2004 až 31. 8. 2005 / 9letí,2,https://statis.msmt.gov.cz/rocenka/rocenka.asp?kapit=C&tab=C1.22.1&rck=9,2026-05-19T12:23:11Z
2014/2015,2014,C1.22.1,1. ročník: nově přijatí podle věku,(celkem) :: 31. 8. 2004 a dříve / 10letí a starší,0,https://statis.msmt.gov.cz/rocenka/rocenka.asp?kapit=C&tab=C1.22.1&rck=9,2026-05-19T12:23:11Z
2014/2015,2014,C1.22.1,1. ročník: nově přijatí podle věku,(celkem) :: z toho dívky / celkem,6510,https://statis.msmt.gov.cz/rocenka/rocenka.asp?kapit=C&tab=C1.22.1&rck=9,2026-05-19T12:23:11Z
2014/2015,2014,C1.22.1,1. ročník: nově přijatí podle věku,(celkem) :: v tom narozené / 1. 9. 2008 a později / mladší 6 let,98,https://statis.msmt.gov.cz/rocenka/rocenka.asp?kapit=C&tab=C1.22.1&rck=9,2026-05-19T12:23:11Z
2014/2015,2014,C1.22.1,1. ročník: nově přijatí podle věku,(celkem) :: 1. 9. 2007 až 31. 8. 2008 / 6leté,5468,https://statis.msmt.gov.cz/rocenka/rocenka.asp?kapit=C&tab=C1.22.1&rck=9,2026-05-19T12:23:11Z
2014/2015,2014,C1.22.1,1. ročník: nově přijatí podle věku,(celkem) :: 1. 9. 2006 až 31. 8. 2007 / 7leté,937,https://statis.msmt.gov.cz/rocenka/rocenka.asp?kapit=C&tab=C1.22.1&rck=9,2026-05-19T12:23:11Z
2014/2015,2014,C1.22.1,1. ročník: nově přijatí podle věku,(celkem) :: 1. 9. 2005 až 31. 8. 2006 / 8leté,7,https://statis.msmt.gov.cz/rocenka/rocenka.asp?kapit=C&tab=C1.22.1&rck=9,2026-05-19T12:23:11Z
2014/2015,2014,C1.22.1,1. ročník: nově přijatí podle věku,(celkem) :: 1. 9. 2004 až 31. 8. 2005 / 9leté,0,https://statis.msmt.gov.cz/rocenka/rocenka.asp?kapit=C&tab=C1.22.1&rck=9,2026-05-19T12:23:11Z
2014/2015,2014,C1.22.1,1. ročník: nově přijatí podle věku,(celkem) :: 31. 8. 2004 a dříve / 10leté a starší,0,https://statis.msmt.gov.cz/rocenka/rocenka.asp?kapit=C&tab=C1.22.1&rck=9,2026-05-19T12:23:11Z
2014/2015,2014,C1.22.1,1. ročník: nově přijatí podle věku,z toho speciální třídy :: Nově přijatí do 1. ročníku / žáci / celkem,266,https://statis.msmt.gov.cz/rocenka/rocenka.asp?kapit=C&tab=C1.22.1&rck=9,2026-05-19T12:23:11Z
2014/2015,2014,C1.22.1,1. ročník: nově přijatí podle věku,z toho speciální třídy :: v tom narození / 1. 9. 2008 a později / mladší 6 let,0,https://statis.msmt.gov.cz/rocenka/rocenka.asp?kapit=C&tab=C1.22.1&rck=9,2026-05-19T12:23:11Z
2014/2015,2014,C1.22.1,1. ročník: nově přijatí podle věku,z toho speciální třídy :: 1. 9. 2007 až 31. 8. 2008 / 6letí,58,https://statis.msmt.gov.cz/rocenka/rocenka.asp?kapit=C&tab=C1.22.1&rck=9,2026-05-19T12:23:11Z
2014/2015,2014,C1.22.1,1. ročník: nově přijatí podle věku,z toho speciální třídy :: 1. 9. 2006 až 31. 8. 2007 / 7letí,197,https://statis.msmt.gov.cz/rocenka/rocenka.asp?kapit=C&tab=C1.22.1&rck=9,2026-05-19T12:23:11Z
2014/2015,2014,C1.22.1,1. ročník: nově přijatí podle věku,z toho speciální třídy :: 1. 9. 2005 až 31. 8. 2006 / 8letí,9,https://statis.msmt.gov.cz/rocenka/rocenka.asp?kapit=C&tab=C1.22.1&rck=9,2026-05-19T12:23:11Z
2014/2015,2014,C1.22.1,1. ročník: nově přijatí podle věku,z toho speciální třídy :: 1. 9. 2004 až 31. 8. 2005 / 9letí,2,https://statis.msmt.gov.cz/rocenka/rocenka.asp?kapit=C&tab=C1.22.1&rck=9,2026-05-19T12:23:11Z
2014/2015,2014,C1.22.1,1. ročník: nově přijatí podle věku,z toho speciální třídy :: 31. 8. 2004 a dříve / 10letí a starší,0,https://statis.msmt.gov.cz/rocenka/rocenka.asp?kapit=C&tab=C1.22.1&rck=9,2026-05-19T12:23:11Z
2014/2015,2014,C1.22.1,1. ročník: nově přijatí podle věku,z toho speciální třídy :: z toho dívky / celkem,88,https://statis.msmt.gov.cz/rocenka/rocenka.asp?kapit=C&tab=C1.22.1&rck=9,2026-05-19T12:23:11Z
2014/2015,2014,C1.22.1,1. ročník: nově přijatí podle věku,z toho speciální třídy :: v tom narozené / 1. 9. 2008 a později / mladší 6 let,0,https://statis.msmt.gov.cz/rocenka/rocenka.asp?kapit=C&tab=C1.22.1&rck=9,2026-05-19T12:23:11Z
2014/2015,2014,C1.22.1,1. ročník: nově přijatí podle věku,z toho speciální třídy :: 1. 9. 2007 až 31. 8. 2008 / 6leté,24,https://statis.msmt.gov.cz/rocenka/rocenka.asp?kapit=C&tab=C1.22.1&rck=9,2026-05-19T12:23:11Z
2014/2015,2014,C1.22.1,1. ročník: nově přijatí podle věku,z toho speciální třídy :: 1. 9. 2006 až 31. 8. 2007 / 7leté,62,https://statis.msmt.gov.cz/rocenka/rocenka.asp?kapit=C&tab=C1.22.1&rck=9,2026-05-19T12:23:11Z
2014/2015,2014,C1.22.1,1. ročník: nově přijatí podle věku,z toho speciální třídy :: 1. 9. 2005 až 31. 8. 2006 / 8leté,2,https://statis.msmt.gov.cz/rocenka/rocenka.asp?kapit=C&tab=C1.22.1&rck=9,2026-05-19T12:23:11Z
2014/2015,2014,C1.22.1,1. ročník: nově přijatí podle věku,z toho speciální třídy :: 1. 9. 2004 až 31. 8. 2005 / 9leté,0,https://statis.msmt.gov.cz/rocenka/rocenka.asp?kapit=C&tab=C1.22.1&rck=9,2026-05-19T12:23:11Z
2014/2015,2014,C1.22.1,1. ročník: nově přijatí podle věku,z toho speciální třídy :: 31. 8. 2004 a dříve / 10leté a starší,0,https://statis.msmt.gov.cz/rocenka/rocenka.asp?kapit=C&tab=C1.22.1&rck=9,2026-05-19T12:23:11Z
2015/2016,2015,C1.22.1,1. ročník: nově přijatí podle věku,(celkem) :: Nově přijatí do 1. ročníku / žáci / celkem,13772,https://statis.msmt.gov.cz/rocenka/rocenka.asp?kapit=C&tab=C1.22.1&rck=10,2026-05-19T12:23:11Z
2015/2016,2015,C1.22.1,1. ročník: nově přijatí podle věku,(celkem) :: v tom narození / 1. 9. 2009 a později / mladší 6 let,106,https://statis.msmt.gov.cz/rocenka/rocenka.asp?kapit=C&tab=C1.22.1&rck=10,2026-05-19T12:23:11Z
2015/2016,2015,C1.22.1,1. ročník: nově přijatí podle věku,(celkem) :: 1. 9. 2008 až 31. 8. 2009 / 6letí,10802,https://statis.msmt.gov.cz/rocenka/rocenka.asp?kapit=C&tab=C1.22.1&rck=10,2026-05-19T12:23:11Z
2015/2016,2015,C1.22.1,1. ročník: nově přijatí podle věku,(celkem) :: 1. 9. 2007 až 31. 8. 2008 / 7letí,2827,https://statis.msmt.gov.cz/rocenka/rocenka.asp?kapit=C&tab=C1.22.1&rck=10,2026-05-19T12:23:11Z
2015/2016,2015,C1.22.1,1. ročník: nově přijatí podle věku,(celkem) :: 1. 9. 2006 až 31. 8. 2007 / 8letí,37,https://statis.msmt.gov.cz/rocenka/rocenka.asp?kapit=C&tab=C1.22.1&rck=10,2026-05-19T12:23:11Z
2015/2016,2015,C1.22.1,1. ročník: nově přijatí podle věku,(celkem) :: 1. 9. 2005 až 31. 8. 2006 / 9letí,0,https://statis.msmt.gov.cz/rocenka/rocenka.asp?kapit=C&tab=C1.22.1&rck=10,2026-05-19T12:23:11Z
2015/2016,2015,C1.22.1,1. ročník: nově přijatí podle věku,(celkem) :: 31. 8. 2005 a dříve / 10letí a starší,0,https://statis.msmt.gov.cz/rocenka/rocenka.asp?kapit=C&tab=C1.22.1&rck=10,2026-05-19T12:23:11Z
2015/2016,2015,C1.22.1,1. ročník: nově přijatí podle věku,(celkem) :: z toho dívky / celkem,6722,https://statis.msmt.gov.cz/rocenka/rocenka.asp?kapit=C&tab=C1.22.1&rck=10,2026-05-19T12:23:11Z
2015/2016,2015,C1.22.1,1. ročník: nově přijatí podle věku,(celkem) :: v tom narozené / 1. 9. 2009 a později / mladší 6 let,72,https://statis.msmt.gov.cz/rocenka/rocenka.asp?kapit=C&tab=C1.22.1&rck=10,2026-05-19T12:23:11Z
2015/2016,2015,C1.22.1,1. ročník: nově přijatí podle věku,(celkem) :: 1. 9. 2008 až 31. 8. 2009 / 6leté,5686,https://statis.msmt.gov.cz/rocenka/rocenka.asp?kapit=C&tab=C1.22.1&rck=10,2026-05-19T12:23:11Z
2015/2016,2015,C1.22.1,1. ročník: nově přijatí podle věku,(celkem) :: 1. 9. 2007 až 31. 8. 2008 / 7leté,947,https://statis.msmt.gov.cz/rocenka/rocenka.asp?kapit=C&tab=C1.22.1&rck=10,2026-05-19T12:23:11Z
2015/2016,2015,C1.22.1,1. ročník: nově přijatí podle věku,(celkem) :: 1. 9. 2006 až 31. 8. 2007 / 8leté,17,https://statis.msmt.gov.cz/rocenka/rocenka.asp?kapit=C&tab=C1.22.1&rck=10,2026-05-19T12:23:11Z
2015/2016,2015,C1.22.1,1. ročník: nově přijatí podle věku,(celkem) :: 1. 9. 2005 až 31. 8. 2006 / 9leté,0,https://statis.msmt.gov.cz/rocenka/rocenka.asp?kapit=C&tab=C1.22.1&rck=10,2026-05-19T12:23:11Z
2015/2016,2015,C1.22.1,1. ročník: nově přijatí podle věku,(celkem) :: 31. 8. 2005 a dříve / 10leté a starší,0,https://statis.msmt.gov.cz/rocenka/rocenka.asp?kapit=C&tab=C1.22.1&rck=10,2026-05-19T12:23:11Z
2015/2016,2015,C1.22.1,1. ročník: nově přijatí podle věku,z toho speciální třídy :: Nově přijatí do 1. ročníku / žáci / celkem,327,https://statis.msmt.gov.cz/rocenka/rocenka.asp?kapit=C&tab=C1.22.1&rck=10,2026-05-19T12:23:11Z
2015/2016,2015,C1.22.1,1. ročník: nově přijatí podle věku,z toho speciální třídy :: v tom narození / 1. 9. 2009 a později / mladší 6 let,1,https://statis.msmt.gov.cz/rocenka/rocenka.asp?kapit=C&tab=C1.22.1&rck=10,2026-05-19T12:23:11Z
2015/2016,2015,C1.22.1,1. ročník: nově přijatí podle věku,z toho speciální třídy :: 1. 9. 2008 až 31. 8. 2009 / 6letí,68,https://statis.msmt.gov.cz/rocenka/rocenka.asp?kapit=C&tab=C1.22.1&rck=10,2026-05-19T12:23:11Z
2015/2016,2015,C1.22.1,1. ročník: nově přijatí podle věku,z toho speciální třídy :: 1. 9. 2007 až 31. 8. 2008 / 7letí,240,https://statis.msmt.gov.cz/rocenka/rocenka.asp?kapit=C&tab=C1.22.1&rck=10,2026-05-19T12:23:11Z
2015/2016,2015,C1.22.1,1. ročník: nově přijatí podle věku,z toho speciální třídy :: 1. 9. 2006 až 31. 8. 2007 / 8letí,18,https://statis.msmt.gov.cz/rocenka/rocenka.asp?kapit=C&tab=C1.22.1&rck=10,2026-05-19T12:23:11Z
2015/2016,2015,C1.22.1,1. ročník: nově přijatí podle věku,z toho speciální třídy :: 1. 9. 2005 až 31. 8. 2006 / 9letí,0,https://statis.msmt.gov.cz/rocenka/rocenka.asp?kapit=C&tab=C1.22.1&rck=10,2026-05-19T12:23:11Z
2015/2016,2015,C1.22.1,1. ročník: nově přijatí podle věku,z toho speciální třídy :: 31. 8. 2005 a dříve / 10letí a starší,0,https://statis.msmt.gov.cz/rocenka/rocenka.asp?kapit=C&tab=C1.22.1&rck=10,2026-05-19T12:23:11Z
2015/2016,2015,C1.22.1,1. ročník: nově přijatí podle věku,z toho speciální třídy :: z toho dívky / celkem,111,https://statis.msmt.gov.cz/rocenka/rocenka.asp?kapit=C&tab=C1.22.1&rck=10,2026-05-19T12:23:11Z
2015/2016,2015,C1.22.1,1. ročník: nově přijatí podle věku,z toho speciální třídy :: v tom narozené / 1. 9. 2009 a později / mladší 6 let,0,https://statis.msmt.gov.cz/rocenka/rocenka.asp?kapit=C&tab=C1.22.1&rck=10,2026-05-19T12:23:11Z
2015/2016,2015,C1.22.1,1. ročník: nově přijatí podle věku,z toho speciální třídy :: 1. 9. 2008 až 31. 8. 2009 / 6leté,25,https://statis.msmt.gov.cz/rocenka/rocenka.asp?kapit=C&tab=C1.22.1&rck=10,2026-05-19T12:23:11Z
2015/2016,2015,C1.22.1,1. ročník: nově přijatí podle věku,z toho speciální třídy :: 1. 9. 2007 až 31. 8. 2008 / 7leté,78,https://statis.msmt.gov.cz/rocenka/rocenka.asp?kapit=C&tab=C1.22.1&rck=10,2026-05-19T12:23:11Z
2015/2016,2015,C1.22.1,1. ročník: nově přijatí podle věku,z toho speciální třídy :: 1. 9. 2006 až 31. 8. 2007 / 8leté,8,https://statis.msmt.gov.cz/rocenka/rocenka.asp?kapit=C&tab=C1.22.1&rck=10,2026-05-19T12:23:11Z
2015/2016,2015,C1.22.1,1. ročník: nově přijatí podle věku,z toho speciální třídy :: 1. 9. 2005 až 31. 8. 2006 / 9leté,0,https://statis.msmt.gov.cz/rocenka/rocenka.asp?kapit=C&tab=C1.22.1&rck=10,2026-05-19T12:23:11Z
2015/2016,2015,C1.22.1,1. ročník: nově přijatí podle věku,z toho speciální třídy :: 31. 8. 2005 a dříve / 10leté a starší,0,https://statis.msmt.gov.cz/rocenka/rocenka.asp?kapit=C&tab=C1.22.1&rck=10,2026-05-19T12:23:11Z
2016/2017,2016,C1.22.1,1. ročník: nově přijatí podle věku,(celkem) :: Nově přijatí do 1. ročníku / žáci / celkem,13997,https://statis.msmt.gov.cz/rocenka/rocenka.asp?kapit=C&tab=C1.22.1&rck=11,2026-05-19T12:23:11Z
2016/2017,2016,C1.22.1,1. ročník: nově přijatí podle věku,(celkem) :: v tom narození / 1. 9. 2010 a později / mladší 6 let,106,https://statis.msmt.gov.cz/rocenka/rocenka.asp?kapit=C&tab=C1.22.1&rck=11,2026-05-19T12:23:11Z
2016/2017,2016,C1.22.1,1. ročník: nově přijatí podle věku,(celkem) :: 1. 9. 2009 až 31. 8. 2010 / 6letí,10977,https://statis.msmt.gov.cz/rocenka/rocenka.asp?kapit=C&tab=C1.22.1&rck=11,2026-05-19T12:23:11Z
2016/2017,2016,C1.22.1,1. ročník: nově přijatí podle věku,(celkem) :: 1. 9. 2008 až 31. 8. 2009 / 7letí,2870,https://statis.msmt.gov.cz/rocenka/rocenka.asp?kapit=C&tab=C1.22.1&rck=11,2026-05-19T12:23:11Z
2016/2017,2016,C1.22.1,1. ročník: nově přijatí podle věku,(celkem) :: 1. 9. 2007 až 31. 8. 2008 / 8letí,44,https://statis.msmt.gov.cz/rocenka/rocenka.asp?kapit=C&tab=C1.22.1&rck=11,2026-05-19T12:23:11Z
2016/2017,2016,C1.22.1,1. ročník: nově přijatí podle věku,(celkem) :: 1. 9. 2006 až 31. 8. 2007 / 9letí,0,https://statis.msmt.gov.cz/rocenka/rocenka.asp?kapit=C&tab=C1.22.1&rck=11,2026-05-19T12:23:11Z
2016/2017,2016,C1.22.1,1. ročník: nově přijatí podle věku,(celkem) :: 31. 8. 2006 a dříve / 10letí a starší,0,https://statis.msmt.gov.cz/rocenka/rocenka.asp?kapit=C&tab=C1.22.1&rck=11,2026-05-19T12:23:11Z
2016/2017,2016,C1.22.1,1. ročník: nově přijatí podle věku,(celkem) :: z toho dívky / celkem,6760,https://statis.msmt.gov.cz/rocenka/rocenka.asp?kapit=C&tab=C1.22.1&rck=11,2026-05-19T12:23:11Z
2016/2017,2016,C1.22.1,1. ročník: nově přijatí podle věku,(celkem) :: v tom narozené / 1. 9. 2010 a později / mladší 6 let,83,https://statis.msmt.gov.cz/rocenka/rocenka.asp?kapit=C&tab=C1.22.1&rck=11,2026-05-19T12:23:11Z
2016/2017,2016,C1.22.1,1. ročník: nově přijatí podle věku,(celkem) :: 1. 9. 2009 až 31. 8. 2010 / 6leté,5741,https://statis.msmt.gov.cz/rocenka/rocenka.asp?kapit=C&tab=C1.22.1&rck=11,2026-05-19T12:23:11Z
2016/2017,2016,C1.22.1,1. ročník: nově přijatí podle věku,(celkem) :: 1. 9. 2008 až 31. 8. 2009 / 7leté,915,https://statis.msmt.gov.cz/rocenka/rocenka.asp?kapit=C&tab=C1.22.1&rck=11,2026-05-19T12:23:11Z
2016/2017,2016,C1.22.1,1. ročník: nově přijatí podle věku,(celkem) :: 1. 9. 2007 až 31. 8. 2008 / 8leté,21,https://statis.msmt.gov.cz/rocenka/rocenka.asp?kapit=C&tab=C1.22.1&rck=11,2026-05-19T12:23:11Z
2016/2017,2016,C1.22.1,1. ročník: nově přijatí podle věku,(celkem) :: 1. 9. 2006 až 31. 8. 2007 / 9leté,0,https://statis.msmt.gov.cz/rocenka/rocenka.asp?kapit=C&tab=C1.22.1&rck=11,2026-05-19T12:23:11Z
2016/2017,2016,C1.22.1,1. ročník: nově přijatí podle věku,(celkem) :: 31. 8. 2006 a dříve / 10leté a starší,0,https://statis.msmt.gov.cz/rocenka/rocenka.asp?kapit=C&tab=C1.22.1&rck=11,2026-05-19T12:23:11Z
2016/2017,2016,C1.22.1,1. ročník: nově přijatí podle věku,v tom / z toho speciální třídy :: Nově přijatí do 1. ročníku / žáci / celkem,308,https://statis.msmt.gov.cz/rocenka/rocenka.asp?kapit=C&tab=C1.22.1&rck=11,2026-05-19T12:23:11Z
2016/2017,2016,C1.22.1,1. ročník: nově přijatí podle věku,v tom / z toho speciální třídy :: v tom narození / 1. 9. 2010 a později / mladší 6 let,0,https://statis.msmt.gov.cz/rocenka/rocenka.asp?kapit=C&tab=C1.22.1&rck=11,2026-05-19T12:23:11Z
2016/2017,2016,C1.22.1,1. ročník: nově přijatí podle věku,v tom / z toho speciální třídy :: 1. 9. 2009 až 31. 8. 2010 / 6letí,62,https://statis.msmt.gov.cz/rocenka/rocenka.asp?kapit=C&tab=C1.22.1&rck=11,2026-05-19T12:23:11Z
2016/2017,2016,C1.22.1,1. ročník: nově přijatí podle věku,v tom / z toho speciální třídy :: 1. 9. 2008 až 31. 8. 2009 / 7letí,228,https://statis.msmt.gov.cz/rocenka/rocenka.asp?kapit=C&tab=C1.22.1&rck=11,2026-05-19T12:23:11Z
2016/2017,2016,C1.22.1,1. ročník: nově přijatí podle věku,v tom / z toho speciální třídy :: 1. 9. 2007 až 31. 8. 2008 / 8letí,18,https://statis.msmt.gov.cz/rocenka/rocenka.asp?kapit=C&tab=C1.22.1&rck=11,2026-05-19T12:23:11Z
2016/2017,2016,C1.22.1,1. ročník: nově přijatí podle věku,v tom / z toho speciální třídy :: 1. 9. 2006 až 31. 8. 2007 / 9letí,0,https://statis.msmt.gov.cz/rocenka/rocenka.asp?kapit=C&tab=C1.22.1&rck=11,2026-05-19T12:23:11Z
2016/2017,2016,C1.22.1,1. ročník: nově přijatí podle věku,v tom / z toho speciální třídy :: 31. 8. 2006 a dříve / 10letí a starší,0,https://statis.msmt.gov.cz/rocenka/rocenka.asp?kapit=C&tab=C1.22.1&rck=11,2026-05-19T12:23:11Z
2016/2017,2016,C1.22.1,1. ročník: nově přijatí podle věku,v tom / z toho speciální třídy :: z toho dívky / celkem,95,https://statis.msmt.gov.cz/rocenka/rocenka.asp?kapit=C&tab=C1.22.1&rck=11,2026-05-19T12:23:11Z
2016/2017,2016,C1.22.1,1. ročník: nově přijatí podle věku,v tom / z toho speciální třídy :: v tom narozené / 1. 9. 2010 a později / mladší 6 let,0,https://statis.msmt.gov.cz/rocenka/rocenka.asp?kapit=C&tab=C1.22.1&rck=11,2026-05-19T12:23:11Z
2016/2017,2016,C1.22.1,1. ročník: nově přijatí podle věku,v tom / z toho speciální třídy :: 1. 9. 2009 až 31. 8. 2010 / 6leté,25,https://statis.msmt.gov.cz/rocenka/rocenka.asp?kapit=C&tab=C1.22.1&rck=11,2026-05-19T12:23:11Z
2016/2017,2016,C1.22.1,1. ročník: nově přijatí podle věku,v tom / z toho speciální třídy :: 1. 9. 2008 až 31. 8. 2009 / 7leté,63,https://statis.msmt.gov.cz/rocenka/rocenka.asp?kapit=C&tab=C1.22.1&rck=11,2026-05-19T12:23:11Z
2016/2017,2016,C1.22.1,1. ročník: nově přijatí podle věku,v tom / z toho speciální třídy :: 1. 9. 2007 až 31. 8. 2008 / 8leté,7,https://statis.msmt.gov.cz/rocenka/rocenka.asp?kapit=C&tab=C1.22.1&rck=11,2026-05-19T12:23:11Z
2016/2017,2016,C1.22.1,1. ročník: nově přijatí podle věku,v tom / z toho speciální třídy :: 1. 9. 2006 až 31. 8. 2007 / 9leté,0,https://statis.msmt.gov.cz/rocenka/rocenka.asp?kapit=C&tab=C1.22.1&rck=11,2026-05-19T12:23:11Z
2016/2017,2016,C1.22.1,1. ročník: nově přijatí podle věku,v tom / z toho speciální třídy :: 31. 8. 2006 a dříve / 10leté a starší,0,https://statis.msmt.gov.cz/rocenka/rocenka.asp?kapit=C&tab=C1.22.1&rck=11,2026-05-19T12:23:11Z
2017/2018,2017,C1.22.1,1. ročník: nově přijatí podle věku,(celkem) :: Nově přijatí do 1. ročníku / žáci / celkem,13529,https://statis.msmt.gov.cz/rocenka/rocenka.asp?kapit=C&tab=C1.22.1&rck=12,2026-05-19T12:23:11Z
2017/2018,2017,C1.22.1,1. ročník: nově přijatí podle věku,(celkem) :: v tom narození / 1. 9. 2011 a později / mladší 6 let,112,https://statis.msmt.gov.cz/rocenka/rocenka.asp?kapit=C&tab=C1.22.1&rck=12,2026-05-19T12:23:11Z
2017/2018,2017,C1.22.1,1. ročník: nově přijatí podle věku,(celkem) :: 1. 9. 2010 až 31. 8. 2011 / 6letí,10552,https://statis.msmt.gov.cz/rocenka/rocenka.asp?kapit=C&tab=C1.22.1&rck=12,2026-05-19T12:23:11Z
2017/2018,2017,C1.22.1,1. ročník: nově přijatí podle věku,(celkem) :: 1. 9. 2009 až 31. 8. 2010 / 7letí,2828,https://statis.msmt.gov.cz/rocenka/rocenka.asp?kapit=C&tab=C1.22.1&rck=12,2026-05-19T12:23:11Z
2017/2018,2017,C1.22.1,1. ročník: nově přijatí podle věku,(celkem) :: 1. 9. 2008 až 31. 8. 2009 / 8letí,34,https://statis.msmt.gov.cz/rocenka/rocenka.asp?kapit=C&tab=C1.22.1&rck=12,2026-05-19T12:23:11Z
2017/2018,2017,C1.22.1,1. ročník: nově přijatí podle věku,(celkem) :: 1. 9. 2007 až 31. 8. 2008 / 9letí,2,https://statis.msmt.gov.cz/rocenka/rocenka.asp?kapit=C&tab=C1.22.1&rck=12,2026-05-19T12:23:11Z
2017/2018,2017,C1.22.1,1. ročník: nově přijatí podle věku,(celkem) :: 31. 8. 2007 a dříve / 10letí a starší,1,https://statis.msmt.gov.cz/rocenka/rocenka.asp?kapit=C&tab=C1.22.1&rck=12,2026-05-19T12:23:11Z
2017/2018,2017,C1.22.1,1. ročník: nově přijatí podle věku,(celkem) :: z toho dívky / celkem,6524,https://statis.msmt.gov.cz/rocenka/rocenka.asp?kapit=C&tab=C1.22.1&rck=12,2026-05-19T12:23:11Z
2017/2018,2017,C1.22.1,1. ročník: nově přijatí podle věku,(celkem) :: v tom narozené / 1. 9. 2011 a později / mladší 6 let,81,https://statis.msmt.gov.cz/rocenka/rocenka.asp?kapit=C&tab=C1.22.1&rck=12,2026-05-19T12:23:11Z
2017/2018,2017,C1.22.1,1. ročník: nově přijatí podle věku,(celkem) :: 1. 9. 2010 až 31. 8. 2011 / 6leté,5486,https://statis.msmt.gov.cz/rocenka/rocenka.asp?kapit=C&tab=C1.22.1&rck=12,2026-05-19T12:23:11Z
2017/2018,2017,C1.22.1,1. ročník: nově přijatí podle věku,(celkem) :: 1. 9. 2009 až 31. 8. 2010 / 7leté,943,https://statis.msmt.gov.cz/rocenka/rocenka.asp?kapit=C&tab=C1.22.1&rck=12,2026-05-19T12:23:11Z
2017/2018,2017,C1.22.1,1. ročník: nově přijatí podle věku,(celkem) :: 1. 9. 2008 až 31. 8. 2009 / 8leté,12,https://statis.msmt.gov.cz/rocenka/rocenka.asp?kapit=C&tab=C1.22.1&rck=12,2026-05-19T12:23:11Z
2017/2018,2017,C1.22.1,1. ročník: nově přijatí podle věku,(celkem) :: 1. 9. 2007 až 31. 8. 2008 / 9leté,2,https://statis.msmt.gov.cz/rocenka/rocenka.asp?kapit=C&tab=C1.22.1&rck=12,2026-05-19T12:23:11Z
2017/2018,2017,C1.22.1,1. ročník: nově přijatí podle věku,(celkem) :: 31. 8. 2007 a dříve / 10leté a starší,0,https://statis.msmt.gov.cz/rocenka/rocenka.asp?kapit=C&tab=C1.22.1&rck=12,2026-05-19T12:23:11Z
2017/2018,2017,C1.22.1,1. ročník: nově přijatí podle věku,v tom / z toho speciální třídy :: Nově přijatí do 1. ročníku / žáci / celkem,273,https://statis.msmt.gov.cz/rocenka/rocenka.asp?kapit=C&tab=C1.22.1&rck=12,2026-05-19T12:23:11Z
2017/2018,2017,C1.22.1,1. ročník: nově přijatí podle věku,v tom / z toho speciální třídy :: v tom narození / 1. 9. 2011 a později / mladší 6 let,1,https://statis.msmt.gov.cz/rocenka/rocenka.asp?kapit=C&tab=C1.22.1&rck=12,2026-05-19T12:23:11Z
2017/2018,2017,C1.22.1,1. ročník: nově přijatí podle věku,v tom / z toho speciální třídy :: 1. 9. 2010 až 31. 8. 2011 / 6letí,40,https://statis.msmt.gov.cz/rocenka/rocenka.asp?kapit=C&tab=C1.22.1&rck=12,2026-05-19T12:23:11Z
2017/2018,2017,C1.22.1,1. ročník: nově přijatí podle věku,v tom / z toho speciální třídy :: 1. 9. 2009 až 31. 8. 2010 / 7letí,210,https://statis.msmt.gov.cz/rocenka/rocenka.asp?kapit=C&tab=C1.22.1&rck=12,2026-05-19T12:23:11Z
2017/2018,2017,C1.22.1,1. ročník: nově přijatí podle věku,v tom / z toho speciální třídy :: 1. 9. 2008 až 31. 8. 2009 / 8letí,20,https://statis.msmt.gov.cz/rocenka/rocenka.asp?kapit=C&tab=C1.22.1&rck=12,2026-05-19T12:23:11Z
2017/2018,2017,C1.22.1,1. ročník: nově přijatí podle věku,v tom / z toho speciální třídy :: 1. 9. 2007 až 31. 8. 2008 / 9letí,1,https://statis.msmt.gov.cz/rocenka/rocenka.asp?kapit=C&tab=C1.22.1&rck=12,2026-05-19T12:23:11Z
2017/2018,2017,C1.22.1,1. ročník: nově přijatí podle věku,v tom / z toho speciální třídy :: 31. 8. 2007 a dříve / 10letí a starší,1,https://statis.msmt.gov.cz/rocenka/rocenka.asp?kapit=C&tab=C1.22.1&rck=12,2026-05-19T12:23:11Z
2017/2018,2017,C1.22.1,1. ročník: nově přijatí podle věku,v tom / z toho speciální třídy :: z toho dívky / celkem,86,https://statis.msmt.gov.cz/rocenka/rocenka.asp?kapit=C&tab=C1.22.1&rck=12,2026-05-19T12:23:11Z
2017/2018,2017,C1.22.1,1. ročník: nově přijatí podle věku,v tom / z toho speciální třídy :: v tom narozené / 1. 9. 2011 a později / mladší 6 let,0,https://statis.msmt.gov.cz/rocenka/rocenka.asp?kapit=C&tab=C1.22.1&rck=12,2026-05-19T12:23:11Z
2017/2018,2017,C1.22.1,1. ročník: nově přijatí podle věku,v tom / z toho speciální třídy :: 1. 9. 2010 až 31. 8. 2011 / 6leté,15,https://statis.msmt.gov.cz/rocenka/rocenka.asp?kapit=C&tab=C1.22.1&rck=12,2026-05-19T12:23:11Z
2017/2018,2017,C1.22.1,1. ročník: nově přijatí podle věku,v tom / z toho speciální třídy :: 1. 9. 2009 až 31. 8. 2010 / 7leté,64,https://statis.msmt.gov.cz/rocenka/rocenka.asp?kapit=C&tab=C1.22.1&rck=12,2026-05-19T12:23:11Z
2017/2018,2017,C1.22.1,1. ročník: nově přijatí podle věku,v tom / z toho speciální třídy :: 1. 9. 2008 až 31. 8. 2009 / 8leté,6,https://statis.msmt.gov.cz/rocenka/rocenka.asp?kapit=C&tab=C1.22.1&rck=12,2026-05-19T12:23:11Z
2017/2018,2017,C1.22.1,1. ročník: nově přijatí podle věku,v tom / z toho speciální třídy :: 1. 9. 2007 až 31. 8. 2008 / 9leté,1,https://statis.msmt.gov.cz/rocenka/rocenka.asp?kapit=C&tab=C1.22.1&rck=12,2026-05-19T12:23:11Z
2017/2018,2017,C1.22.1,1. ročník: nově přijatí podle věku,v tom / z toho speciální třídy :: 31. 8. 2007 a dříve / 10leté a starší,0,https://statis.msmt.gov.cz/rocenka/rocenka.asp?kapit=C&tab=C1.22.1&rck=12,2026-05-19T12:23:11Z
2018/2019,2018,C1.22.1,1. ročník: nově přijatí podle věku,(celkem) :: Nově přijatí do 1. ročníku / žáci / celkem,13496,https://statis.msmt.gov.cz/rocenka/rocenka.asp?kapit=C&tab=C1.22.1&rck=13,2026-05-19T12:23:11Z
2018/2019,2018,C1.22.1,1. ročník: nově přijatí podle věku,(celkem) :: v tom narození / 1. 9. 2012 a později / mladší 6 let,112,https://statis.msmt.gov.cz/rocenka/rocenka.asp?kapit=C&tab=C1.22.1&rck=13,2026-05-19T12:23:11Z
2018/2019,2018,C1.22.1,1. ročník: nově přijatí podle věku,(celkem) :: 1. 9. 2011 až 31. 8. 2012 / 6letí,10545,https://statis.msmt.gov.cz/rocenka/rocenka.asp?kapit=C&tab=C1.22.1&rck=13,2026-05-19T12:23:11Z
2018/2019,2018,C1.22.1,1. ročník: nově přijatí podle věku,(celkem) :: 1. 9. 2010 až 31. 8. 2011 / 7letí,2781,https://statis.msmt.gov.cz/rocenka/rocenka.asp?kapit=C&tab=C1.22.1&rck=13,2026-05-19T12:23:11Z
2018/2019,2018,C1.22.1,1. ročník: nově přijatí podle věku,(celkem) :: 1. 9. 2009 až 31. 8. 2010 / 8letí,57,https://statis.msmt.gov.cz/rocenka/rocenka.asp?kapit=C&tab=C1.22.1&rck=13,2026-05-19T12:23:11Z
2018/2019,2018,C1.22.1,1. ročník: nově přijatí podle věku,(celkem) :: 1. 9. 2008 až 31. 8. 2009 / 9letí,1,https://statis.msmt.gov.cz/rocenka/rocenka.asp?kapit=C&tab=C1.22.1&rck=13,2026-05-19T12:23:11Z
2018/2019,2018,C1.22.1,1. ročník: nově přijatí podle věku,(celkem) :: 31. 8. 2008 a dříve / 10letí a starší,0,https://statis.msmt.gov.cz/rocenka/rocenka.asp?kapit=C&tab=C1.22.1&rck=13,2026-05-19T12:23:11Z
2018/2019,2018,C1.22.1,1. ročník: nově přijatí podle věku,(celkem) :: z toho dívky / celkem,6635,https://statis.msmt.gov.cz/rocenka/rocenka.asp?kapit=C&tab=C1.22.1&rck=13,2026-05-19T12:23:11Z
2018/2019,2018,C1.22.1,1. ročník: nově přijatí podle věku,(celkem) :: v tom narozené / 1. 9. 2012 a později / mladší 6 let,75,https://statis.msmt.gov.cz/rocenka/rocenka.asp?kapit=C&tab=C1.22.1&rck=13,2026-05-19T12:23:11Z
2018/2019,2018,C1.22.1,1. ročník: nově přijatí podle věku,(celkem) :: 1. 9. 2011 až 31. 8. 2012 / 6leté,5565,https://statis.msmt.gov.cz/rocenka/rocenka.asp?kapit=C&tab=C1.22.1&rck=13,2026-05-19T12:23:11Z
2018/2019,2018,C1.22.1,1. ročník: nově přijatí podle věku,(celkem) :: 1. 9. 2010 až 31. 8. 2011 / 7leté,979,https://statis.msmt.gov.cz/rocenka/rocenka.asp?kapit=C&tab=C1.22.1&rck=13,2026-05-19T12:23:11Z
2018/2019,2018,C1.22.1,1. ročník: nově přijatí podle věku,(celkem) :: 1. 9. 2009 až 31. 8. 2010 / 8leté,16,https://statis.msmt.gov.cz/rocenka/rocenka.asp?kapit=C&tab=C1.22.1&rck=13,2026-05-19T12:23:11Z
2018/2019,2018,C1.22.1,1. ročník: nově přijatí podle věku,(celkem) :: 1. 9. 2008 až 31. 8. 2009 / 9leté,0,https://statis.msmt.gov.cz/rocenka/rocenka.asp?kapit=C&tab=C1.22.1&rck=13,2026-05-19T12:23:11Z
2018/2019,2018,C1.22.1,1. ročník: nově přijatí podle věku,(celkem) :: 31. 8. 2008 a dříve / 10leté a starší,0,https://statis.msmt.gov.cz/rocenka/rocenka.asp?kapit=C&tab=C1.22.1&rck=13,2026-05-19T12:23:11Z
2018/2019,2018,C1.22.1,1. ročník: nově přijatí podle věku,v tom / z toho speciální třídy :: Nově přijatí do 1. ročníku / žáci / celkem,267,https://statis.msmt.gov.cz/rocenka/rocenka.asp?kapit=C&tab=C1.22.1&rck=13,2026-05-19T12:23:11Z
2018/2019,2018,C1.22.1,1. ročník: nově přijatí podle věku,v tom / z toho speciální třídy :: v tom narození / 1. 9. 2012 a později / mladší 6 let,0,https://statis.msmt.gov.cz/rocenka/rocenka.asp?kapit=C&tab=C1.22.1&rck=13,2026-05-19T12:23:11Z
2018/2019,2018,C1.22.1,1. ročník: nově přijatí podle věku,v tom / z toho speciální třídy :: 1. 9. 2011 až 31. 8. 2012 / 6letí,37,https://statis.msmt.gov.cz/rocenka/rocenka.asp?kapit=C&tab=C1.22.1&rck=13,2026-05-19T12:23:11Z
2018/2019,2018,C1.22.1,1. ročník: nově přijatí podle věku,v tom / z toho speciální třídy :: 1. 9. 2010 až 31. 8. 2011 / 7letí,202,https://statis.msmt.gov.cz/rocenka/rocenka.asp?kapit=C&tab=C1.22.1&rck=13,2026-05-19T12:23:11Z
2018/2019,2018,C1.22.1,1. ročník: nově přijatí podle věku,v tom / z toho speciální třídy :: 1. 9. 2009 až 31. 8. 2010 / 8letí,28,https://statis.msmt.gov.cz/rocenka/rocenka.asp?kapit=C&tab=C1.22.1&rck=13,2026-05-19T12:23:11Z
2018/2019,2018,C1.22.1,1. ročník: nově přijatí podle věku,v tom / z toho speciální třídy :: 1. 9. 2008 až 31. 8. 2009 / 9letí,0,https://statis.msmt.gov.cz/rocenka/rocenka.asp?kapit=C&tab=C1.22.1&rck=13,2026-05-19T12:23:11Z
2018/2019,2018,C1.22.1,1. ročník: nově přijatí podle věku,v tom / z toho speciální třídy :: 31. 8. 2008 a dříve / 10letí a starší,0,https://statis.msmt.gov.cz/rocenka/rocenka.asp?kapit=C&tab=C1.22.1&rck=13,2026-05-19T12:23:11Z
2018/2019,2018,C1.22.1,1. ročník: nově přijatí podle věku,v tom / z toho speciální třídy :: z toho dívky / celkem,75,https://statis.msmt.gov.cz/rocenka/rocenka.asp?kapit=C&tab=C1.22.1&rck=13,2026-05-19T12:23:11Z
2018/2019,2018,C1.22.1,1. ročník: nově přijatí podle věku,v tom / z toho speciální třídy :: v tom narozené / 1. 9. 2012 a později / mladší 6 let,0,https://statis.msmt.gov.cz/rocenka/rocenka.asp?kapit=C&tab=C1.22.1&rck=13,2026-05-19T12:23:11Z
2018/2019,2018,C1.22.1,1. ročník: nově přijatí podle věku,v tom / z toho speciální třídy :: 1. 9. 2011 až 31. 8. 2012 / 6leté,12,https://statis.msmt.gov.cz/rocenka/rocenka.asp?kapit=C&tab=C1.22.1&rck=13,2026-05-19T12:23:11Z
2018/2019,2018,C1.22.1,1. ročník: nově přijatí podle věku,v tom / z toho speciální třídy :: 1. 9. 2010 až 31. 8. 2011 / 7leté,57,https://statis.msmt.gov.cz/rocenka/rocenka.asp?kapit=C&tab=C1.22.1&rck=13,2026-05-19T12:23:11Z
2018/2019,2018,C1.22.1,1. ročník: nově přijatí podle věku,v tom / z toho speciální třídy :: 1. 9. 2009 až 31. 8. 2010 / 8leté,6,https://statis.msmt.gov.cz/rocenka/rocenka.asp?kapit=C&tab=C1.22.1&rck=13,2026-05-19T12:23:11Z
2018/2019,2018,C1.22.1,1. ročník: nově přijatí podle věku,v tom / z toho speciální třídy :: 1. 9. 2008 až 31. 8. 2009 / 9leté,0,https://statis.msmt.gov.cz/rocenka/rocenka.asp?kapit=C&tab=C1.22.1&rck=13,2026-05-19T12:23:11Z
2018/2019,2018,C1.22.1,1. ročník: nově přijatí podle věku,v tom / z toho speciální třídy :: 31. 8. 2008 a dříve / 10leté a starší,0,https://statis.msmt.gov.cz/rocenka/rocenka.asp?kapit=C&tab=C1.22.1&rck=13,2026-05-19T12:23:11Z
2019/2020,2019,C1.22.1,1. ročník: nově přijatí podle věku,(celkem) :: Nově přijatí do 1. ročníku / žáci / celkem,13067,https://statis.msmt.gov.cz/rocenka/rocenka.asp?kapit=C&tab=C1.22.1&rck=14,2026-05-19T12:23:11Z
2019/2020,2019,C1.22.1,1. ročník: nově přijatí podle věku,(celkem) :: v tom narození / 1. 9. 2013 a později / mladší 6 let,87,https://statis.msmt.gov.cz/rocenka/rocenka.asp?kapit=C&tab=C1.22.1&rck=14,2026-05-19T12:23:11Z
2019/2020,2019,C1.22.1,1. ročník: nově přijatí podle věku,(celkem) :: 1. 9. 2012 až 31. 8. 2013 / 6letí,10086,https://statis.msmt.gov.cz/rocenka/rocenka.asp?kapit=C&tab=C1.22.1&rck=14,2026-05-19T12:23:11Z
2019/2020,2019,C1.22.1,1. ročník: nově přijatí podle věku,(celkem) :: 1. 9. 2011 až 31. 8. 2012 / 7letí,2853,https://statis.msmt.gov.cz/rocenka/rocenka.asp?kapit=C&tab=C1.22.1&rck=14,2026-05-19T12:23:11Z
2019/2020,2019,C1.22.1,1. ročník: nově přijatí podle věku,(celkem) :: 1. 9. 2010 až 31. 8. 2011 / 8letí,40,https://statis.msmt.gov.cz/rocenka/rocenka.asp?kapit=C&tab=C1.22.1&rck=14,2026-05-19T12:23:11Z
2019/2020,2019,C1.22.1,1. ročník: nově přijatí podle věku,(celkem) :: 1. 9. 2009 až 31. 8. 2010 / 9letí,1,https://statis.msmt.gov.cz/rocenka/rocenka.asp?kapit=C&tab=C1.22.1&rck=14,2026-05-19T12:23:11Z
2019/2020,2019,C1.22.1,1. ročník: nově přijatí podle věku,(celkem) :: 31. 8. 2009 a dříve / 10letí a starší,0,https://statis.msmt.gov.cz/rocenka/rocenka.asp?kapit=C&tab=C1.22.1&rck=14,2026-05-19T12:23:11Z
2019/2020,2019,C1.22.1,1. ročník: nově přijatí podle věku,(celkem) :: z toho dívky / celkem,6458,https://statis.msmt.gov.cz/rocenka/rocenka.asp?kapit=C&tab=C1.22.1&rck=14,2026-05-19T12:23:11Z
2019/2020,2019,C1.22.1,1. ročník: nově přijatí podle věku,(celkem) :: v tom narozené / 1. 9. 2013 a později / mladší 6 let,61,https://statis.msmt.gov.cz/rocenka/rocenka.asp?kapit=C&tab=C1.22.1&rck=14,2026-05-19T12:23:11Z
2019/2020,2019,C1.22.1,1. ročník: nově přijatí podle věku,(celkem) :: 1. 9. 2012 až 31. 8. 2013 / 6leté,5348,https://statis.msmt.gov.cz/rocenka/rocenka.asp?kapit=C&tab=C1.22.1&rck=14,2026-05-19T12:23:11Z
2019/2020,2019,C1.22.1,1. ročník: nově přijatí podle věku,(celkem) :: 1. 9. 2011 až 31. 8. 2012 / 7leté,1032,https://statis.msmt.gov.cz/rocenka/rocenka.asp?kapit=C&tab=C1.22.1&rck=14,2026-05-19T12:23:11Z
2019/2020,2019,C1.22.1,1. ročník: nově přijatí podle věku,(celkem) :: 1. 9. 2010 až 31. 8. 2011 / 8leté,17,https://statis.msmt.gov.cz/rocenka/rocenka.asp?kapit=C&tab=C1.22.1&rck=14,2026-05-19T12:23:11Z
2019/2020,2019,C1.22.1,1. ročník: nově přijatí podle věku,(celkem) :: 1. 9. 2009 až 31. 8. 2010 / 9leté,0,https://statis.msmt.gov.cz/rocenka/rocenka.asp?kapit=C&tab=C1.22.1&rck=14,2026-05-19T12:23:11Z
2019/2020,2019,C1.22.1,1. ročník: nově přijatí podle věku,(celkem) :: 31. 8. 2009 a dříve / 10leté a starší,0,https://statis.msmt.gov.cz/rocenka/rocenka.asp?kapit=C&tab=C1.22.1&rck=14,2026-05-19T12:23:11Z
2019/2020,2019,C1.22.1,1. ročník: nově přijatí podle věku,v tom / z toho speciální třídy :: Nově přijatí do 1. ročníku / žáci / celkem,284,https://statis.msmt.gov.cz/rocenka/rocenka.asp?kapit=C&tab=C1.22.1&rck=14,2026-05-19T12:23:11Z
2019/2020,2019,C1.22.1,1. ročník: nově přijatí podle věku,v tom / z toho speciální třídy :: v tom narození / 1. 9. 2013 a později / mladší 6 let,0,https://statis.msmt.gov.cz/rocenka/rocenka.asp?kapit=C&tab=C1.22.1&rck=14,2026-05-19T12:23:11Z
2019/2020,2019,C1.22.1,1. ročník: nově přijatí podle věku,v tom / z toho speciální třídy :: 1. 9. 2012 až 31. 8. 2013 / 6letí,39,https://statis.msmt.gov.cz/rocenka/rocenka.asp?kapit=C&tab=C1.22.1&rck=14,2026-05-19T12:23:11Z
2019/2020,2019,C1.22.1,1. ročník: nově přijatí podle věku,v tom / z toho speciální třídy :: 1. 9. 2011 až 31. 8. 2012 / 7letí,217,https://statis.msmt.gov.cz/rocenka/rocenka.asp?kapit=C&tab=C1.22.1&rck=14,2026-05-19T12:23:11Z
2019/2020,2019,C1.22.1,1. ročník: nově přijatí podle věku,v tom / z toho speciální třídy :: 1. 9. 2010 až 31. 8. 2011 / 8letí,27,https://statis.msmt.gov.cz/rocenka/rocenka.asp?kapit=C&tab=C1.22.1&rck=14,2026-05-19T12:23:11Z
2019/2020,2019,C1.22.1,1. ročník: nově přijatí podle věku,v tom / z toho speciální třídy :: 1. 9. 2009 až 31. 8. 2010 / 9letí,1,https://statis.msmt.gov.cz/rocenka/rocenka.asp?kapit=C&tab=C1.22.1&rck=14,2026-05-19T12:23:11Z
2019/2020,2019,C1.22.1,1. ročník: nově přijatí podle věku,v tom / z toho speciální třídy :: 31. 8. 2009 a dříve / 10letí a starší,0,https://statis.msmt.gov.cz/rocenka/rocenka.asp?kapit=C&tab=C1.22.1&rck=14,2026-05-19T12:23:11Z
2019/2020,2019,C1.22.1,1. ročník: nově přijatí podle věku,v tom / z toho speciální třídy :: z toho dívky / celkem,90,https://statis.msmt.gov.cz/rocenka/rocenka.asp?kapit=C&tab=C1.22.1&rck=14,2026-05-19T12:23:11Z
2019/2020,2019,C1.22.1,1. ročník: nově přijatí podle věku,v tom / z toho speciální třídy :: v tom narozené / 1. 9. 2013 a později / mladší 6 let,0,https://statis.msmt.gov.cz/rocenka/rocenka.asp?kapit=C&tab=C1.22.1&rck=14,2026-05-19T12:23:11Z
2019/2020,2019,C1.22.1,1. ročník: nově přijatí podle věku,v tom / z toho speciální třídy :: 1. 9. 2012 až 31. 8. 2013 / 6leté,13,https://statis.msmt.gov.cz/rocenka/rocenka.asp?kapit=C&tab=C1.22.1&rck=14,2026-05-19T12:23:11Z
2019/2020,2019,C1.22.1,1. ročník: nově přijatí podle věku,v tom / z toho speciální třídy :: 1. 9. 2011 až 31. 8. 2012 / 7leté,67,https://statis.msmt.gov.cz/rocenka/rocenka.asp?kapit=C&tab=C1.22.1&rck=14,2026-05-19T12:23:11Z
2019/2020,2019,C1.22.1,1. ročník: nově přijatí podle věku,v tom / z toho speciální třídy :: 1. 9. 2010 až 31. 8. 2011 / 8leté,10,https://statis.msmt.gov.cz/rocenka/rocenka.asp?kapit=C&tab=C1.22.1&rck=14,2026-05-19T12:23:11Z
2019/2020,2019,C1.22.1,1. ročník: nově přijatí podle věku,v tom / z toho speciální třídy :: 1. 9. 2009 až 31. 8. 2010 / 9leté,0,https://statis.msmt.gov.cz/rocenka/rocenka.asp?kapit=C&tab=C1.22.1&rck=14,2026-05-19T12:23:11Z
2019/2020,2019,C1.22.1,1. ročník: nově přijatí podle věku,v tom / z toho speciální třídy :: 31. 8. 2009 a dříve / 10leté a starší,0,https://statis.msmt.gov.cz/rocenka/rocenka.asp?kapit=C&tab=C1.22.1&rck=14,2026-05-19T12:23:11Z
2020/2021,2020,C1.22.1,1. ročník: nově přijatí podle věku,(celkem) :: Nově přijatí do 1. ročníku / žáci / celkem,13241,https://statis.msmt.gov.cz/rocenka/rocenka.asp?kapit=C&tab=C1.22.1&rck=15,2026-05-19T12:23:11Z
2020/2021,2020,C1.22.1,1. ročník: nově přijatí podle věku,(celkem) :: v tom narození / 1. 9. 2014 a později / mladší 6 let,89,https://statis.msmt.gov.cz/rocenka/rocenka.asp?kapit=C&tab=C1.22.1&rck=15,2026-05-19T12:23:11Z
2020/2021,2020,C1.22.1,1. ročník: nově přijatí podle věku,(celkem) :: 1. 9. 2013 až 31. 8. 2014 / 6letí,10186,https://statis.msmt.gov.cz/rocenka/rocenka.asp?kapit=C&tab=C1.22.1&rck=15,2026-05-19T12:23:11Z
2020/2021,2020,C1.22.1,1. ročník: nově přijatí podle věku,(celkem) :: 1. 9. 2012 až 31. 8. 2013 / 7letí,2927,https://statis.msmt.gov.cz/rocenka/rocenka.asp?kapit=C&tab=C1.22.1&rck=15,2026-05-19T12:23:11Z
2020/2021,2020,C1.22.1,1. ročník: nově přijatí podle věku,(celkem) :: 1. 9. 2011 až 31. 8. 2012 / 8letí,39,https://statis.msmt.gov.cz/rocenka/rocenka.asp?kapit=C&tab=C1.22.1&rck=15,2026-05-19T12:23:11Z
2020/2021,2020,C1.22.1,1. ročník: nově přijatí podle věku,(celkem) :: 1. 9. 2010 až 31. 8. 2011 / 9letí,0,https://statis.msmt.gov.cz/rocenka/rocenka.asp?kapit=C&tab=C1.22.1&rck=15,2026-05-19T12:23:11Z
2020/2021,2020,C1.22.1,1. ročník: nově přijatí podle věku,(celkem) :: 31. 8. 2010 a dříve / 10letí a starší,0,https://statis.msmt.gov.cz/rocenka/rocenka.asp?kapit=C&tab=C1.22.1&rck=15,2026-05-19T12:23:11Z
2020/2021,2020,C1.22.1,1. ročník: nově přijatí podle věku,(celkem) :: z toho dívky / celkem,6449,https://statis.msmt.gov.cz/rocenka/rocenka.asp?kapit=C&tab=C1.22.1&rck=15,2026-05-19T12:23:11Z
2020/2021,2020,C1.22.1,1. ročník: nově přijatí podle věku,(celkem) :: v tom narozené / 1. 9. 2014 a později / mladší 6 let,62,https://statis.msmt.gov.cz/rocenka/rocenka.asp?kapit=C&tab=C1.22.1&rck=15,2026-05-19T12:23:11Z
2020/2021,2020,C1.22.1,1. ročník: nově přijatí podle věku,(celkem) :: 1. 9. 2013 až 31. 8. 2014 / 6leté,5376,https://statis.msmt.gov.cz/rocenka/rocenka.asp?kapit=C&tab=C1.22.1&rck=15,2026-05-19T12:23:11Z
2020/2021,2020,C1.22.1,1. ročník: nově přijatí podle věku,(celkem) :: 1. 9. 2012 až 31. 8. 2013 / 7leté,992,https://statis.msmt.gov.cz/rocenka/rocenka.asp?kapit=C&tab=C1.22.1&rck=15,2026-05-19T12:23:11Z
2020/2021,2020,C1.22.1,1. ročník: nově přijatí podle věku,(celkem) :: 1. 9. 2011 až 31. 8. 2012 / 8leté,19,https://statis.msmt.gov.cz/rocenka/rocenka.asp?kapit=C&tab=C1.22.1&rck=15,2026-05-19T12:23:11Z
2020/2021,2020,C1.22.1,1. ročník: nově přijatí podle věku,(celkem) :: 1. 9. 2010 až 31. 8. 2011 / 9leté,0,https://statis.msmt.gov.cz/rocenka/rocenka.asp?kapit=C&tab=C1.22.1&rck=15,2026-05-19T12:23:11Z
2020/2021,2020,C1.22.1,1. ročník: nově přijatí podle věku,(celkem) :: 31. 8. 2010 a dříve / 10leté a starší,0,https://statis.msmt.gov.cz/rocenka/rocenka.asp?kapit=C&tab=C1.22.1&rck=15,2026-05-19T12:23:11Z
2020/2021,2020,C1.22.1,1. ročník: nově přijatí podle věku,v tom / z toho speciální třídy :: Nově přijatí do 1. ročníku / žáci / celkem,282,https://statis.msmt.gov.cz/rocenka/rocenka.asp?kapit=C&tab=C1.22.1&rck=15,2026-05-19T12:23:11Z
2020/2021,2020,C1.22.1,1. ročník: nově přijatí podle věku,v tom / z toho speciální třídy :: v tom narození / 1. 9. 2014 a později / mladší 6 let,0,https://statis.msmt.gov.cz/rocenka/rocenka.asp?kapit=C&tab=C1.22.1&rck=15,2026-05-19T12:23:11Z
2020/2021,2020,C1.22.1,1. ročník: nově přijatí podle věku,v tom / z toho speciální třídy :: 1. 9. 2013 až 31. 8. 2014 / 6letí,44,https://statis.msmt.gov.cz/rocenka/rocenka.asp?kapit=C&tab=C1.22.1&rck=15,2026-05-19T12:23:11Z
2020/2021,2020,C1.22.1,1. ročník: nově přijatí podle věku,v tom / z toho speciální třídy :: 1. 9. 2012 až 31. 8. 2013 / 7letí,213,https://statis.msmt.gov.cz/rocenka/rocenka.asp?kapit=C&tab=C1.22.1&rck=15,2026-05-19T12:23:11Z
2020/2021,2020,C1.22.1,1. ročník: nově přijatí podle věku,v tom / z toho speciální třídy :: 1. 9. 2011 až 31. 8. 2012 / 8letí,25,https://statis.msmt.gov.cz/rocenka/rocenka.asp?kapit=C&tab=C1.22.1&rck=15,2026-05-19T12:23:11Z
2020/2021,2020,C1.22.1,1. ročník: nově přijatí podle věku,v tom / z toho speciální třídy :: 1. 9. 2010 až 31. 8. 2011 / 9letí,0,https://statis.msmt.gov.cz/rocenka/rocenka.asp?kapit=C&tab=C1.22.1&rck=15,2026-05-19T12:23:11Z
2020/2021,2020,C1.22.1,1. ročník: nově přijatí podle věku,v tom / z toho speciální třídy :: 31. 8. 2010 a dříve / 10letí a starší,0,https://statis.msmt.gov.cz/rocenka/rocenka.asp?kapit=C&tab=C1.22.1&rck=15,2026-05-19T12:23:11Z
2020/2021,2020,C1.22.1,1. ročník: nově přijatí podle věku,v tom / z toho speciální třídy :: z toho dívky / celkem,92,https://statis.msmt.gov.cz/rocenka/rocenka.asp?kapit=C&tab=C1.22.1&rck=15,2026-05-19T12:23:11Z
2020/2021,2020,C1.22.1,1. ročník: nově přijatí podle věku,v tom / z toho speciální třídy :: v tom narozené / 1. 9. 2014 a později / mladší 6 let,0,https://statis.msmt.gov.cz/rocenka/rocenka.asp?kapit=C&tab=C1.22.1&rck=15,2026-05-19T12:23:11Z
2020/2021,2020,C1.22.1,1. ročník: nově přijatí podle věku,v tom / z toho speciální třídy :: 1. 9. 2013 až 31. 8. 2014 / 6leté,18,https://statis.msmt.gov.cz/rocenka/rocenka.asp?kapit=C&tab=C1.22.1&rck=15,2026-05-19T12:23:11Z
2020/2021,2020,C1.22.1,1. ročník: nově přijatí podle věku,v tom / z toho speciální třídy :: 1. 9. 2012 až 31. 8. 2013 / 7leté,63,https://statis.msmt.gov.cz/rocenka/rocenka.asp?kapit=C&tab=C1.22.1&rck=15,2026-05-19T12:23:11Z
2020/2021,2020,C1.22.1,1. ročník: nově přijatí podle věku,v tom / z toho speciální třídy :: 1. 9. 2011 až 31. 8. 2012 / 8leté,11,https://statis.msmt.gov.cz/rocenka/rocenka.asp?kapit=C&tab=C1.22.1&rck=15,2026-05-19T12:23:11Z
2020/2021,2020,C1.22.1,1. ročník: nově přijatí podle věku,v tom / z toho speciální třídy :: 1. 9. 2010 až 31. 8. 2011 / 9leté,0,https://statis.msmt.gov.cz/rocenka/rocenka.asp?kapit=C&tab=C1.22.1&rck=15,2026-05-19T12:23:11Z
2020/2021,2020,C1.22.1,1. ročník: nově přijatí podle věku,v tom / z toho speciální třídy :: 31. 8. 2010 a dříve / 10leté a starší,0,https://statis.msmt.gov.cz/rocenka/rocenka.asp?kapit=C&tab=C1.22.1&rck=15,2026-05-19T12:23:11Z
2021/2022,2021,C1.22.1,1. ročník: nově přijatí podle věku,(celkem) :: Nově přijatí do 1. ročníku / žáci / celkem,13061,https://statis.msmt.gov.cz/rocenka/rocenka.asp?kapit=C&tab=C1.22.1&rck=16,2026-05-19T12:23:11Z
2021/2022,2021,C1.22.1,1. ročník: nově přijatí podle věku,(celkem) :: v tom narození / 1. 9. 2015 a později / mladší 6 let,81,https://statis.msmt.gov.cz/rocenka/rocenka.asp?kapit=C&tab=C1.22.1&rck=16,2026-05-19T12:23:11Z
2021/2022,2021,C1.22.1,1. ročník: nově přijatí podle věku,(celkem) :: 1. 9. 2014 až 31. 8. 2015 / 6letí,10068,https://statis.msmt.gov.cz/rocenka/rocenka.asp?kapit=C&tab=C1.22.1&rck=16,2026-05-19T12:23:11Z
2021/2022,2021,C1.22.1,1. ročník: nově přijatí podle věku,(celkem) :: 1. 9. 2013 až 31. 8. 2014 / 7letí,2866,https://statis.msmt.gov.cz/rocenka/rocenka.asp?kapit=C&tab=C1.22.1&rck=16,2026-05-19T12:23:11Z
2021/2022,2021,C1.22.1,1. ročník: nově přijatí podle věku,(celkem) :: 1. 9. 2012 až 31. 8. 2013 / 8letí,46,https://statis.msmt.gov.cz/rocenka/rocenka.asp?kapit=C&tab=C1.22.1&rck=16,2026-05-19T12:23:11Z
2021/2022,2021,C1.22.1,1. ročník: nově přijatí podle věku,(celkem) :: 1. 9. 2011 až 31. 8. 2012 / 9letí,0,https://statis.msmt.gov.cz/rocenka/rocenka.asp?kapit=C&tab=C1.22.1&rck=16,2026-05-19T12:23:11Z
2021/2022,2021,C1.22.1,1. ročník: nově přijatí podle věku,(celkem) :: 31. 8. 2011 a dříve / 10letí a starší,0,https://statis.msmt.gov.cz/rocenka/rocenka.asp?kapit=C&tab=C1.22.1&rck=16,2026-05-19T12:23:11Z
2021/2022,2021,C1.22.1,1. ročník: nově přijatí podle věku,(celkem) :: z toho dívky / celkem,6223,https://statis.msmt.gov.cz/rocenka/rocenka.asp?kapit=C&tab=C1.22.1&rck=16,2026-05-19T12:23:11Z
2021/2022,2021,C1.22.1,1. ročník: nově přijatí podle věku,(celkem) :: v tom narozené / 1. 9. 2015 a později / mladší 6 let,61,https://statis.msmt.gov.cz/rocenka/rocenka.asp?kapit=C&tab=C1.22.1&rck=16,2026-05-19T12:23:11Z
2021/2022,2021,C1.22.1,1. ročník: nově přijatí podle věku,(celkem) :: 1. 9. 2014 až 31. 8. 2015 / 6leté,5180,https://statis.msmt.gov.cz/rocenka/rocenka.asp?kapit=C&tab=C1.22.1&rck=16,2026-05-19T12:23:11Z
2021/2022,2021,C1.22.1,1. ročník: nově přijatí podle věku,(celkem) :: 1. 9. 2013 až 31. 8. 2014 / 7leté,967,https://statis.msmt.gov.cz/rocenka/rocenka.asp?kapit=C&tab=C1.22.1&rck=16,2026-05-19T12:23:11Z
2021/2022,2021,C1.22.1,1. ročník: nově přijatí podle věku,(celkem) :: 1. 9. 2012 až 31. 8. 2013 / 8leté,15,https://statis.msmt.gov.cz/rocenka/rocenka.asp?kapit=C&tab=C1.22.1&rck=16,2026-05-19T12:23:11Z
2021/2022,2021,C1.22.1,1. ročník: nově přijatí podle věku,(celkem) :: 1. 9. 2011 až 31. 8. 2012 / 9leté,0,https://statis.msmt.gov.cz/rocenka/rocenka.asp?kapit=C&tab=C1.22.1&rck=16,2026-05-19T12:23:11Z
2021/2022,2021,C1.22.1,1. ročník: nově přijatí podle věku,(celkem) :: 31. 8. 2011 a dříve / 10leté a starší,0,https://statis.msmt.gov.cz/rocenka/rocenka.asp?kapit=C&tab=C1.22.1&rck=16,2026-05-19T12:23:11Z
2021/2022,2021,C1.22.1,1. ročník: nově přijatí podle věku,v tom / z toho speciální třídy :: Nově přijatí do 1. ročníku / žáci / celkem,303,https://statis.msmt.gov.cz/rocenka/rocenka.asp?kapit=C&tab=C1.22.1&rck=16,2026-05-19T12:23:11Z
2021/2022,2021,C1.22.1,1. ročník: nově přijatí podle věku,v tom / z toho speciální třídy :: v tom narození / 1. 9. 2015 a později / mladší 6 let,0,https://statis.msmt.gov.cz/rocenka/rocenka.asp?kapit=C&tab=C1.22.1&rck=16,2026-05-19T12:23:11Z
2021/2022,2021,C1.22.1,1. ročník: nově přijatí podle věku,v tom / z toho speciální třídy :: 1. 9. 2014 až 31. 8. 2015 / 6letí,43,https://statis.msmt.gov.cz/rocenka/rocenka.asp?kapit=C&tab=C1.22.1&rck=16,2026-05-19T12:23:11Z
2021/2022,2021,C1.22.1,1. ročník: nově přijatí podle věku,v tom / z toho speciální třídy :: 1. 9. 2013 až 31. 8. 2014 / 7letí,233,https://statis.msmt.gov.cz/rocenka/rocenka.asp?kapit=C&tab=C1.22.1&rck=16,2026-05-19T12:23:11Z
2021/2022,2021,C1.22.1,1. ročník: nově přijatí podle věku,v tom / z toho speciální třídy :: 1. 9. 2012 až 31. 8. 2013 / 8letí,27,https://statis.msmt.gov.cz/rocenka/rocenka.asp?kapit=C&tab=C1.22.1&rck=16,2026-05-19T12:23:11Z
2021/2022,2021,C1.22.1,1. ročník: nově přijatí podle věku,v tom / z toho speciální třídy :: 1. 9. 2011 až 31. 8. 2012 / 9letí,0,https://statis.msmt.gov.cz/rocenka/rocenka.asp?kapit=C&tab=C1.22.1&rck=16,2026-05-19T12:23:11Z
2021/2022,2021,C1.22.1,1. ročník: nově přijatí podle věku,v tom / z toho speciální třídy :: 31. 8. 2011 a dříve / 10letí a starší,0,https://statis.msmt.gov.cz/rocenka/rocenka.asp?kapit=C&tab=C1.22.1&rck=16,2026-05-19T12:23:11Z
2021/2022,2021,C1.22.1,1. ročník: nově přijatí podle věku,v tom / z toho speciální třídy :: z toho dívky / celkem,76,https://statis.msmt.gov.cz/rocenka/rocenka.asp?kapit=C&tab=C1.22.1&rck=16,2026-05-19T12:23:11Z
2021/2022,2021,C1.22.1,1. ročník: nově přijatí podle věku,v tom / z toho speciální třídy :: v tom narozené / 1. 9. 2015 a později / mladší 6 let,0,https://statis.msmt.gov.cz/rocenka/rocenka.asp?kapit=C&tab=C1.22.1&rck=16,2026-05-19T12:23:11Z
2021/2022,2021,C1.22.1,1. ročník: nově přijatí podle věku,v tom / z toho speciální třídy :: 1. 9. 2014 až 31. 8. 2015 / 6leté,14,https://statis.msmt.gov.cz/rocenka/rocenka.asp?kapit=C&tab=C1.22.1&rck=16,2026-05-19T12:23:11Z
2021/2022,2021,C1.22.1,1. ročník: nově přijatí podle věku,v tom / z toho speciální třídy :: 1. 9. 2013 až 31. 8. 2014 / 7leté,56,https://statis.msmt.gov.cz/rocenka/rocenka.asp?kapit=C&tab=C1.22.1&rck=16,2026-05-19T12:23:11Z
2021/2022,2021,C1.22.1,1. ročník: nově přijatí podle věku,v tom / z toho speciální třídy :: 1. 9. 2012 až 31. 8. 2013 / 8leté,6,https://statis.msmt.gov.cz/rocenka/rocenka.asp?kapit=C&tab=C1.22.1&rck=16,2026-05-19T12:23:11Z
2021/2022,2021,C1.22.1,1. ročník: nově přijatí podle věku,v tom / z toho speciální třídy :: 1. 9. 2011 až 31. 8. 2012 / 9leté,0,https://statis.msmt.gov.cz/rocenka/rocenka.asp?kapit=C&tab=C1.22.1&rck=16,2026-05-19T12:23:11Z
2021/2022,2021,C1.22.1,1. ročník: nově přijatí podle věku,v tom / z toho speciální třídy :: 31. 8. 2011 a dříve / 10leté a starší,0,https://statis.msmt.gov.cz/rocenka/rocenka.asp?kapit=C&tab=C1.22.1&rck=16,2026-05-19T12:23:11Z
2022/2023,2022,C1.22.1,1. ročník: nově přijatí podle věku,(celkem) :: Nově přijatí do 1. ročníku / žáci / celkem,14575,https://statis.msmt.gov.cz/rocenka/rocenka.asp?kapit=C&tab=C1.22.1&rck=17,2026-05-19T12:23:11Z
2022/2023,2022,C1.22.1,1. ročník: nově přijatí podle věku,(celkem) :: v tom narození / 1. 9. 2016 a později / mladší 6 let,132,https://statis.msmt.gov.cz/rocenka/rocenka.asp?kapit=C&tab=C1.22.1&rck=17,2026-05-19T12:23:11Z
2022/2023,2022,C1.22.1,1. ročník: nově přijatí podle věku,(celkem) :: 1. 9. 2015 až 31. 8. 2016 / 6letí,11012,https://statis.msmt.gov.cz/rocenka/rocenka.asp?kapit=C&tab=C1.22.1&rck=17,2026-05-19T12:23:11Z
2022/2023,2022,C1.22.1,1. ročník: nově přijatí podle věku,(celkem) :: 1. 9. 2014 až 31. 8. 2015 / 7letí,3373,https://statis.msmt.gov.cz/rocenka/rocenka.asp?kapit=C&tab=C1.22.1&rck=17,2026-05-19T12:23:11Z
2022/2023,2022,C1.22.1,1. ročník: nově přijatí podle věku,(celkem) :: 1. 9. 2013 až 31. 8. 2014 / 8letí,53,https://statis.msmt.gov.cz/rocenka/rocenka.asp?kapit=C&tab=C1.22.1&rck=17,2026-05-19T12:23:11Z
2022/2023,2022,C1.22.1,1. ročník: nově přijatí podle věku,(celkem) :: 1. 9. 2012 až 31. 8. 2013 / 9letí,5,https://statis.msmt.gov.cz/rocenka/rocenka.asp?kapit=C&tab=C1.22.1&rck=17,2026-05-19T12:23:11Z
2022/2023,2022,C1.22.1,1. ročník: nově přijatí podle věku,(celkem) :: 31. 8. 2012 a dříve / 10letí a starší,0,https://statis.msmt.gov.cz/rocenka/rocenka.asp?kapit=C&tab=C1.22.1&rck=17,2026-05-19T12:23:11Z
2022/2023,2022,C1.22.1,1. ročník: nově přijatí podle věku,(celkem) :: z toho dívky / celkem,7216,https://statis.msmt.gov.cz/rocenka/rocenka.asp?kapit=C&tab=C1.22.1&rck=17,2026-05-19T12:23:11Z
2022/2023,2022,C1.22.1,1. ročník: nově přijatí podle věku,(celkem) :: v tom narozené / 1. 9. 2016 a později / mladší 6 let,89,https://statis.msmt.gov.cz/rocenka/rocenka.asp?kapit=C&tab=C1.22.1&rck=17,2026-05-19T12:23:11Z
2022/2023,2022,C1.22.1,1. ročník: nově přijatí podle věku,(celkem) :: 1. 9. 2015 až 31. 8. 2016 / 6leté,5860,https://statis.msmt.gov.cz/rocenka/rocenka.asp?kapit=C&tab=C1.22.1&rck=17,2026-05-19T12:23:11Z
2022/2023,2022,C1.22.1,1. ročník: nově přijatí podle věku,(celkem) :: 1. 9. 2014 až 31. 8. 2015 / 7leté,1238,https://statis.msmt.gov.cz/rocenka/rocenka.asp?kapit=C&tab=C1.22.1&rck=17,2026-05-19T12:23:11Z
2022/2023,2022,C1.22.1,1. ročník: nově přijatí podle věku,(celkem) :: 1. 9. 2013 až 31. 8. 2014 / 8leté,28,https://statis.msmt.gov.cz/rocenka/rocenka.asp?kapit=C&tab=C1.22.1&rck=17,2026-05-19T12:23:11Z
2022/2023,2022,C1.22.1,1. ročník: nově přijatí podle věku,(celkem) :: 1. 9. 2012 až 31. 8. 2013 / 9leté,1,https://statis.msmt.gov.cz/rocenka/rocenka.asp?kapit=C&tab=C1.22.1&rck=17,2026-05-19T12:23:11Z
2022/2023,2022,C1.22.1,1. ročník: nově přijatí podle věku,(celkem) :: 31. 8. 2012 a dříve / 10leté a starší,0,https://statis.msmt.gov.cz/rocenka/rocenka.asp?kapit=C&tab=C1.22.1&rck=17,2026-05-19T12:23:11Z
2022/2023,2022,C1.22.1,1. ročník: nově přijatí podle věku,v tom / z toho speciální třídy :: Nově přijatí do 1. ročníku / žáci / celkem,304,https://statis.msmt.gov.cz/rocenka/rocenka.asp?kapit=C&tab=C1.22.1&rck=17,2026-05-19T12:23:11Z
2022/2023,2022,C1.22.1,1. ročník: nově přijatí podle věku,v tom / z toho speciální třídy :: v tom narození / 1. 9. 2016 a později / mladší 6 let,0,https://statis.msmt.gov.cz/rocenka/rocenka.asp?kapit=C&tab=C1.22.1&rck=17,2026-05-19T12:23:11Z
2022/2023,2022,C1.22.1,1. ročník: nově přijatí podle věku,v tom / z toho speciální třídy :: 1. 9. 2015 až 31. 8. 2016 / 6letí,25,https://statis.msmt.gov.cz/rocenka/rocenka.asp?kapit=C&tab=C1.22.1&rck=17,2026-05-19T12:23:11Z
2022/2023,2022,C1.22.1,1. ročník: nově přijatí podle věku,v tom / z toho speciální třídy :: 1. 9. 2014 až 31. 8. 2015 / 7letí,255,https://statis.msmt.gov.cz/rocenka/rocenka.asp?kapit=C&tab=C1.22.1&rck=17,2026-05-19T12:23:11Z
2022/2023,2022,C1.22.1,1. ročník: nově přijatí podle věku,v tom / z toho speciální třídy :: 1. 9. 2013 až 31. 8. 2014 / 8letí,22,https://statis.msmt.gov.cz/rocenka/rocenka.asp?kapit=C&tab=C1.22.1&rck=17,2026-05-19T12:23:11Z
2022/2023,2022,C1.22.1,1. ročník: nově přijatí podle věku,v tom / z toho speciální třídy :: 1. 9. 2012 až 31. 8. 2013 / 9letí,2,https://statis.msmt.gov.cz/rocenka/rocenka.asp?kapit=C&tab=C1.22.1&rck=17,2026-05-19T12:23:11Z
2022/2023,2022,C1.22.1,1. ročník: nově přijatí podle věku,v tom / z toho speciální třídy :: 31. 8. 2012 a dříve / 10letí a starší,0,https://statis.msmt.gov.cz/rocenka/rocenka.asp?kapit=C&tab=C1.22.1&rck=17,2026-05-19T12:23:11Z
2022/2023,2022,C1.22.1,1. ročník: nově přijatí podle věku,v tom / z toho speciální třídy :: z toho dívky / celkem,91,https://statis.msmt.gov.cz/rocenka/rocenka.asp?kapit=C&tab=C1.22.1&rck=17,2026-05-19T12:23:11Z
2022/2023,2022,C1.22.1,1. ročník: nově přijatí podle věku,v tom / z toho speciální třídy :: v tom narozené / 1. 9. 2016 a později / mladší 6 let,0,https://statis.msmt.gov.cz/rocenka/rocenka.asp?kapit=C&tab=C1.22.1&rck=17,2026-05-19T12:23:11Z
2022/2023,2022,C1.22.1,1. ročník: nově přijatí podle věku,v tom / z toho speciální třídy :: 1. 9. 2015 až 31. 8. 2016 / 6leté,11,https://statis.msmt.gov.cz/rocenka/rocenka.asp?kapit=C&tab=C1.22.1&rck=17,2026-05-19T12:23:11Z
2022/2023,2022,C1.22.1,1. ročník: nově přijatí podle věku,v tom / z toho speciální třídy :: 1. 9. 2014 až 31. 8. 2015 / 7leté,69,https://statis.msmt.gov.cz/rocenka/rocenka.asp?kapit=C&tab=C1.22.1&rck=17,2026-05-19T12:23:11Z
2022/2023,2022,C1.22.1,1. ročník: nově přijatí podle věku,v tom / z toho speciální třídy :: 1. 9. 2013 až 31. 8. 2014 / 8leté,10,https://statis.msmt.gov.cz/rocenka/rocenka.asp?kapit=C&tab=C1.22.1&rck=17,2026-05-19T12:23:11Z
2022/2023,2022,C1.22.1,1. ročník: nově přijatí podle věku,v tom / z toho speciální třídy :: 1. 9. 2012 až 31. 8. 2013 / 9leté,1,https://statis.msmt.gov.cz/rocenka/rocenka.asp?kapit=C&tab=C1.22.1&rck=17,2026-05-19T12:23:11Z
2022/2023,2022,C1.22.1,1. ročník: nově přijatí podle věku,v tom / z toho speciální třídy :: 31. 8. 2012 a dříve / 10leté a starší,0,https://statis.msmt.gov.cz/rocenka/rocenka.asp?kapit=C&tab=C1.22.1&rck=17,2026-05-19T12:23:11Z
2023/2024,2023,C1.22.1,1. ročník: nově přijatí podle věku,(celkem) :: Nově přijatí do 1. ročníku / žáci / celkem,14164,https://statis.msmt.gov.cz/rocenka/rocenka.asp?kapit=C&tab=C1.22.1&rck=18,2026-05-19T12:23:11Z
2023/2024,2023,C1.22.1,1. ročník: nově přijatí podle věku,(celkem) :: v tom narození / 1. 9. 2017 a později / mladší 6 let,128,https://statis.msmt.gov.cz/rocenka/rocenka.asp?kapit=C&tab=C1.22.1&rck=18,2026-05-19T12:23:11Z
2023/2024,2023,C1.22.1,1. ročník: nově přijatí podle věku,(celkem) :: 1. 9. 2016 až 31. 8. 2017 / 6letí,10808,https://statis.msmt.gov.cz/rocenka/rocenka.asp?kapit=C&tab=C1.22.1&rck=18,2026-05-19T12:23:11Z
2023/2024,2023,C1.22.1,1. ročník: nově přijatí podle věku,(celkem) :: 1. 9. 2015 až 31. 8. 2016 / 7letí,3164,https://statis.msmt.gov.cz/rocenka/rocenka.asp?kapit=C&tab=C1.22.1&rck=18,2026-05-19T12:23:11Z
2023/2024,2023,C1.22.1,1. ročník: nově přijatí podle věku,(celkem) :: 1. 9. 2014 až 31. 8. 2015 / 8letí,61,https://statis.msmt.gov.cz/rocenka/rocenka.asp?kapit=C&tab=C1.22.1&rck=18,2026-05-19T12:23:11Z
2023/2024,2023,C1.22.1,1. ročník: nově přijatí podle věku,(celkem) :: 1. 9. 2013 až 31. 8. 2014 / 9letí,3,https://statis.msmt.gov.cz/rocenka/rocenka.asp?kapit=C&tab=C1.22.1&rck=18,2026-05-19T12:23:11Z
2023/2024,2023,C1.22.1,1. ročník: nově přijatí podle věku,(celkem) :: 31. 8. 2013 a dříve / 10letí a starší,0,https://statis.msmt.gov.cz/rocenka/rocenka.asp?kapit=C&tab=C1.22.1&rck=18,2026-05-19T12:23:11Z
2023/2024,2023,C1.22.1,1. ročník: nově přijatí podle věku,(celkem) :: z toho dívky / celkem,6874,https://statis.msmt.gov.cz/rocenka/rocenka.asp?kapit=C&tab=C1.22.1&rck=18,2026-05-19T12:23:11Z
2023/2024,2023,C1.22.1,1. ročník: nově přijatí podle věku,(celkem) :: v tom narozené / 1. 9. 2017 a později / mladší 6 let,82,https://statis.msmt.gov.cz/rocenka/rocenka.asp?kapit=C&tab=C1.22.1&rck=18,2026-05-19T12:23:11Z
2023/2024,2023,C1.22.1,1. ročník: nově přijatí podle věku,(celkem) :: 1. 9. 2016 až 31. 8. 2017 / 6leté,5639,https://statis.msmt.gov.cz/rocenka/rocenka.asp?kapit=C&tab=C1.22.1&rck=18,2026-05-19T12:23:11Z
2023/2024,2023,C1.22.1,1. ročník: nově přijatí podle věku,(celkem) :: 1. 9. 2015 až 31. 8. 2016 / 7leté,1137,https://statis.msmt.gov.cz/rocenka/rocenka.asp?kapit=C&tab=C1.22.1&rck=18,2026-05-19T12:23:11Z
2023/2024,2023,C1.22.1,1. ročník: nově přijatí podle věku,(celkem) :: 1. 9. 2014 až 31. 8. 2015 / 8leté,15,https://statis.msmt.gov.cz/rocenka/rocenka.asp?kapit=C&tab=C1.22.1&rck=18,2026-05-19T12:23:11Z
2023/2024,2023,C1.22.1,1. ročník: nově přijatí podle věku,(celkem) :: 1. 9. 2013 až 31. 8. 2014 / 9leté,1,https://statis.msmt.gov.cz/rocenka/rocenka.asp?kapit=C&tab=C1.22.1&rck=18,2026-05-19T12:23:11Z
2023/2024,2023,C1.22.1,1. ročník: nově přijatí podle věku,(celkem) :: 31. 8. 2013 a dříve / 10leté a starší,0,https://statis.msmt.gov.cz/rocenka/rocenka.asp?kapit=C&tab=C1.22.1&rck=18,2026-05-19T12:23:11Z
2023/2024,2023,C1.22.1,1. ročník: nově přijatí podle věku,v tom / z toho speciální třídy :: Nově přijatí do 1. ročníku / žáci / celkem,343,https://statis.msmt.gov.cz/rocenka/rocenka.asp?kapit=C&tab=C1.22.1&rck=18,2026-05-19T12:23:11Z
2023/2024,2023,C1.22.1,1. ročník: nově přijatí podle věku,v tom / z toho speciální třídy :: v tom narození / 1. 9. 2017 a později / mladší 6 let,1,https://statis.msmt.gov.cz/rocenka/rocenka.asp?kapit=C&tab=C1.22.1&rck=18,2026-05-19T12:23:11Z
2023/2024,2023,C1.22.1,1. ročník: nově přijatí podle věku,v tom / z toho speciální třídy :: 1. 9. 2016 až 31. 8. 2017 / 6letí,40,https://statis.msmt.gov.cz/rocenka/rocenka.asp?kapit=C&tab=C1.22.1&rck=18,2026-05-19T12:23:11Z
2023/2024,2023,C1.22.1,1. ročník: nově přijatí podle věku,v tom / z toho speciální třídy :: 1. 9. 2015 až 31. 8. 2016 / 7letí,268,https://statis.msmt.gov.cz/rocenka/rocenka.asp?kapit=C&tab=C1.22.1&rck=18,2026-05-19T12:23:11Z
2023/2024,2023,C1.22.1,1. ročník: nově přijatí podle věku,v tom / z toho speciální třídy :: 1. 9. 2014 až 31. 8. 2015 / 8letí,31,https://statis.msmt.gov.cz/rocenka/rocenka.asp?kapit=C&tab=C1.22.1&rck=18,2026-05-19T12:23:11Z
2023/2024,2023,C1.22.1,1. ročník: nově přijatí podle věku,v tom / z toho speciální třídy :: 1. 9. 2013 až 31. 8. 2014 / 9letí,3,https://statis.msmt.gov.cz/rocenka/rocenka.asp?kapit=C&tab=C1.22.1&rck=18,2026-05-19T12:23:11Z
2023/2024,2023,C1.22.1,1. ročník: nově přijatí podle věku,v tom / z toho speciální třídy :: 31. 8. 2013 a dříve / 10letí a starší,0,https://statis.msmt.gov.cz/rocenka/rocenka.asp?kapit=C&tab=C1.22.1&rck=18,2026-05-19T12:23:11Z
2023/2024,2023,C1.22.1,1. ročník: nově přijatí podle věku,v tom / z toho speciální třídy :: z toho dívky / celkem,90,https://statis.msmt.gov.cz/rocenka/rocenka.asp?kapit=C&tab=C1.22.1&rck=18,2026-05-19T12:23:11Z
2023/2024,2023,C1.22.1,1. ročník: nově přijatí podle věku,v tom / z toho speciální třídy :: v tom narozené / 1. 9. 2017 a později / mladší 6 let,1,https://statis.msmt.gov.cz/rocenka/rocenka.asp?kapit=C&tab=C1.22.1&rck=18,2026-05-19T12:23:11Z
2023/2024,2023,C1.22.1,1. ročník: nově přijatí podle věku,v tom / z toho speciální třídy :: 1. 9. 2016 až 31. 8. 2017 / 6leté,10,https://statis.msmt.gov.cz/rocenka/rocenka.asp?kapit=C&tab=C1.22.1&rck=18,2026-05-19T12:23:11Z
2023/2024,2023,C1.22.1,1. ročník: nově přijatí podle věku,v tom / z toho speciální třídy :: 1. 9. 2015 až 31. 8. 2016 / 7leté,70,https://statis.msmt.gov.cz/rocenka/rocenka.asp?kapit=C&tab=C1.22.1&rck=18,2026-05-19T12:23:11Z
2023/2024,2023,C1.22.1,1. ročník: nově přijatí podle věku,v tom / z toho speciální třídy :: 1. 9. 2014 až 31. 8. 2015 / 8leté,8,https://statis.msmt.gov.cz/rocenka/rocenka.asp?kapit=C&tab=C1.22.1&rck=18,2026-05-19T12:23:11Z
2023/2024,2023,C1.22.1,1. ročník: nově přijatí podle věku,v tom / z toho speciální třídy :: 1. 9. 2013 až 31. 8. 2014 / 9leté,1,https://statis.msmt.gov.cz/rocenka/rocenka.asp?kapit=C&tab=C1.22.1&rck=18,2026-05-19T12:23:11Z
2023/2024,2023,C1.22.1,1. ročník: nově přijatí podle věku,v tom / z toho speciální třídy :: 31. 8. 2013 a dříve / 10leté a starší,0,https://statis.msmt.gov.cz/rocenka/rocenka.asp?kapit=C&tab=C1.22.1&rck=18,2026-05-19T12:23:11Z
2024/2025,2024,C1.22.1,1. ročník: nově přijatí podle věku,(celkem) :: Nově přijatí do 1. ročníku / žáci / celkem,14356,https://statis.msmt.gov.cz/rocenka/rocenka.asp?kapit=C&tab=C1.22.1&rck=19,2026-05-19T12:23:11Z
2024/2025,2024,C1.22.1,1. ročník: nově přijatí podle věku,(celkem) :: v tom narození / 1. 9. 2018 a později / mladší 6 let,137,https://statis.msmt.gov.cz/rocenka/rocenka.asp?kapit=C&tab=C1.22.1&rck=19,2026-05-19T12:23:11Z
2024/2025,2024,C1.22.1,1. ročník: nově přijatí podle věku,(celkem) :: 1. 9. 2017 až 31. 8. 2018 / 6letí,11075,https://statis.msmt.gov.cz/rocenka/rocenka.asp?kapit=C&tab=C1.22.1&rck=19,2026-05-19T12:23:11Z
2024/2025,2024,C1.22.1,1. ročník: nově přijatí podle věku,(celkem) :: 1. 9. 2016 až 31. 8. 2017 / 7letí,3099,https://statis.msmt.gov.cz/rocenka/rocenka.asp?kapit=C&tab=C1.22.1&rck=19,2026-05-19T12:23:11Z
2024/2025,2024,C1.22.1,1. ročník: nově přijatí podle věku,(celkem) :: 1. 9. 2015 až 31. 8. 2016 / 8letí,45,https://statis.msmt.gov.cz/rocenka/rocenka.asp?kapit=C&tab=C1.22.1&rck=19,2026-05-19T12:23:11Z
2024/2025,2024,C1.22.1,1. ročník: nově přijatí podle věku,(celkem) :: 1. 9. 2014 až 31. 8. 2015 / 9letí,0,https://statis.msmt.gov.cz/rocenka/rocenka.asp?kapit=C&tab=C1.22.1&rck=19,2026-05-19T12:23:11Z
2024/2025,2024,C1.22.1,1. ročník: nově přijatí podle věku,(celkem) :: 31. 8. 2014 a dříve / 10letí a starší,0,https://statis.msmt.gov.cz/rocenka/rocenka.asp?kapit=C&tab=C1.22.1&rck=19,2026-05-19T12:23:11Z
2024/2025,2024,C1.22.1,1. ročník: nově přijatí podle věku,(celkem) :: z toho dívky / celkem,6924,https://statis.msmt.gov.cz/rocenka/rocenka.asp?kapit=C&tab=C1.22.1&rck=19,2026-05-19T12:23:11Z
2024/2025,2024,C1.22.1,1. ročník: nově přijatí podle věku,(celkem) :: v tom narozené / 1. 9. 2018 a později / mladší 6 let,98,https://statis.msmt.gov.cz/rocenka/rocenka.asp?kapit=C&tab=C1.22.1&rck=19,2026-05-19T12:23:11Z
2024/2025,2024,C1.22.1,1. ročník: nově přijatí podle věku,(celkem) :: 1. 9. 2017 až 31. 8. 2018 / 6leté,5756,https://statis.msmt.gov.cz/rocenka/rocenka.asp?kapit=C&tab=C1.22.1&rck=19,2026-05-19T12:23:11Z
2024/2025,2024,C1.22.1,1. ročník: nově přijatí podle věku,(celkem) :: 1. 9. 2016 až 31. 8. 2017 / 7leté,1059,https://statis.msmt.gov.cz/rocenka/rocenka.asp?kapit=C&tab=C1.22.1&rck=19,2026-05-19T12:23:11Z
2024/2025,2024,C1.22.1,1. ročník: nově přijatí podle věku,(celkem) :: 1. 9. 2015 až 31. 8. 2016 / 8leté,11,https://statis.msmt.gov.cz/rocenka/rocenka.asp?kapit=C&tab=C1.22.1&rck=19,2026-05-19T12:23:11Z
2024/2025,2024,C1.22.1,1. ročník: nově přijatí podle věku,(celkem) :: 1. 9. 2014 až 31. 8. 2015 / 9leté,0,https://statis.msmt.gov.cz/rocenka/rocenka.asp?kapit=C&tab=C1.22.1&rck=19,2026-05-19T12:23:11Z
2024/2025,2024,C1.22.1,1. ročník: nově přijatí podle věku,(celkem) :: 31. 8. 2014 a dříve / 10leté a starší,0,https://statis.msmt.gov.cz/rocenka/rocenka.asp?kapit=C&tab=C1.22.1&rck=19,2026-05-19T12:23:11Z
2024/2025,2024,C1.22.1,1. ročník: nově přijatí podle věku,v tom / z toho speciální třídy :: Nově přijatí do 1. ročníku / žáci / celkem,321,https://statis.msmt.gov.cz/rocenka/rocenka.asp?kapit=C&tab=C1.22.1&rck=19,2026-05-19T12:23:11Z
2024/2025,2024,C1.22.1,1. ročník: nově přijatí podle věku,v tom / z toho speciální třídy :: v tom narození / 1. 9. 2018 a později / mladší 6 let,0,https://statis.msmt.gov.cz/rocenka/rocenka.asp?kapit=C&tab=C1.22.1&rck=19,2026-05-19T12:23:11Z
2024/2025,2024,C1.22.1,1. ročník: nově přijatí podle věku,v tom / z toho speciální třídy :: 1. 9. 2017 až 31. 8. 2018 / 6letí,39,https://statis.msmt.gov.cz/rocenka/rocenka.asp?kapit=C&tab=C1.22.1&rck=19,2026-05-19T12:23:11Z
2024/2025,2024,C1.22.1,1. ročník: nově přijatí podle věku,v tom / z toho speciální třídy :: 1. 9. 2016 až 31. 8. 2017 / 7letí,259,https://statis.msmt.gov.cz/rocenka/rocenka.asp?kapit=C&tab=C1.22.1&rck=19,2026-05-19T12:23:11Z
2024/2025,2024,C1.22.1,1. ročník: nově přijatí podle věku,v tom / z toho speciální třídy :: 1. 9. 2015 až 31. 8. 2016 / 8letí,23,https://statis.msmt.gov.cz/rocenka/rocenka.asp?kapit=C&tab=C1.22.1&rck=19,2026-05-19T12:23:11Z
2024/2025,2024,C1.22.1,1. ročník: nově přijatí podle věku,v tom / z toho speciální třídy :: 1. 9. 2014 až 31. 8. 2015 / 9letí,0,https://statis.msmt.gov.cz/rocenka/rocenka.asp?kapit=C&tab=C1.22.1&rck=19,2026-05-19T12:23:11Z
2024/2025,2024,C1.22.1,1. ročník: nově přijatí podle věku,v tom / z toho speciální třídy :: 31. 8. 2014 a dříve / 10letí a starší,0,https://statis.msmt.gov.cz/rocenka/rocenka.asp?kapit=C&tab=C1.22.1&rck=19,2026-05-19T12:23:11Z
2024/2025,2024,C1.22.1,1. ročník: nově přijatí podle věku,v tom / z toho speciální třídy :: z toho dívky / celkem,90,https://statis.msmt.gov.cz/rocenka/rocenka.asp?kapit=C&tab=C1.22.1&rck=19,2026-05-19T12:23:11Z
2024/2025,2024,C1.22.1,1. ročník: nově přijatí podle věku,v tom / z toho speciální třídy :: v tom narozené / 1. 9. 2018 a později / mladší 6 let,0,https://statis.msmt.gov.cz/rocenka/rocenka.asp?kapit=C&tab=C1.22.1&rck=19,2026-05-19T12:23:11Z
2024/2025,2024,C1.22.1,1. ročník: nově přijatí podle věku,v tom / z toho speciální třídy :: 1. 9. 2017 až 31. 8. 2018 / 6leté,9,https://statis.msmt.gov.cz/rocenka/rocenka.asp?kapit=C&tab=C1.22.1&rck=19,2026-05-19T12:23:11Z
2024/2025,2024,C1.22.1,1. ročník: nově přijatí podle věku,v tom / z toho speciální třídy :: 1. 9. 2016 až 31. 8. 2017 / 7leté,75,https://statis.msmt.gov.cz/rocenka/rocenka.asp?kapit=C&tab=C1.22.1&rck=19,2026-05-19T12:23:11Z
2024/2025,2024,C1.22.1,1. ročník: nově přijatí podle věku,v tom / z toho speciální třídy :: 1. 9. 2015 až 31. 8. 2016 / 8leté,6,https://statis.msmt.gov.cz/rocenka/rocenka.asp?kapit=C&tab=C1.22.1&rck=19,2026-05-19T12:23:11Z
2024/2025,2024,C1.22.1,1. ročník: nově přijatí podle věku,v tom / z toho speciální třídy :: 1. 9. 2014 až 31. 8. 2015 / 9leté,0,https://statis.msmt.gov.cz/rocenka/rocenka.asp?kapit=C&tab=C1.22.1&rck=19,2026-05-19T12:23:11Z
2024/2025,2024,C1.22.1,1. ročník: nově přijatí podle věku,v tom / z toho speciální třídy :: 31. 8. 2014 a dříve / 10leté a starší,0,https://statis.msmt.gov.cz/rocenka/rocenka.asp?kapit=C&tab=C1.22.1&rck=19,2026-05-19T12:23:11Z
2025/2026,2025,C1.22.1,1. ročník: nově přijatí podle věku,(celkem) :: Nově přijatí do 1. ročníku / žáci / celkem,13931,https://statis.msmt.gov.cz/rocenka/rocenka.asp?kapit=C&tab=C1.22.1&rck=20,2026-05-19T12:23:11Z
2025/2026,2025,C1.22.1,1. ročník: nově přijatí podle věku,(celkem) :: v tom narození / 1. 9. 2019 a později / mladší 6 let,128,https://statis.msmt.gov.cz/rocenka/rocenka.asp?kapit=C&tab=C1.22.1&rck=20,2026-05-19T12:23:11Z
2025/2026,2025,C1.22.1,1. ročník: nově přijatí podle věku,(celkem) :: 1. 9. 2018 až 31. 8. 2019 / 6letí,10914,https://statis.msmt.gov.cz/rocenka/rocenka.asp?kapit=C&tab=C1.22.1&rck=20,2026-05-19T12:23:11Z
2025/2026,2025,C1.22.1,1. ročník: nově přijatí podle věku,(celkem) :: 1. 9. 2017 až 31. 8. 2018 / 7letí,2855,https://statis.msmt.gov.cz/rocenka/rocenka.asp?kapit=C&tab=C1.22.1&rck=20,2026-05-19T12:23:11Z
2025/2026,2025,C1.22.1,1. ročník: nově přijatí podle věku,(celkem) :: 1. 9. 2016 až 31. 8. 2017 / 8letí,33,https://statis.msmt.gov.cz/rocenka/rocenka.asp?kapit=C&tab=C1.22.1&rck=20,2026-05-19T12:23:11Z
2025/2026,2025,C1.22.1,1. ročník: nově přijatí podle věku,(celkem) :: 1. 9. 2015 až 31. 8. 2016 / 9letí,0,https://statis.msmt.gov.cz/rocenka/rocenka.asp?kapit=C&tab=C1.22.1&rck=20,2026-05-19T12:23:11Z
2025/2026,2025,C1.22.1,1. ročník: nově přijatí podle věku,(celkem) :: 31. 8. 2015 a dříve / 10letí a starší,1,https://statis.msmt.gov.cz/rocenka/rocenka.asp?kapit=C&tab=C1.22.1&rck=20,2026-05-19T12:23:11Z
2025/2026,2025,C1.22.1,1. ročník: nově přijatí podle věku,(celkem) :: z toho dívky / celkem,6724,https://statis.msmt.gov.cz/rocenka/rocenka.asp?kapit=C&tab=C1.22.1&rck=20,2026-05-19T12:23:11Z
2025/2026,2025,C1.22.1,1. ročník: nově přijatí podle věku,(celkem) :: v tom narozené / 1. 9. 2019 a později / mladší 6 let,93,https://statis.msmt.gov.cz/rocenka/rocenka.asp?kapit=C&tab=C1.22.1&rck=20,2026-05-19T12:23:11Z
2025/2026,2025,C1.22.1,1. ročník: nově přijatí podle věku,(celkem) :: 1. 9. 2018 až 31. 8. 2019 / 6leté,5646,https://statis.msmt.gov.cz/rocenka/rocenka.asp?kapit=C&tab=C1.22.1&rck=20,2026-05-19T12:23:11Z
2025/2026,2025,C1.22.1,1. ročník: nově přijatí podle věku,(celkem) :: 1. 9. 2017 až 31. 8. 2018 / 7leté,971,https://statis.msmt.gov.cz/rocenka/rocenka.asp?kapit=C&tab=C1.22.1&rck=20,2026-05-19T12:23:11Z
2025/2026,2025,C1.22.1,1. ročník: nově přijatí podle věku,(celkem) :: 1. 9. 2016 až 31. 8. 2017 / 8leté,14,https://statis.msmt.gov.cz/rocenka/rocenka.asp?kapit=C&tab=C1.22.1&rck=20,2026-05-19T12:23:11Z
2025/2026,2025,C1.22.1,1. ročník: nově přijatí podle věku,(celkem) :: 1. 9. 2015 až 31. 8. 2016 / 9leté,0,https://statis.msmt.gov.cz/rocenka/rocenka.asp?kapit=C&tab=C1.22.1&rck=20,2026-05-19T12:23:11Z
2025/2026,2025,C1.22.1,1. ročník: nově přijatí podle věku,(celkem) :: 31. 8. 2015 a dříve / 10leté a starší,0,https://statis.msmt.gov.cz/rocenka/rocenka.asp?kapit=C&tab=C1.22.1&rck=20,2026-05-19T12:23:11Z
2025/2026,2025,C1.22.1,1. ročník: nově přijatí podle věku,v tom / z toho speciální třídy :: Nově přijatí do 1. ročníku / žáci / celkem,297,https://statis.msmt.gov.cz/rocenka/rocenka.asp?kapit=C&tab=C1.22.1&rck=20,2026-05-19T12:23:11Z
2025/2026,2025,C1.22.1,1. ročník: nově přijatí podle věku,v tom / z toho speciální třídy :: v tom narození / 1. 9. 2019 a později / mladší 6 let,1,https://statis.msmt.gov.cz/rocenka/rocenka.asp?kapit=C&tab=C1.22.1&rck=20,2026-05-19T12:23:11Z
2025/2026,2025,C1.22.1,1. ročník: nově přijatí podle věku,v tom / z toho speciální třídy :: 1. 9. 2018 až 31. 8. 2019 / 6letí,42,https://statis.msmt.gov.cz/rocenka/rocenka.asp?kapit=C&tab=C1.22.1&rck=20,2026-05-19T12:23:11Z
2025/2026,2025,C1.22.1,1. ročník: nově přijatí podle věku,v tom / z toho speciální třídy :: 1. 9. 2017 až 31. 8. 2018 / 7letí,234,https://statis.msmt.gov.cz/rocenka/rocenka.asp?kapit=C&tab=C1.22.1&rck=20,2026-05-19T12:23:11Z
2025/2026,2025,C1.22.1,1. ročník: nově přijatí podle věku,v tom / z toho speciální třídy :: 1. 9. 2016 až 31. 8. 2017 / 8letí,19,https://statis.msmt.gov.cz/rocenka/rocenka.asp?kapit=C&tab=C1.22.1&rck=20,2026-05-19T12:23:11Z
2025/2026,2025,C1.22.1,1. ročník: nově přijatí podle věku,v tom / z toho speciální třídy :: 1. 9. 2015 až 31. 8. 2016 / 9letí,0,https://statis.msmt.gov.cz/rocenka/rocenka.asp?kapit=C&tab=C1.22.1&rck=20,2026-05-19T12:23:11Z
2025/2026,2025,C1.22.1,1. ročník: nově přijatí podle věku,v tom / z toho speciální třídy :: 31. 8. 2015 a dříve / 10letí a starší,1,https://statis.msmt.gov.cz/rocenka/rocenka.asp?kapit=C&tab=C1.22.1&rck=20,2026-05-19T12:23:11Z
2025/2026,2025,C1.22.1,1. ročník: nově přijatí podle věku,v tom / z toho speciální třídy :: z toho dívky / celkem,84,https://statis.msmt.gov.cz/rocenka/rocenka.asp?kapit=C&tab=C1.22.1&rck=20,2026-05-19T12:23:11Z
2025/2026,2025,C1.22.1,1. ročník: nově přijatí podle věku,v tom / z toho speciální třídy :: v tom narozené / 1. 9. 2019 a později / mladší 6 let,0,https://statis.msmt.gov.cz/rocenka/rocenka.asp?kapit=C&tab=C1.22.1&rck=20,2026-05-19T12:23:11Z
2025/2026,2025,C1.22.1,1. ročník: nově přijatí podle věku,v tom / z toho speciální třídy :: 1. 9. 2018 až 31. 8. 2019 / 6leté,18,https://statis.msmt.gov.cz/rocenka/rocenka.asp?kapit=C&tab=C1.22.1&rck=20,2026-05-19T12:23:11Z
2025/2026,2025,C1.22.1,1. ročník: nově přijatí podle věku,v tom / z toho speciální třídy :: 1. 9. 2017 až 31. 8. 2018 / 7leté,59,https://statis.msmt.gov.cz/rocenka/rocenka.asp?kapit=C&tab=C1.22.1&rck=20,2026-05-19T12:23:11Z
2025/2026,2025,C1.22.1,1. ročník: nově přijatí podle věku,v tom / z toho speciální třídy :: 1. 9. 2016 až 31. 8. 2017 / 8leté,7,https://statis.msmt.gov.cz/rocenka/rocenka.asp?kapit=C&tab=C1.22.1&rck=20,2026-05-19T12:23:11Z
2025/2026,2025,C1.22.1,1. ročník: nově přijatí podle věku,v tom / z toho speciální třídy :: 1. 9. 2015 až 31. 8. 2016 / 9leté,0,https://statis.msmt.gov.cz/rocenka/rocenka.asp?kapit=C&tab=C1.22.1&rck=20,2026-05-19T12:23:11Z
2025/2026,2025,C1.22.1,1. ročník: nově přijatí podle věku,v tom / z toho speciální třídy :: 31. 8. 2015 a dříve / 10leté a starší,0,https://statis.msmt.gov.cz/rocenka/rocenka.asp?kapit=C&tab=C1.22.1&rck=20,2026-05-19T12:23:11Z
2005/2006,2005,C1.4.1,žáci v ročnících,(celkem) :: Celkem žáci,84118,https://statis.msmt.gov.cz/rocenka/rocenka.asp?kapit=C&tab=C1.4.1&rck=1,2026-05-19T12:23:11Z
2005/2006,2005,C1.4.1,žáci v ročnících,(celkem) :: v tom žáci narození / 1.9.1999 a později / mladší než 6 let,113,https://statis.msmt.gov.cz/rocenka/rocenka.asp?kapit=C&tab=C1.4.1&rck=1,2026-05-19T12:23:11Z
2005/2006,2005,C1.4.1,žáci v ročnících,(celkem) :: 1.9.1998 až 31.8.1999 / 6letí,6296,https://statis.msmt.gov.cz/rocenka/rocenka.asp?kapit=C&tab=C1.4.1&rck=1,2026-05-19T12:23:11Z
2005/2006,2005,C1.4.1,žáci v ročnících,(celkem) :: 1.9.1997 až 31.8.1998 / 7letí,8145,https://statis.msmt.gov.cz/rocenka/rocenka.asp?kapit=C&tab=C1.4.1&rck=1,2026-05-19T12:23:11Z
2005/2006,2005,C1.4.1,žáci v ročnících,(celkem) :: 1.9.1996 až 31.8.1997 / 8letí,8509,https://statis.msmt.gov.cz/rocenka/rocenka.asp?kapit=C&tab=C1.4.1&rck=1,2026-05-19T12:23:11Z
2005/2006,2005,C1.4.1,žáci v ročnících,(celkem) :: 1.9.1995 až 31.8.1996 / 9letí,8501,https://statis.msmt.gov.cz/rocenka/rocenka.asp?kapit=C&tab=C1.4.1&rck=1,2026-05-19T12:23:11Z
2005/2006,2005,C1.4.1,žáci v ročnících,(celkem) :: 1.9.1994 až 31.8.1995 / 10letí,9099,https://statis.msmt.gov.cz/rocenka/rocenka.asp?kapit=C&tab=C1.4.1&rck=1,2026-05-19T12:23:11Z
2005/2006,2005,C1.4.1,žáci v ročnících,(celkem) :: 1.9.1993 až 31.8.1994 / 11letí,9203,https://statis.msmt.gov.cz/rocenka/rocenka.asp?kapit=C&tab=C1.4.1&rck=1,2026-05-19T12:23:11Z
2005/2006,2005,C1.4.1,žáci v ročnících,(celkem) :: 1.9.1992 až 31.8.1993 / 12letí,9956,https://statis.msmt.gov.cz/rocenka/rocenka.asp?kapit=C&tab=C1.4.1&rck=1,2026-05-19T12:23:11Z
2005/2006,2005,C1.4.1,žáci v ročnících,(celkem) :: 1.9.1991 až 31.8.1992 / 13letí,9967,https://statis.msmt.gov.cz/rocenka/rocenka.asp?kapit=C&tab=C1.4.1&rck=1,2026-05-19T12:23:11Z
2005/2006,2005,C1.4.1,žáci v ročnících,(celkem) :: 1.9.1990 až 31.8.1991 / 14letí,10593,https://statis.msmt.gov.cz/rocenka/rocenka.asp?kapit=C&tab=C1.4.1&rck=1,2026-05-19T12:23:11Z
2005/2006,2005,C1.4.1,žáci v ročnících,(celkem) :: 1.9.1989 až 31.8.1990 / 15letí,3363,https://statis.msmt.gov.cz/rocenka/rocenka.asp?kapit=C&tab=C1.4.1&rck=1,2026-05-19T12:23:11Z
2005/2006,2005,C1.4.1,žáci v ročnících,(celkem) :: 1.9.1988 až 31.8.1989 / 16letí,300,https://statis.msmt.gov.cz/rocenka/rocenka.asp?kapit=C&tab=C1.4.1&rck=1,2026-05-19T12:23:11Z
2005/2006,2005,C1.4.1,žáci v ročnících,(celkem) :: 1.9.1987 až 31.8.1988 / 17letí,40,https://statis.msmt.gov.cz/rocenka/rocenka.asp?kapit=C&tab=C1.4.1&rck=1,2026-05-19T12:23:11Z
2005/2006,2005,C1.4.1,žáci v ročnících,(celkem) :: 31.8.1987 a dříve / 18letí a starší,33,https://statis.msmt.gov.cz/rocenka/rocenka.asp?kapit=C&tab=C1.4.1&rck=1,2026-05-19T12:23:11Z
2014/2015,2014,C1.4.1,žáci v ročnících,(celkem) :: Žáci / celkem,88184,https://statis.msmt.gov.cz/rocenka/rocenka.asp?kapit=C&tab=C1.4.1&rck=9,2026-05-19T12:23:11Z
2014/2015,2014,C1.4.1,žáci v ročnících,(celkem) :: v tom / 1. stupeň,58295,https://statis.msmt.gov.cz/rocenka/rocenka.asp?kapit=C&tab=C1.4.1&rck=9,2026-05-19T12:23:11Z
2014/2015,2014,C1.4.1,žáci v ročnících,(celkem) :: 2. stupeň,29889,https://statis.msmt.gov.cz/rocenka/rocenka.asp?kapit=C&tab=C1.4.1&rck=9,2026-05-19T12:23:11Z
2014/2015,2014,C1.4.1,žáci v ročnících,(celkem) :: nově přijatí do 1. ročníku,13402,https://statis.msmt.gov.cz/rocenka/rocenka.asp?kapit=C&tab=C1.4.1&rck=9,2026-05-19T12:23:11Z
2014/2015,2014,C1.4.1,žáci v ročnících,(celkem) :: 1. ročníku,13445,https://statis.msmt.gov.cz/rocenka/rocenka.asp?kapit=C&tab=C1.4.1&rck=9,2026-05-19T12:23:11Z
2014/2015,2014,C1.4.1,žáci v ročnících,(celkem) :: 2. ročníku,12299,https://statis.msmt.gov.cz/rocenka/rocenka.asp?kapit=C&tab=C1.4.1&rck=9,2026-05-19T12:23:11Z
2014/2015,2014,C1.4.1,žáci v ročnících,(celkem) :: 3. ročníku,11643,https://statis.msmt.gov.cz/rocenka/rocenka.asp?kapit=C&tab=C1.4.1&rck=9,2026-05-19T12:23:11Z
2014/2015,2014,C1.4.1,žáci v ročnících,(celkem) :: 4. ročníku,10751,https://statis.msmt.gov.cz/rocenka/rocenka.asp?kapit=C&tab=C1.4.1&rck=9,2026-05-19T12:23:11Z
2014/2015,2014,C1.4.1,žáci v ročnících,(celkem) :: 5. ročníku,10074,https://statis.msmt.gov.cz/rocenka/rocenka.asp?kapit=C&tab=C1.4.1&rck=9,2026-05-19T12:23:11Z
2014/2015,2014,C1.4.1,žáci v ročnících,(celkem) :: 6. ročníku / celkem,8063,https://statis.msmt.gov.cz/rocenka/rocenka.asp?kapit=C&tab=C1.4.1&rck=9,2026-05-19T12:23:11Z
2014/2015,2014,C1.4.1,žáci v ročnících,(celkem) :: z toho v 10letém vzděl. prog.,83,https://statis.msmt.gov.cz/rocenka/rocenka.asp?kapit=C&tab=C1.4.1&rck=9,2026-05-19T12:23:11Z
2014/2015,2014,C1.4.1,žáci v ročnících,(celkem) :: 7. ročníku,7875,https://statis.msmt.gov.cz/rocenka/rocenka.asp?kapit=C&tab=C1.4.1&rck=9,2026-05-19T12:23:11Z
2014/2015,2014,C1.4.1,žáci v ročnících,(celkem) :: 8. ročníku,7282,https://statis.msmt.gov.cz/rocenka/rocenka.asp?kapit=C&tab=C1.4.1&rck=9,2026-05-19T12:23:11Z
2014/2015,2014,C1.4.1,žáci v ročnících,(celkem) :: 9. ročníku / celkem,6679,https://statis.msmt.gov.cz/rocenka/rocenka.asp?kapit=C&tab=C1.4.1&rck=9,2026-05-19T12:23:11Z
2014/2015,2014,C1.4.1,žáci v ročnících,(celkem) :: z toho v 10letém vzděl. prog.,69,https://statis.msmt.gov.cz/rocenka/rocenka.asp?kapit=C&tab=C1.4.1&rck=9,2026-05-19T12:23:11Z
2014/2015,2014,C1.4.1,žáci v ročnících,(celkem) :: 10. ročníku,73,https://statis.msmt.gov.cz/rocenka/rocenka.asp?kapit=C&tab=C1.4.1&rck=9,2026-05-19T12:23:11Z
2014/2015,2014,C1.4.1,žáci v ročnících,z toho speciální třídy :: Žáci / celkem,3492,https://statis.msmt.gov.cz/rocenka/rocenka.asp?kapit=C&tab=C1.4.1&rck=9,2026-05-19T12:23:11Z
2014/2015,2014,C1.4.1,žáci v ročnících,z toho speciální třídy :: v tom / 1. stupeň,1798,https://statis.msmt.gov.cz/rocenka/rocenka.asp?kapit=C&tab=C1.4.1&rck=9,2026-05-19T12:23:11Z
2014/2015,2014,C1.4.1,žáci v ročnících,z toho speciální třídy :: 2. stupeň,1694,https://statis.msmt.gov.cz/rocenka/rocenka.asp?kapit=C&tab=C1.4.1&rck=9,2026-05-19T12:23:11Z
2014/2015,2014,C1.4.1,žáci v ročnících,z toho speciální třídy :: nově přijatí do 1. ročníku,266,https://statis.msmt.gov.cz/rocenka/rocenka.asp?kapit=C&tab=C1.4.1&rck=9,2026-05-19T12:23:11Z
2014/2015,2014,C1.4.1,žáci v ročnících,z toho speciální třídy :: 1. ročníku,276,https://statis.msmt.gov.cz/rocenka/rocenka.asp?kapit=C&tab=C1.4.1&rck=9,2026-05-19T12:23:11Z
2014/2015,2014,C1.4.1,žáci v ročnících,z toho speciální třídy :: 2. ročníku,335,https://statis.msmt.gov.cz/rocenka/rocenka.asp?kapit=C&tab=C1.4.1&rck=9,2026-05-19T12:23:11Z
2014/2015,2014,C1.4.1,žáci v ročnících,z toho speciální třídy :: 3. ročníku,371,https://statis.msmt.gov.cz/rocenka/rocenka.asp?kapit=C&tab=C1.4.1&rck=9,2026-05-19T12:23:11Z
2014/2015,2014,C1.4.1,žáci v ročnících,z toho speciální třídy :: 4. ročníku,365,https://statis.msmt.gov.cz/rocenka/rocenka.asp?kapit=C&tab=C1.4.1&rck=9,2026-05-19T12:23:11Z
2014/2015,2014,C1.4.1,žáci v ročnících,z toho speciální třídy :: 5. ročníku,368,https://statis.msmt.gov.cz/rocenka/rocenka.asp?kapit=C&tab=C1.4.1&rck=9,2026-05-19T12:23:11Z
2014/2015,2014,C1.4.1,žáci v ročnících,z toho speciální třídy :: 6. ročníku / celkem,425,https://statis.msmt.gov.cz/rocenka/rocenka.asp?kapit=C&tab=C1.4.1&rck=9,2026-05-19T12:23:11Z
2014/2015,2014,C1.4.1,žáci v ročnících,z toho speciální třídy :: z toho v 10letém vzděl. prog.,83,https://statis.msmt.gov.cz/rocenka/rocenka.asp?kapit=C&tab=C1.4.1&rck=9,2026-05-19T12:23:11Z
2014/2015,2014,C1.4.1,žáci v ročnících,z toho speciální třídy :: 7. ročníku,469,https://statis.msmt.gov.cz/rocenka/rocenka.asp?kapit=C&tab=C1.4.1&rck=9,2026-05-19T12:23:11Z
2014/2015,2014,C1.4.1,žáci v ročnících,z toho speciální třídy :: 8. ročníku,391,https://statis.msmt.gov.cz/rocenka/rocenka.asp?kapit=C&tab=C1.4.1&rck=9,2026-05-19T12:23:11Z
2014/2015,2014,C1.4.1,žáci v ročnících,z toho speciální třídy :: 9. ročníku / celkem,419,https://statis.msmt.gov.cz/rocenka/rocenka.asp?kapit=C&tab=C1.4.1&rck=9,2026-05-19T12:23:11Z
2014/2015,2014,C1.4.1,žáci v ročnících,z toho speciální třídy :: z toho v 10letém vzděl. prog.,69,https://statis.msmt.gov.cz/rocenka/rocenka.asp?kapit=C&tab=C1.4.1&rck=9,2026-05-19T12:23:11Z
2014/2015,2014,C1.4.1,žáci v ročnících,z toho speciální třídy :: 10. ročníku,73,https://statis.msmt.gov.cz/rocenka/rocenka.asp?kapit=C&tab=C1.4.1&rck=9,2026-05-19T12:23:11Z
2015/2016,2015,C1.4.1,žáci v ročnících,(celkem) :: Žáci / celkem,93298,https://statis.msmt.gov.cz/rocenka/rocenka.asp?kapit=C&tab=C1.4.1&rck=10,2026-05-19T12:23:11Z
2015/2016,2015,C1.4.1,žáci v ročnících,(celkem) :: v tom / 1. stupeň,62060,https://statis.msmt.gov.cz/rocenka/rocenka.asp?kapit=C&tab=C1.4.1&rck=10,2026-05-19T12:23:11Z
2015/2016,2015,C1.4.1,žáci v ročnících,(celkem) :: 2. stupeň,31238,https://statis.msmt.gov.cz/rocenka/rocenka.asp?kapit=C&tab=C1.4.1&rck=10,2026-05-19T12:23:11Z
2015/2016,2015,C1.4.1,žáci v ročnících,(celkem) :: nově přijatí do 1. ročníku,13772,https://statis.msmt.gov.cz/rocenka/rocenka.asp?kapit=C&tab=C1.4.1&rck=10,2026-05-19T12:23:11Z
2015/2016,2015,C1.4.1,žáci v ročnících,(celkem) :: 1. ročníku,13826,https://statis.msmt.gov.cz/rocenka/rocenka.asp?kapit=C&tab=C1.4.1&rck=10,2026-05-19T12:23:11Z
2015/2016,2015,C1.4.1,žáci v ročnících,(celkem) :: 2. ročníku,13378,https://statis.msmt.gov.cz/rocenka/rocenka.asp?kapit=C&tab=C1.4.1&rck=10,2026-05-19T12:23:11Z
2015/2016,2015,C1.4.1,žáci v ročnících,(celkem) :: 3. ročníku,12293,https://statis.msmt.gov.cz/rocenka/rocenka.asp?kapit=C&tab=C1.4.1&rck=10,2026-05-19T12:23:11Z
2015/2016,2015,C1.4.1,žáci v ročnících,(celkem) :: 4. ročníku,11664,https://statis.msmt.gov.cz/rocenka/rocenka.asp?kapit=C&tab=C1.4.1&rck=10,2026-05-19T12:23:11Z
2015/2016,2015,C1.4.1,žáci v ročnících,(celkem) :: 5. ročníku,10822,https://statis.msmt.gov.cz/rocenka/rocenka.asp?kapit=C&tab=C1.4.1&rck=10,2026-05-19T12:23:11Z
2015/2016,2015,C1.4.1,žáci v ročnících,(celkem) :: 6. ročníku / celkem,8601,https://statis.msmt.gov.cz/rocenka/rocenka.asp?kapit=C&tab=C1.4.1&rck=10,2026-05-19T12:23:11Z
2015/2016,2015,C1.4.1,žáci v ročnících,(celkem) :: z toho v 10letém vzděl. prog.,77,https://statis.msmt.gov.cz/rocenka/rocenka.asp?kapit=C&tab=C1.4.1&rck=10,2026-05-19T12:23:11Z
2015/2016,2015,C1.4.1,žáci v ročnících,(celkem) :: 7. ročníku,8067,https://statis.msmt.gov.cz/rocenka/rocenka.asp?kapit=C&tab=C1.4.1&rck=10,2026-05-19T12:23:11Z
2015/2016,2015,C1.4.1,žáci v ročnících,(celkem) :: 8. ročníku,7414,https://statis.msmt.gov.cz/rocenka/rocenka.asp?kapit=C&tab=C1.4.1&rck=10,2026-05-19T12:23:11Z
2015/2016,2015,C1.4.1,žáci v ročnících,(celkem) :: 9. ročníku / celkem,7148,https://statis.msmt.gov.cz/rocenka/rocenka.asp?kapit=C&tab=C1.4.1&rck=10,2026-05-19T12:23:11Z
2015/2016,2015,C1.4.1,žáci v ročnících,(celkem) :: z toho v 10letém vzděl. prog.,79,https://statis.msmt.gov.cz/rocenka/rocenka.asp?kapit=C&tab=C1.4.1&rck=10,2026-05-19T12:23:11Z
2015/2016,2015,C1.4.1,žáci v ročnících,(celkem) :: 10. ročníku,85,https://statis.msmt.gov.cz/rocenka/rocenka.asp?kapit=C&tab=C1.4.1&rck=10,2026-05-19T12:23:11Z
2015/2016,2015,C1.4.1,žáci v ročnících,z toho speciální třídy :: Žáci / celkem,3569,https://statis.msmt.gov.cz/rocenka/rocenka.asp?kapit=C&tab=C1.4.1&rck=10,2026-05-19T12:23:11Z
2015/2016,2015,C1.4.1,žáci v ročnících,z toho speciální třídy :: v tom / 1. stupeň,1849,https://statis.msmt.gov.cz/rocenka/rocenka.asp?kapit=C&tab=C1.4.1&rck=10,2026-05-19T12:23:11Z
2015/2016,2015,C1.4.1,žáci v ročnících,z toho speciální třídy :: 2. stupeň,1720,https://statis.msmt.gov.cz/rocenka/rocenka.asp?kapit=C&tab=C1.4.1&rck=10,2026-05-19T12:23:11Z
2015/2016,2015,C1.4.1,žáci v ročnících,z toho speciální třídy :: nově přijatí do 1. ročníku,327,https://statis.msmt.gov.cz/rocenka/rocenka.asp?kapit=C&tab=C1.4.1&rck=10,2026-05-19T12:23:11Z
2015/2016,2015,C1.4.1,žáci v ročnících,z toho speciální třídy :: 1. ročníku,340,https://statis.msmt.gov.cz/rocenka/rocenka.asp?kapit=C&tab=C1.4.1&rck=10,2026-05-19T12:23:11Z
2015/2016,2015,C1.4.1,žáci v ročnících,z toho speciální třídy :: 2. ročníku,318,https://statis.msmt.gov.cz/rocenka/rocenka.asp?kapit=C&tab=C1.4.1&rck=10,2026-05-19T12:23:11Z
2015/2016,2015,C1.4.1,žáci v ročnících,z toho speciální třídy :: 3. ročníku,353,https://statis.msmt.gov.cz/rocenka/rocenka.asp?kapit=C&tab=C1.4.1&rck=10,2026-05-19T12:23:11Z
2015/2016,2015,C1.4.1,žáci v ročnících,z toho speciální třídy :: 4. ročníku,384,https://statis.msmt.gov.cz/rocenka/rocenka.asp?kapit=C&tab=C1.4.1&rck=10,2026-05-19T12:23:11Z
2015/2016,2015,C1.4.1,žáci v ročnících,z toho speciální třídy :: 5. ročníku,377,https://statis.msmt.gov.cz/rocenka/rocenka.asp?kapit=C&tab=C1.4.1&rck=10,2026-05-19T12:23:11Z
2015/2016,2015,C1.4.1,žáci v ročnících,z toho speciální třídy :: 6. ročníku / celkem,397,https://statis.msmt.gov.cz/rocenka/rocenka.asp?kapit=C&tab=C1.4.1&rck=10,2026-05-19T12:23:11Z
2015/2016,2015,C1.4.1,žáci v ročnících,z toho speciální třídy :: z toho v 10letém vzděl. prog.,77,https://statis.msmt.gov.cz/rocenka/rocenka.asp?kapit=C&tab=C1.4.1&rck=10,2026-05-19T12:23:11Z
2015/2016,2015,C1.4.1,žáci v ročnících,z toho speciální třídy :: 7. ročníku,457,https://statis.msmt.gov.cz/rocenka/rocenka.asp?kapit=C&tab=C1.4.1&rck=10,2026-05-19T12:23:11Z
2015/2016,2015,C1.4.1,žáci v ročnících,z toho speciální třídy :: 8. ročníku,495,https://statis.msmt.gov.cz/rocenka/rocenka.asp?kapit=C&tab=C1.4.1&rck=10,2026-05-19T12:23:11Z
2015/2016,2015,C1.4.1,žáci v ročnících,z toho speciální třídy :: 9. ročníku / celkem,363,https://statis.msmt.gov.cz/rocenka/rocenka.asp?kapit=C&tab=C1.4.1&rck=10,2026-05-19T12:23:11Z
2015/2016,2015,C1.4.1,žáci v ročnících,z toho speciální třídy :: z toho v 10letém vzděl. prog.,79,https://statis.msmt.gov.cz/rocenka/rocenka.asp?kapit=C&tab=C1.4.1&rck=10,2026-05-19T12:23:11Z
2015/2016,2015,C1.4.1,žáci v ročnících,z toho speciální třídy :: 10. ročníku,85,https://statis.msmt.gov.cz/rocenka/rocenka.asp?kapit=C&tab=C1.4.1&rck=10,2026-05-19T12:23:11Z
2016/2017,2016,C1.4.1,žáci v ročnících,(celkem) :: Žáci / celkem,98126,https://statis.msmt.gov.cz/rocenka/rocenka.asp?kapit=C&tab=C1.4.1&rck=11,2026-05-19T12:23:11Z
2016/2017,2016,C1.4.1,žáci v ročnících,(celkem) :: v tom / 1. stupeň,65286,https://statis.msmt.gov.cz/rocenka/rocenka.asp?kapit=C&tab=C1.4.1&rck=11,2026-05-19T12:23:11Z
2016/2017,2016,C1.4.1,žáci v ročnících,(celkem) :: 2. stupeň,32840,https://statis.msmt.gov.cz/rocenka/rocenka.asp?kapit=C&tab=C1.4.1&rck=11,2026-05-19T12:23:11Z
2016/2017,2016,C1.4.1,žáci v ročnících,(celkem) :: nově přijatí do 1. ročníku,13997,https://statis.msmt.gov.cz/rocenka/rocenka.asp?kapit=C&tab=C1.4.1&rck=11,2026-05-19T12:23:11Z
2016/2017,2016,C1.4.1,žáci v ročnících,(celkem) :: 1. ročníku,14051,https://statis.msmt.gov.cz/rocenka/rocenka.asp?kapit=C&tab=C1.4.1&rck=11,2026-05-19T12:23:11Z
2016/2017,2016,C1.4.1,žáci v ročnících,(celkem) :: 2. ročníku,13725,https://statis.msmt.gov.cz/rocenka/rocenka.asp?kapit=C&tab=C1.4.1&rck=11,2026-05-19T12:23:11Z
2016/2017,2016,C1.4.1,žáci v ročnících,(celkem) :: 3. ročníku,13412,https://statis.msmt.gov.cz/rocenka/rocenka.asp?kapit=C&tab=C1.4.1&rck=11,2026-05-19T12:23:11Z
2016/2017,2016,C1.4.1,žáci v ročnících,(celkem) :: 4. ročníku,12299,https://statis.msmt.gov.cz/rocenka/rocenka.asp?kapit=C&tab=C1.4.1&rck=11,2026-05-19T12:23:11Z
2016/2017,2016,C1.4.1,žáci v ročnících,(celkem) :: 5. ročníku,11717,https://statis.msmt.gov.cz/rocenka/rocenka.asp?kapit=C&tab=C1.4.1&rck=11,2026-05-19T12:23:11Z
2016/2017,2016,C1.4.1,žáci v ročnících,(celkem) :: 6. ročníku / celkem,9394,https://statis.msmt.gov.cz/rocenka/rocenka.asp?kapit=C&tab=C1.4.1&rck=11,2026-05-19T12:23:11Z
2016/2017,2016,C1.4.1,žáci v ročnících,(celkem) :: z toho v 10letém vzděl. prog.,82,https://statis.msmt.gov.cz/rocenka/rocenka.asp?kapit=C&tab=C1.4.1&rck=11,2026-05-19T12:23:11Z
2016/2017,2016,C1.4.1,žáci v ročnících,(celkem) :: 7. ročníku,8667,https://statis.msmt.gov.cz/rocenka/rocenka.asp?kapit=C&tab=C1.4.1&rck=11,2026-05-19T12:23:11Z
2016/2017,2016,C1.4.1,žáci v ročnících,(celkem) :: 8. ročníku,7533,https://statis.msmt.gov.cz/rocenka/rocenka.asp?kapit=C&tab=C1.4.1&rck=11,2026-05-19T12:23:11Z
2016/2017,2016,C1.4.1,žáci v ročnících,(celkem) :: 9. ročníku / celkem,7228,https://statis.msmt.gov.cz/rocenka/rocenka.asp?kapit=C&tab=C1.4.1&rck=11,2026-05-19T12:23:11Z
2016/2017,2016,C1.4.1,žáci v ročnících,(celkem) :: z toho v 10letém vzděl. prog.,90,https://statis.msmt.gov.cz/rocenka/rocenka.asp?kapit=C&tab=C1.4.1&rck=11,2026-05-19T12:23:11Z
2016/2017,2016,C1.4.1,žáci v ročnících,(celkem) :: 10. ročníku,100,https://statis.msmt.gov.cz/rocenka/rocenka.asp?kapit=C&tab=C1.4.1&rck=11,2026-05-19T12:23:11Z
2016/2017,2016,C1.4.1,žáci v ročnících,v tom / z toho speciální třídy :: Žáci / celkem,3544,https://statis.msmt.gov.cz/rocenka/rocenka.asp?kapit=C&tab=C1.4.1&rck=11,2026-05-19T12:23:11Z
2016/2017,2016,C1.4.1,žáci v ročnících,v tom / z toho speciální třídy :: v tom / 1. stupeň,1834,https://statis.msmt.gov.cz/rocenka/rocenka.asp?kapit=C&tab=C1.4.1&rck=11,2026-05-19T12:23:11Z
2016/2017,2016,C1.4.1,žáci v ročnících,v tom / z toho speciální třídy :: 2. stupeň,1710,https://statis.msmt.gov.cz/rocenka/rocenka.asp?kapit=C&tab=C1.4.1&rck=11,2026-05-19T12:23:11Z
2016/2017,2016,C1.4.1,žáci v ročnících,v tom / z toho speciální třídy :: nově přijatí do 1. ročníku,308,https://statis.msmt.gov.cz/rocenka/rocenka.asp?kapit=C&tab=C1.4.1&rck=11,2026-05-19T12:23:11Z
2016/2017,2016,C1.4.1,žáci v ročnících,v tom / z toho speciální třídy :: 1. ročníku,326,https://statis.msmt.gov.cz/rocenka/rocenka.asp?kapit=C&tab=C1.4.1&rck=11,2026-05-19T12:23:11Z
2016/2017,2016,C1.4.1,žáci v ročnících,v tom / z toho speciální třídy :: 2. ročníku,334,https://statis.msmt.gov.cz/rocenka/rocenka.asp?kapit=C&tab=C1.4.1&rck=11,2026-05-19T12:23:11Z
2016/2017,2016,C1.4.1,žáci v ročnících,v tom / z toho speciální třídy :: 3. ročníku,327,https://statis.msmt.gov.cz/rocenka/rocenka.asp?kapit=C&tab=C1.4.1&rck=11,2026-05-19T12:23:11Z
2016/2017,2016,C1.4.1,žáci v ročnících,v tom / z toho speciální třídy :: 4. ročníku,384,https://statis.msmt.gov.cz/rocenka/rocenka.asp?kapit=C&tab=C1.4.1&rck=11,2026-05-19T12:23:11Z
2016/2017,2016,C1.4.1,žáci v ročnících,v tom / z toho speciální třídy :: 5. ročníku,381,https://statis.msmt.gov.cz/rocenka/rocenka.asp?kapit=C&tab=C1.4.1&rck=11,2026-05-19T12:23:11Z
2016/2017,2016,C1.4.1,žáci v ročnících,v tom / z toho speciální třídy :: 6. ročníku / celkem,415,https://statis.msmt.gov.cz/rocenka/rocenka.asp?kapit=C&tab=C1.4.1&rck=11,2026-05-19T12:23:11Z
2016/2017,2016,C1.4.1,žáci v ročnících,v tom / z toho speciální třídy :: z toho v 10letém vzděl. prog.,82,https://statis.msmt.gov.cz/rocenka/rocenka.asp?kapit=C&tab=C1.4.1&rck=11,2026-05-19T12:23:11Z
2016/2017,2016,C1.4.1,žáci v ročnících,v tom / z toho speciální třídy :: 7. ročníku,384,https://statis.msmt.gov.cz/rocenka/rocenka.asp?kapit=C&tab=C1.4.1&rck=11,2026-05-19T12:23:11Z
2016/2017,2016,C1.4.1,žáci v ročnících,v tom / z toho speciální třídy :: 8. ročníku,452,https://statis.msmt.gov.cz/rocenka/rocenka.asp?kapit=C&tab=C1.4.1&rck=11,2026-05-19T12:23:11Z
2016/2017,2016,C1.4.1,žáci v ročnících,v tom / z toho speciální třídy :: 9. ročníku / celkem,441,https://statis.msmt.gov.cz/rocenka/rocenka.asp?kapit=C&tab=C1.4.1&rck=11,2026-05-19T12:23:11Z
2016/2017,2016,C1.4.1,žáci v ročnících,v tom / z toho speciální třídy :: z toho v 10letém vzděl. prog.,90,https://statis.msmt.gov.cz/rocenka/rocenka.asp?kapit=C&tab=C1.4.1&rck=11,2026-05-19T12:23:11Z
2016/2017,2016,C1.4.1,žáci v ročnících,v tom / z toho speciální třídy :: 10. ročníku,100,https://statis.msmt.gov.cz/rocenka/rocenka.asp?kapit=C&tab=C1.4.1&rck=11,2026-05-19T12:23:11Z
2017/2018,2017,C1.4.1,žáci v ročnících,(celkem) :: Žáci / celkem,102077,https://statis.msmt.gov.cz/rocenka/rocenka.asp?kapit=C&tab=C1.4.1&rck=12,2026-05-19T12:23:11Z
2017/2018,2017,C1.4.1,žáci v ročnících,(celkem) :: v tom / 1. stupeň,66972,https://statis.msmt.gov.cz/rocenka/rocenka.asp?kapit=C&tab=C1.4.1&rck=12,2026-05-19T12:23:11Z
2017/2018,2017,C1.4.1,žáci v ročnících,(celkem) :: 2. stupeň,35105,https://statis.msmt.gov.cz/rocenka/rocenka.asp?kapit=C&tab=C1.4.1&rck=12,2026-05-19T12:23:11Z
2017/2018,2017,C1.4.1,žáci v ročnících,(celkem) :: nově přijatí do 1. ročníku,13529,https://statis.msmt.gov.cz/rocenka/rocenka.asp?kapit=C&tab=C1.4.1&rck=12,2026-05-19T12:23:11Z
2017/2018,2017,C1.4.1,žáci v ročnících,(celkem) :: 1. ročníku,13582,https://statis.msmt.gov.cz/rocenka/rocenka.asp?kapit=C&tab=C1.4.1&rck=12,2026-05-19T12:23:11Z
2017/2018,2017,C1.4.1,žáci v ročnících,(celkem) :: 2. ročníku,13867,https://statis.msmt.gov.cz/rocenka/rocenka.asp?kapit=C&tab=C1.4.1&rck=12,2026-05-19T12:23:11Z
2017/2018,2017,C1.4.1,žáci v ročnících,(celkem) :: 3. ročníku,13724,https://statis.msmt.gov.cz/rocenka/rocenka.asp?kapit=C&tab=C1.4.1&rck=12,2026-05-19T12:23:11Z
2017/2018,2017,C1.4.1,žáci v ročnících,(celkem) :: 4. ročníku,13426,https://statis.msmt.gov.cz/rocenka/rocenka.asp?kapit=C&tab=C1.4.1&rck=12,2026-05-19T12:23:11Z
2017/2018,2017,C1.4.1,žáci v ročnících,(celkem) :: 5. ročníku,12299,https://statis.msmt.gov.cz/rocenka/rocenka.asp?kapit=C&tab=C1.4.1&rck=12,2026-05-19T12:23:11Z
2017/2018,2017,C1.4.1,žáci v ročnících,(celkem) :: 6. ročníku / celkem,10164,https://statis.msmt.gov.cz/rocenka/rocenka.asp?kapit=C&tab=C1.4.1&rck=12,2026-05-19T12:23:11Z
2017/2018,2017,C1.4.1,žáci v ročnících,(celkem) :: z toho v 10letém vzděl. prog.,74,https://statis.msmt.gov.cz/rocenka/rocenka.asp?kapit=C&tab=C1.4.1&rck=12,2026-05-19T12:23:11Z
2017/2018,2017,C1.4.1,žáci v ročnících,(celkem) :: 7. ročníku,9422,https://statis.msmt.gov.cz/rocenka/rocenka.asp?kapit=C&tab=C1.4.1&rck=12,2026-05-19T12:23:11Z
2017/2018,2017,C1.4.1,žáci v ročnících,(celkem) :: 8. ročníku,8136,https://statis.msmt.gov.cz/rocenka/rocenka.asp?kapit=C&tab=C1.4.1&rck=12,2026-05-19T12:23:11Z
2017/2018,2017,C1.4.1,žáci v ročnících,(celkem) :: 9. ročníku / celkem,7350,https://statis.msmt.gov.cz/rocenka/rocenka.asp?kapit=C&tab=C1.4.1&rck=12,2026-05-19T12:23:11Z
2017/2018,2017,C1.4.1,žáci v ročnících,(celkem) :: z toho v 10letém vzděl. prog.,96,https://statis.msmt.gov.cz/rocenka/rocenka.asp?kapit=C&tab=C1.4.1&rck=12,2026-05-19T12:23:11Z
2017/2018,2017,C1.4.1,žáci v ročnících,(celkem) :: 10. ročníku,107,https://statis.msmt.gov.cz/rocenka/rocenka.asp?kapit=C&tab=C1.4.1&rck=12,2026-05-19T12:23:11Z
2017/2018,2017,C1.4.1,žáci v ročnících,v tom / z toho speciální třídy :: Žáci / celkem,3440,https://statis.msmt.gov.cz/rocenka/rocenka.asp?kapit=C&tab=C1.4.1&rck=12,2026-05-19T12:23:11Z
2017/2018,2017,C1.4.1,žáci v ročnících,v tom / z toho speciální třídy :: v tom / 1. stupeň,1749,https://statis.msmt.gov.cz/rocenka/rocenka.asp?kapit=C&tab=C1.4.1&rck=12,2026-05-19T12:23:11Z
2017/2018,2017,C1.4.1,žáci v ročnících,v tom / z toho speciální třídy :: 2. stupeň,1691,https://statis.msmt.gov.cz/rocenka/rocenka.asp?kapit=C&tab=C1.4.1&rck=12,2026-05-19T12:23:11Z
2017/2018,2017,C1.4.1,žáci v ročnících,v tom / z toho speciální třídy :: nově přijatí do 1. ročníku,273,https://statis.msmt.gov.cz/rocenka/rocenka.asp?kapit=C&tab=C1.4.1&rck=12,2026-05-19T12:23:11Z
2017/2018,2017,C1.4.1,žáci v ročnících,v tom / z toho speciální třídy :: 1. ročníku,288,https://statis.msmt.gov.cz/rocenka/rocenka.asp?kapit=C&tab=C1.4.1&rck=12,2026-05-19T12:23:11Z
2017/2018,2017,C1.4.1,žáci v ročnících,v tom / z toho speciální třídy :: 2. ročníku,314,https://statis.msmt.gov.cz/rocenka/rocenka.asp?kapit=C&tab=C1.4.1&rck=12,2026-05-19T12:23:11Z
2017/2018,2017,C1.4.1,žáci v ročnících,v tom / z toho speciální třídy :: 3. ročníku,350,https://statis.msmt.gov.cz/rocenka/rocenka.asp?kapit=C&tab=C1.4.1&rck=12,2026-05-19T12:23:11Z
2017/2018,2017,C1.4.1,žáci v ročnících,v tom / z toho speciální třídy :: 4. ročníku,343,https://statis.msmt.gov.cz/rocenka/rocenka.asp?kapit=C&tab=C1.4.1&rck=12,2026-05-19T12:23:11Z
2017/2018,2017,C1.4.1,žáci v ročnících,v tom / z toho speciální třídy :: 5. ročníku,380,https://statis.msmt.gov.cz/rocenka/rocenka.asp?kapit=C&tab=C1.4.1&rck=12,2026-05-19T12:23:11Z
2017/2018,2017,C1.4.1,žáci v ročnících,v tom / z toho speciální třídy :: 6. ročníku / celkem,391,https://statis.msmt.gov.cz/rocenka/rocenka.asp?kapit=C&tab=C1.4.1&rck=12,2026-05-19T12:23:11Z
2017/2018,2017,C1.4.1,žáci v ročnících,v tom / z toho speciální třídy :: z toho v 10letém vzděl. prog.,74,https://statis.msmt.gov.cz/rocenka/rocenka.asp?kapit=C&tab=C1.4.1&rck=12,2026-05-19T12:23:11Z
2017/2018,2017,C1.4.1,žáci v ročnících,v tom / z toho speciální třídy :: 7. ročníku,455,https://statis.msmt.gov.cz/rocenka/rocenka.asp?kapit=C&tab=C1.4.1&rck=12,2026-05-19T12:23:11Z
2017/2018,2017,C1.4.1,žáci v ročnících,v tom / z toho speciální třídy :: 8. ročníku,388,https://statis.msmt.gov.cz/rocenka/rocenka.asp?kapit=C&tab=C1.4.1&rck=12,2026-05-19T12:23:11Z
2017/2018,2017,C1.4.1,žáci v ročnících,v tom / z toho speciální třídy :: 9. ročníku / celkem,424,https://statis.msmt.gov.cz/rocenka/rocenka.asp?kapit=C&tab=C1.4.1&rck=12,2026-05-19T12:23:11Z
2017/2018,2017,C1.4.1,žáci v ročnících,v tom / z toho speciální třídy :: z toho v 10letém vzděl. prog.,96,https://statis.msmt.gov.cz/rocenka/rocenka.asp?kapit=C&tab=C1.4.1&rck=12,2026-05-19T12:23:11Z
2017/2018,2017,C1.4.1,žáci v ročnících,v tom / z toho speciální třídy :: 10. ročníku,107,https://statis.msmt.gov.cz/rocenka/rocenka.asp?kapit=C&tab=C1.4.1&rck=12,2026-05-19T12:23:11Z
2018/2019,2018,C1.4.1,žáci v ročnících,(celkem) :: Žáci / celkem,105887,https://statis.msmt.gov.cz/rocenka/rocenka.asp?kapit=C&tab=C1.4.1&rck=13,2026-05-19T12:23:11Z
2018/2019,2018,C1.4.1,žáci v ročnících,(celkem) :: v tom / 1. stupeň,68114,https://statis.msmt.gov.cz/rocenka/rocenka.asp?kapit=C&tab=C1.4.1&rck=13,2026-05-19T12:23:11Z
2018/2019,2018,C1.4.1,žáci v ročnících,(celkem) :: 2. stupeň,37773,https://statis.msmt.gov.cz/rocenka/rocenka.asp?kapit=C&tab=C1.4.1&rck=13,2026-05-19T12:23:11Z
2018/2019,2018,C1.4.1,žáci v ročnících,(celkem) :: nově přijatí do 1. ročníku,13496,https://statis.msmt.gov.cz/rocenka/rocenka.asp?kapit=C&tab=C1.4.1&rck=13,2026-05-19T12:23:11Z
2018/2019,2018,C1.4.1,žáci v ročnících,(celkem) :: 1. ročníku,13535,https://statis.msmt.gov.cz/rocenka/rocenka.asp?kapit=C&tab=C1.4.1&rck=13,2026-05-19T12:23:11Z
2018/2019,2018,C1.4.1,žáci v ročnících,(celkem) :: 2. ročníku,13533,https://statis.msmt.gov.cz/rocenka/rocenka.asp?kapit=C&tab=C1.4.1&rck=13,2026-05-19T12:23:11Z
2018/2019,2018,C1.4.1,žáci v ročnících,(celkem) :: 3. ročníku,13852,https://statis.msmt.gov.cz/rocenka/rocenka.asp?kapit=C&tab=C1.4.1&rck=13,2026-05-19T12:23:11Z
2018/2019,2018,C1.4.1,žáci v ročnících,(celkem) :: 4. ročníku,13678,https://statis.msmt.gov.cz/rocenka/rocenka.asp?kapit=C&tab=C1.4.1&rck=13,2026-05-19T12:23:11Z
2018/2019,2018,C1.4.1,žáci v ročnících,(celkem) :: 5. ročníku,13429,https://statis.msmt.gov.cz/rocenka/rocenka.asp?kapit=C&tab=C1.4.1&rck=13,2026-05-19T12:23:11Z
2018/2019,2018,C1.4.1,žáci v ročnících,(celkem) :: 6. ročníku / celkem,10786,https://statis.msmt.gov.cz/rocenka/rocenka.asp?kapit=C&tab=C1.4.1&rck=13,2026-05-19T12:23:11Z
2018/2019,2018,C1.4.1,žáci v ročnících,(celkem) :: z toho v 10letém vzděl. prog.,87,https://statis.msmt.gov.cz/rocenka/rocenka.asp?kapit=C&tab=C1.4.1&rck=13,2026-05-19T12:23:11Z
2018/2019,2018,C1.4.1,žáci v ročnících,(celkem) :: 7. ročníku,10129,https://statis.msmt.gov.cz/rocenka/rocenka.asp?kapit=C&tab=C1.4.1&rck=13,2026-05-19T12:23:11Z
2018/2019,2018,C1.4.1,žáci v ročnících,(celkem) :: 8. ročníku,8841,https://statis.msmt.gov.cz/rocenka/rocenka.asp?kapit=C&tab=C1.4.1&rck=13,2026-05-19T12:23:11Z
2018/2019,2018,C1.4.1,žáci v ročnících,(celkem) :: 9. ročníku / celkem,7995,https://statis.msmt.gov.cz/rocenka/rocenka.asp?kapit=C&tab=C1.4.1&rck=13,2026-05-19T12:23:11Z
2018/2019,2018,C1.4.1,žáci v ročnících,(celkem) :: z toho v 10letém vzděl. prog.,87,https://statis.msmt.gov.cz/rocenka/rocenka.asp?kapit=C&tab=C1.4.1&rck=13,2026-05-19T12:23:11Z
2018/2019,2018,C1.4.1,žáci v ročnících,(celkem) :: 10. ročníku,109,https://statis.msmt.gov.cz/rocenka/rocenka.asp?kapit=C&tab=C1.4.1&rck=13,2026-05-19T12:23:11Z
2018/2019,2018,C1.4.1,žáci v ročnících,v tom / z toho speciální třídy :: Žáci / celkem,3383,https://statis.msmt.gov.cz/rocenka/rocenka.asp?kapit=C&tab=C1.4.1&rck=13,2026-05-19T12:23:11Z
2018/2019,2018,C1.4.1,žáci v ročnících,v tom / z toho speciální třídy :: v tom / 1. stupeň,1715,https://statis.msmt.gov.cz/rocenka/rocenka.asp?kapit=C&tab=C1.4.1&rck=13,2026-05-19T12:23:11Z
2018/2019,2018,C1.4.1,žáci v ročnících,v tom / z toho speciální třídy :: 2. stupeň,1668,https://statis.msmt.gov.cz/rocenka/rocenka.asp?kapit=C&tab=C1.4.1&rck=13,2026-05-19T12:23:11Z
2018/2019,2018,C1.4.1,žáci v ročnících,v tom / z toho speciální třídy :: nově přijatí do 1. ročníku,267,https://statis.msmt.gov.cz/rocenka/rocenka.asp?kapit=C&tab=C1.4.1&rck=13,2026-05-19T12:23:11Z
2018/2019,2018,C1.4.1,žáci v ročnících,v tom / z toho speciální třídy :: 1. ročníku,284,https://statis.msmt.gov.cz/rocenka/rocenka.asp?kapit=C&tab=C1.4.1&rck=13,2026-05-19T12:23:11Z
2018/2019,2018,C1.4.1,žáci v ročnících,v tom / z toho speciální třídy :: 2. ročníku,309,https://statis.msmt.gov.cz/rocenka/rocenka.asp?kapit=C&tab=C1.4.1&rck=13,2026-05-19T12:23:11Z
2018/2019,2018,C1.4.1,žáci v ročnících,v tom / z toho speciální třídy :: 3. ročníku,319,https://statis.msmt.gov.cz/rocenka/rocenka.asp?kapit=C&tab=C1.4.1&rck=13,2026-05-19T12:23:11Z
2018/2019,2018,C1.4.1,žáci v ročnících,v tom / z toho speciální třídy :: 4. ročníku,368,https://statis.msmt.gov.cz/rocenka/rocenka.asp?kapit=C&tab=C1.4.1&rck=13,2026-05-19T12:23:11Z
2018/2019,2018,C1.4.1,žáci v ročnících,v tom / z toho speciální třídy :: 5. ročníku,348,https://statis.msmt.gov.cz/rocenka/rocenka.asp?kapit=C&tab=C1.4.1&rck=13,2026-05-19T12:23:11Z
2018/2019,2018,C1.4.1,žáci v ročnících,v tom / z toho speciální třídy :: 6. ročníku / celkem,400,https://statis.msmt.gov.cz/rocenka/rocenka.asp?kapit=C&tab=C1.4.1&rck=13,2026-05-19T12:23:11Z
2018/2019,2018,C1.4.1,žáci v ročnících,v tom / z toho speciální třídy :: z toho v 10letém vzděl. prog.,87,https://statis.msmt.gov.cz/rocenka/rocenka.asp?kapit=C&tab=C1.4.1&rck=13,2026-05-19T12:23:11Z
2018/2019,2018,C1.4.1,žáci v ročnících,v tom / z toho speciální třídy :: 7. ročníku,413,https://statis.msmt.gov.cz/rocenka/rocenka.asp?kapit=C&tab=C1.4.1&rck=13,2026-05-19T12:23:11Z
2018/2019,2018,C1.4.1,žáci v ročnících,v tom / z toho speciální třídy :: 8. ročníku,466,https://statis.msmt.gov.cz/rocenka/rocenka.asp?kapit=C&tab=C1.4.1&rck=13,2026-05-19T12:23:11Z
2018/2019,2018,C1.4.1,žáci v ročnících,v tom / z toho speciální třídy :: 9. ročníku / celkem,367,https://statis.msmt.gov.cz/rocenka/rocenka.asp?kapit=C&tab=C1.4.1&rck=13,2026-05-19T12:23:11Z
2018/2019,2018,C1.4.1,žáci v ročnících,v tom / z toho speciální třídy :: z toho v 10letém vzděl. prog.,87,https://statis.msmt.gov.cz/rocenka/rocenka.asp?kapit=C&tab=C1.4.1&rck=13,2026-05-19T12:23:11Z
2018/2019,2018,C1.4.1,žáci v ročnících,v tom / z toho speciální třídy :: 10. ročníku,109,https://statis.msmt.gov.cz/rocenka/rocenka.asp?kapit=C&tab=C1.4.1&rck=13,2026-05-19T12:23:11Z
2019/2020,2019,C1.4.1,žáci v ročnících,(celkem) :: Žáci / celkem,108638,https://statis.msmt.gov.cz/rocenka/rocenka.asp?kapit=C&tab=C1.4.1&rck=14,2026-05-19T12:23:11Z
2019/2020,2019,C1.4.1,žáci v ročnících,(celkem) :: v tom / 1. stupeň,67701,https://statis.msmt.gov.cz/rocenka/rocenka.asp?kapit=C&tab=C1.4.1&rck=14,2026-05-19T12:23:11Z
2019/2020,2019,C1.4.1,žáci v ročnících,(celkem) :: 2. stupeň,40937,https://statis.msmt.gov.cz/rocenka/rocenka.asp?kapit=C&tab=C1.4.1&rck=14,2026-05-19T12:23:11Z
2019/2020,2019,C1.4.1,žáci v ročnících,(celkem) :: nově přijatí do 1. ročníku,13067,https://statis.msmt.gov.cz/rocenka/rocenka.asp?kapit=C&tab=C1.4.1&rck=14,2026-05-19T12:23:11Z
2019/2020,2019,C1.4.1,žáci v ročnících,(celkem) :: 1. ročníku,13107,https://statis.msmt.gov.cz/rocenka/rocenka.asp?kapit=C&tab=C1.4.1&rck=14,2026-05-19T12:23:11Z
2019/2020,2019,C1.4.1,žáci v ročnících,(celkem) :: 2. ročníku,13421,https://statis.msmt.gov.cz/rocenka/rocenka.asp?kapit=C&tab=C1.4.1&rck=14,2026-05-19T12:23:11Z
2019/2020,2019,C1.4.1,žáci v ročnících,(celkem) :: 3. ročníku,13528,https://statis.msmt.gov.cz/rocenka/rocenka.asp?kapit=C&tab=C1.4.1&rck=14,2026-05-19T12:23:11Z
2019/2020,2019,C1.4.1,žáci v ročnících,(celkem) :: 4. ročníku,13853,https://statis.msmt.gov.cz/rocenka/rocenka.asp?kapit=C&tab=C1.4.1&rck=14,2026-05-19T12:23:11Z
2019/2020,2019,C1.4.1,žáci v ročnících,(celkem) :: 5. ročníku,13695,https://statis.msmt.gov.cz/rocenka/rocenka.asp?kapit=C&tab=C1.4.1&rck=14,2026-05-19T12:23:11Z
2019/2020,2019,C1.4.1,žáci v ročnících,(celkem) :: 6. ročníku / celkem,11873,https://statis.msmt.gov.cz/rocenka/rocenka.asp?kapit=C&tab=C1.4.1&rck=14,2026-05-19T12:23:11Z
2019/2020,2019,C1.4.1,žáci v ročnících,(celkem) :: z toho v 10letém vzděl. prog.,97,https://statis.msmt.gov.cz/rocenka/rocenka.asp?kapit=C&tab=C1.4.1&rck=14,2026-05-19T12:23:11Z
2019/2020,2019,C1.4.1,žáci v ročnících,(celkem) :: 7. ročníku,10792,https://statis.msmt.gov.cz/rocenka/rocenka.asp?kapit=C&tab=C1.4.1&rck=14,2026-05-19T12:23:11Z
2019/2020,2019,C1.4.1,žáci v ročnících,(celkem) :: 8. ročníku,9606,https://statis.msmt.gov.cz/rocenka/rocenka.asp?kapit=C&tab=C1.4.1&rck=14,2026-05-19T12:23:11Z
2019/2020,2019,C1.4.1,žáci v ročnících,(celkem) :: 9. ročníku / celkem,8665,https://statis.msmt.gov.cz/rocenka/rocenka.asp?kapit=C&tab=C1.4.1&rck=14,2026-05-19T12:23:11Z
2019/2020,2019,C1.4.1,žáci v ročnících,(celkem) :: z toho v 10letém vzděl. prog.,83,https://statis.msmt.gov.cz/rocenka/rocenka.asp?kapit=C&tab=C1.4.1&rck=14,2026-05-19T12:23:11Z
2019/2020,2019,C1.4.1,žáci v ročnících,(celkem) :: 10. ročníku,98,https://statis.msmt.gov.cz/rocenka/rocenka.asp?kapit=C&tab=C1.4.1&rck=14,2026-05-19T12:23:11Z
2019/2020,2019,C1.4.1,žáci v ročnících,v tom / z toho speciální třídy :: Žáci / celkem,3382,https://statis.msmt.gov.cz/rocenka/rocenka.asp?kapit=C&tab=C1.4.1&rck=14,2026-05-19T12:23:11Z
2019/2020,2019,C1.4.1,žáci v ročnících,v tom / z toho speciální třídy :: v tom / 1. stupeň,1749,https://statis.msmt.gov.cz/rocenka/rocenka.asp?kapit=C&tab=C1.4.1&rck=14,2026-05-19T12:23:11Z
2019/2020,2019,C1.4.1,žáci v ročnících,v tom / z toho speciální třídy :: 2. stupeň,1633,https://statis.msmt.gov.cz/rocenka/rocenka.asp?kapit=C&tab=C1.4.1&rck=14,2026-05-19T12:23:11Z
2019/2020,2019,C1.4.1,žáci v ročnících,v tom / z toho speciální třídy :: nově přijatí do 1. ročníku,284,https://statis.msmt.gov.cz/rocenka/rocenka.asp?kapit=C&tab=C1.4.1&rck=14,2026-05-19T12:23:11Z
2019/2020,2019,C1.4.1,žáci v ročnících,v tom / z toho speciální třídy :: 1. ročníku,290,https://statis.msmt.gov.cz/rocenka/rocenka.asp?kapit=C&tab=C1.4.1&rck=14,2026-05-19T12:23:11Z
2019/2020,2019,C1.4.1,žáci v ročnících,v tom / z toho speciální třídy :: 2. ročníku,300,https://statis.msmt.gov.cz/rocenka/rocenka.asp?kapit=C&tab=C1.4.1&rck=14,2026-05-19T12:23:11Z
2019/2020,2019,C1.4.1,žáci v ročnících,v tom / z toho speciální třídy :: 3. ročníku,334,https://statis.msmt.gov.cz/rocenka/rocenka.asp?kapit=C&tab=C1.4.1&rck=14,2026-05-19T12:23:11Z
2019/2020,2019,C1.4.1,žáci v ročnících,v tom / z toho speciální třídy :: 4. ročníku,339,https://statis.msmt.gov.cz/rocenka/rocenka.asp?kapit=C&tab=C1.4.1&rck=14,2026-05-19T12:23:11Z
2019/2020,2019,C1.4.1,žáci v ročnících,v tom / z toho speciální třídy :: 5. ročníku,389,https://statis.msmt.gov.cz/rocenka/rocenka.asp?kapit=C&tab=C1.4.1&rck=14,2026-05-19T12:23:11Z
2019/2020,2019,C1.4.1,žáci v ročnících,v tom / z toho speciální třídy :: 6. ročníku / celkem,396,https://statis.msmt.gov.cz/rocenka/rocenka.asp?kapit=C&tab=C1.4.1&rck=14,2026-05-19T12:23:11Z
2019/2020,2019,C1.4.1,žáci v ročnících,v tom / z toho speciální třídy :: z toho v 10letém vzděl. prog.,97,https://statis.msmt.gov.cz/rocenka/rocenka.asp?kapit=C&tab=C1.4.1&rck=14,2026-05-19T12:23:11Z
2019/2020,2019,C1.4.1,žáci v ročnících,v tom / z toho speciální třídy :: 7. ročníku,397,https://statis.msmt.gov.cz/rocenka/rocenka.asp?kapit=C&tab=C1.4.1&rck=14,2026-05-19T12:23:11Z
2019/2020,2019,C1.4.1,žáci v ročnících,v tom / z toho speciální třídy :: 8. ročníku,422,https://statis.msmt.gov.cz/rocenka/rocenka.asp?kapit=C&tab=C1.4.1&rck=14,2026-05-19T12:23:11Z
2019/2020,2019,C1.4.1,žáci v ročnících,v tom / z toho speciální třídy :: 9. ročníku / celkem,417,https://statis.msmt.gov.cz/rocenka/rocenka.asp?kapit=C&tab=C1.4.1&rck=14,2026-05-19T12:23:11Z
2019/2020,2019,C1.4.1,žáci v ročnících,v tom / z toho speciální třídy :: z toho v 10letém vzděl. prog.,83,https://statis.msmt.gov.cz/rocenka/rocenka.asp?kapit=C&tab=C1.4.1&rck=14,2026-05-19T12:23:11Z
2019/2020,2019,C1.4.1,žáci v ročnících,v tom / z toho speciální třídy :: 10. ročníku,98,https://statis.msmt.gov.cz/rocenka/rocenka.asp?kapit=C&tab=C1.4.1&rck=14,2026-05-19T12:23:11Z
2020/2021,2020,C1.4.1,žáci v ročnících,(celkem) :: Žáci / celkem,110975,https://statis.msmt.gov.cz/rocenka/rocenka.asp?kapit=C&tab=C1.4.1&rck=15,2026-05-19T12:23:11Z
2020/2021,2020,C1.4.1,žáci v ročnících,(celkem) :: v tom / 1. stupeň,67153,https://statis.msmt.gov.cz/rocenka/rocenka.asp?kapit=C&tab=C1.4.1&rck=15,2026-05-19T12:23:11Z
2020/2021,2020,C1.4.1,žáci v ročnících,(celkem) :: 2. stupeň,43822,https://statis.msmt.gov.cz/rocenka/rocenka.asp?kapit=C&tab=C1.4.1&rck=15,2026-05-19T12:23:11Z
2020/2021,2020,C1.4.1,žáci v ročnících,(celkem) :: nově přijatí do 1. ročníku,13241,https://statis.msmt.gov.cz/rocenka/rocenka.asp?kapit=C&tab=C1.4.1&rck=15,2026-05-19T12:23:11Z
2020/2021,2020,C1.4.1,žáci v ročnících,(celkem) :: 1. ročníku,13289,https://statis.msmt.gov.cz/rocenka/rocenka.asp?kapit=C&tab=C1.4.1&rck=15,2026-05-19T12:23:11Z
2020/2021,2020,C1.4.1,žáci v ročnících,(celkem) :: 2. ročníku,13054,https://statis.msmt.gov.cz/rocenka/rocenka.asp?kapit=C&tab=C1.4.1&rck=15,2026-05-19T12:23:11Z
2020/2021,2020,C1.4.1,žáci v ročnících,(celkem) :: 3. ročníku,13426,https://statis.msmt.gov.cz/rocenka/rocenka.asp?kapit=C&tab=C1.4.1&rck=15,2026-05-19T12:23:11Z
2020/2021,2020,C1.4.1,žáci v ročnících,(celkem) :: 4. ročníku,13464,https://statis.msmt.gov.cz/rocenka/rocenka.asp?kapit=C&tab=C1.4.1&rck=15,2026-05-19T12:23:11Z
2020/2021,2020,C1.4.1,žáci v ročnících,(celkem) :: 5. ročníku,13815,https://statis.msmt.gov.cz/rocenka/rocenka.asp?kapit=C&tab=C1.4.1&rck=15,2026-05-19T12:23:11Z
2020/2021,2020,C1.4.1,žáci v ročnících,(celkem) :: 6. ročníku / celkem,12240,https://statis.msmt.gov.cz/rocenka/rocenka.asp?kapit=C&tab=C1.4.1&rck=15,2026-05-19T12:23:11Z
2020/2021,2020,C1.4.1,žáci v ročnících,(celkem) :: z toho v 10letém vzděl. prog.,105,https://statis.msmt.gov.cz/rocenka/rocenka.asp?kapit=C&tab=C1.4.1&rck=15,2026-05-19T12:23:11Z
2020/2021,2020,C1.4.1,žáci v ročnících,(celkem) :: 7. ročníku,11905,https://statis.msmt.gov.cz/rocenka/rocenka.asp?kapit=C&tab=C1.4.1&rck=15,2026-05-19T12:23:11Z
2020/2021,2020,C1.4.1,žáci v ročnících,(celkem) :: 8. ročníku,10228,https://statis.msmt.gov.cz/rocenka/rocenka.asp?kapit=C&tab=C1.4.1&rck=15,2026-05-19T12:23:11Z
2020/2021,2020,C1.4.1,žáci v ročnících,(celkem) :: 9. ročníku / celkem,9453,https://statis.msmt.gov.cz/rocenka/rocenka.asp?kapit=C&tab=C1.4.1&rck=15,2026-05-19T12:23:11Z
2020/2021,2020,C1.4.1,žáci v ročnících,(celkem) :: z toho v 10letém vzděl. prog.,77,https://statis.msmt.gov.cz/rocenka/rocenka.asp?kapit=C&tab=C1.4.1&rck=15,2026-05-19T12:23:11Z
2020/2021,2020,C1.4.1,žáci v ročnících,(celkem) :: 10. ročníku,101,https://statis.msmt.gov.cz/rocenka/rocenka.asp?kapit=C&tab=C1.4.1&rck=15,2026-05-19T12:23:11Z
2020/2021,2020,C1.4.1,žáci v ročnících,v tom / z toho speciální třídy :: Žáci / celkem,3362,https://statis.msmt.gov.cz/rocenka/rocenka.asp?kapit=C&tab=C1.4.1&rck=15,2026-05-19T12:23:11Z
2020/2021,2020,C1.4.1,žáci v ročnících,v tom / z toho speciální třídy :: v tom / 1. stupeň,1727,https://statis.msmt.gov.cz/rocenka/rocenka.asp?kapit=C&tab=C1.4.1&rck=15,2026-05-19T12:23:11Z
2020/2021,2020,C1.4.1,žáci v ročnících,v tom / z toho speciální třídy :: 2. stupeň,1635,https://statis.msmt.gov.cz/rocenka/rocenka.asp?kapit=C&tab=C1.4.1&rck=15,2026-05-19T12:23:11Z
2020/2021,2020,C1.4.1,žáci v ročnících,v tom / z toho speciální třídy :: nově přijatí do 1. ročníku,282,https://statis.msmt.gov.cz/rocenka/rocenka.asp?kapit=C&tab=C1.4.1&rck=15,2026-05-19T12:23:11Z
2020/2021,2020,C1.4.1,žáci v ročnících,v tom / z toho speciální třídy :: 1. ročníku,312,https://statis.msmt.gov.cz/rocenka/rocenka.asp?kapit=C&tab=C1.4.1&rck=15,2026-05-19T12:23:11Z
2020/2021,2020,C1.4.1,žáci v ročnících,v tom / z toho speciální třídy :: 2. ročníku,291,https://statis.msmt.gov.cz/rocenka/rocenka.asp?kapit=C&tab=C1.4.1&rck=15,2026-05-19T12:23:11Z
2020/2021,2020,C1.4.1,žáci v ročnících,v tom / z toho speciální třídy :: 3. ročníku,316,https://statis.msmt.gov.cz/rocenka/rocenka.asp?kapit=C&tab=C1.4.1&rck=15,2026-05-19T12:23:11Z
2020/2021,2020,C1.4.1,žáci v ročnících,v tom / z toho speciální třídy :: 4. ročníku,354,https://statis.msmt.gov.cz/rocenka/rocenka.asp?kapit=C&tab=C1.4.1&rck=15,2026-05-19T12:23:11Z
2020/2021,2020,C1.4.1,žáci v ročnících,v tom / z toho speciální třídy :: 5. ročníku,349,https://statis.msmt.gov.cz/rocenka/rocenka.asp?kapit=C&tab=C1.4.1&rck=15,2026-05-19T12:23:11Z
2020/2021,2020,C1.4.1,žáci v ročnících,v tom / z toho speciální třídy :: 6. ročníku / celkem,433,https://statis.msmt.gov.cz/rocenka/rocenka.asp?kapit=C&tab=C1.4.1&rck=15,2026-05-19T12:23:11Z
2020/2021,2020,C1.4.1,žáci v ročnících,v tom / z toho speciální třídy :: z toho v 10letém vzděl. prog.,105,https://statis.msmt.gov.cz/rocenka/rocenka.asp?kapit=C&tab=C1.4.1&rck=15,2026-05-19T12:23:11Z
2020/2021,2020,C1.4.1,žáci v ročnících,v tom / z toho speciální třídy :: 7. ročníku,408,https://statis.msmt.gov.cz/rocenka/rocenka.asp?kapit=C&tab=C1.4.1&rck=15,2026-05-19T12:23:11Z
2020/2021,2020,C1.4.1,žáci v ročnících,v tom / z toho speciální třídy :: 8. ročníku,401,https://statis.msmt.gov.cz/rocenka/rocenka.asp?kapit=C&tab=C1.4.1&rck=15,2026-05-19T12:23:11Z
2020/2021,2020,C1.4.1,žáci v ročnících,v tom / z toho speciální třídy :: 9. ročníku / celkem,397,https://statis.msmt.gov.cz/rocenka/rocenka.asp?kapit=C&tab=C1.4.1&rck=15,2026-05-19T12:23:11Z
2020/2021,2020,C1.4.1,žáci v ročnících,v tom / z toho speciální třídy :: z toho v 10letém vzděl. prog.,77,https://statis.msmt.gov.cz/rocenka/rocenka.asp?kapit=C&tab=C1.4.1&rck=15,2026-05-19T12:23:11Z
2020/2021,2020,C1.4.1,žáci v ročnících,v tom / z toho speciální třídy :: 10. ročníku,101,https://statis.msmt.gov.cz/rocenka/rocenka.asp?kapit=C&tab=C1.4.1&rck=15,2026-05-19T12:23:11Z
2021/2022,2021,C1.4.1,žáci v ročnících,(celkem) :: Žáci / celkem,112089,https://statis.msmt.gov.cz/rocenka/rocenka.asp?kapit=C&tab=C1.4.1&rck=16,2026-05-19T12:23:11Z
2021/2022,2021,C1.4.1,žáci v ročnících,(celkem) :: v tom / 1. stupeň,66164,https://statis.msmt.gov.cz/rocenka/rocenka.asp?kapit=C&tab=C1.4.1&rck=16,2026-05-19T12:23:11Z
2021/2022,2021,C1.4.1,žáci v ročnících,(celkem) :: 2. stupeň,45925,https://statis.msmt.gov.cz/rocenka/rocenka.asp?kapit=C&tab=C1.4.1&rck=16,2026-05-19T12:23:11Z
2021/2022,2021,C1.4.1,žáci v ročnících,(celkem) :: nově přijatí do 1. ročníku,13061,https://statis.msmt.gov.cz/rocenka/rocenka.asp?kapit=C&tab=C1.4.1&rck=16,2026-05-19T12:23:11Z
2021/2022,2021,C1.4.1,žáci v ročnících,(celkem) :: 1. ročníku,13115,https://statis.msmt.gov.cz/rocenka/rocenka.asp?kapit=C&tab=C1.4.1&rck=16,2026-05-19T12:23:11Z
2021/2022,2021,C1.4.1,žáci v ročnících,(celkem) :: 2. ročníku,13132,https://statis.msmt.gov.cz/rocenka/rocenka.asp?kapit=C&tab=C1.4.1&rck=16,2026-05-19T12:23:11Z
2021/2022,2021,C1.4.1,žáci v ročnících,(celkem) :: 3. ročníku,13000,https://statis.msmt.gov.cz/rocenka/rocenka.asp?kapit=C&tab=C1.4.1&rck=16,2026-05-19T12:23:11Z
2021/2022,2021,C1.4.1,žáci v ročnících,(celkem) :: 4. ročníku,13368,https://statis.msmt.gov.cz/rocenka/rocenka.asp?kapit=C&tab=C1.4.1&rck=16,2026-05-19T12:23:11Z
2021/2022,2021,C1.4.1,žáci v ročnících,(celkem) :: 5. ročníku,13449,https://statis.msmt.gov.cz/rocenka/rocenka.asp?kapit=C&tab=C1.4.1&rck=16,2026-05-19T12:23:11Z
2021/2022,2021,C1.4.1,žáci v ročnících,(celkem) :: 6. ročníku / celkem,12329,https://statis.msmt.gov.cz/rocenka/rocenka.asp?kapit=C&tab=C1.4.1&rck=16,2026-05-19T12:23:11Z
2021/2022,2021,C1.4.1,žáci v ročnících,(celkem) :: z toho v 10letém vzděl. prog.,100,https://statis.msmt.gov.cz/rocenka/rocenka.asp?kapit=C&tab=C1.4.1&rck=16,2026-05-19T12:23:11Z
2021/2022,2021,C1.4.1,žáci v ročnících,(celkem) :: 7. ročníku,12223,https://statis.msmt.gov.cz/rocenka/rocenka.asp?kapit=C&tab=C1.4.1&rck=16,2026-05-19T12:23:11Z
2021/2022,2021,C1.4.1,žáci v ročnících,(celkem) :: 8. ročníku,11306,https://statis.msmt.gov.cz/rocenka/rocenka.asp?kapit=C&tab=C1.4.1&rck=16,2026-05-19T12:23:11Z
2021/2022,2021,C1.4.1,žáci v ročnících,(celkem) :: 9. ročníku / celkem,10084,https://statis.msmt.gov.cz/rocenka/rocenka.asp?kapit=C&tab=C1.4.1&rck=16,2026-05-19T12:23:11Z
2021/2022,2021,C1.4.1,žáci v ročnících,(celkem) :: z toho v 10letém vzděl. prog.,94,https://statis.msmt.gov.cz/rocenka/rocenka.asp?kapit=C&tab=C1.4.1&rck=16,2026-05-19T12:23:11Z
2021/2022,2021,C1.4.1,žáci v ročnících,(celkem) :: 10. ročníku,83,https://statis.msmt.gov.cz/rocenka/rocenka.asp?kapit=C&tab=C1.4.1&rck=16,2026-05-19T12:23:11Z
2021/2022,2021,C1.4.1,žáci v ročnících,v tom / z toho speciální třídy :: Žáci / celkem,3393,https://statis.msmt.gov.cz/rocenka/rocenka.asp?kapit=C&tab=C1.4.1&rck=16,2026-05-19T12:23:11Z
2021/2022,2021,C1.4.1,žáci v ročnících,v tom / z toho speciální třídy :: v tom / 1. stupeň,1760,https://statis.msmt.gov.cz/rocenka/rocenka.asp?kapit=C&tab=C1.4.1&rck=16,2026-05-19T12:23:11Z
2021/2022,2021,C1.4.1,žáci v ročnících,v tom / z toho speciální třídy :: 2. stupeň,1633,https://statis.msmt.gov.cz/rocenka/rocenka.asp?kapit=C&tab=C1.4.1&rck=16,2026-05-19T12:23:11Z
2021/2022,2021,C1.4.1,žáci v ročnících,v tom / z toho speciální třídy :: nově přijatí do 1. ročníku,303,https://statis.msmt.gov.cz/rocenka/rocenka.asp?kapit=C&tab=C1.4.1&rck=16,2026-05-19T12:23:11Z
2021/2022,2021,C1.4.1,žáci v ročnících,v tom / z toho speciální třídy :: 1. ročníku,312,https://statis.msmt.gov.cz/rocenka/rocenka.asp?kapit=C&tab=C1.4.1&rck=16,2026-05-19T12:23:11Z
2021/2022,2021,C1.4.1,žáci v ročnících,v tom / z toho speciální třídy :: 2. ročníku,334,https://statis.msmt.gov.cz/rocenka/rocenka.asp?kapit=C&tab=C1.4.1&rck=16,2026-05-19T12:23:11Z
2021/2022,2021,C1.4.1,žáci v ročnících,v tom / z toho speciální třídy :: 3. ročníku,318,https://statis.msmt.gov.cz/rocenka/rocenka.asp?kapit=C&tab=C1.4.1&rck=16,2026-05-19T12:23:11Z
2021/2022,2021,C1.4.1,žáci v ročnících,v tom / z toho speciální třídy :: 4. ročníku,332,https://statis.msmt.gov.cz/rocenka/rocenka.asp?kapit=C&tab=C1.4.1&rck=16,2026-05-19T12:23:11Z
2021/2022,2021,C1.4.1,žáci v ročnících,v tom / z toho speciální třídy :: 5. ročníku,364,https://statis.msmt.gov.cz/rocenka/rocenka.asp?kapit=C&tab=C1.4.1&rck=16,2026-05-19T12:23:11Z
2021/2022,2021,C1.4.1,žáci v ročnících,v tom / z toho speciální třídy :: 6. ročníku / celkem,395,https://statis.msmt.gov.cz/rocenka/rocenka.asp?kapit=C&tab=C1.4.1&rck=16,2026-05-19T12:23:11Z
2021/2022,2021,C1.4.1,žáci v ročnících,v tom / z toho speciální třídy :: z toho v 10letém vzděl. prog.,100,https://statis.msmt.gov.cz/rocenka/rocenka.asp?kapit=C&tab=C1.4.1&rck=16,2026-05-19T12:23:11Z
2021/2022,2021,C1.4.1,žáci v ročnících,v tom / z toho speciální třídy :: 7. ročníku,450,https://statis.msmt.gov.cz/rocenka/rocenka.asp?kapit=C&tab=C1.4.1&rck=16,2026-05-19T12:23:11Z
2021/2022,2021,C1.4.1,žáci v ročnících,v tom / z toho speciální třídy :: 8. ročníku,419,https://statis.msmt.gov.cz/rocenka/rocenka.asp?kapit=C&tab=C1.4.1&rck=16,2026-05-19T12:23:11Z
2021/2022,2021,C1.4.1,žáci v ročnících,v tom / z toho speciální třídy :: 9. ročníku / celkem,386,https://statis.msmt.gov.cz/rocenka/rocenka.asp?kapit=C&tab=C1.4.1&rck=16,2026-05-19T12:23:11Z
2021/2022,2021,C1.4.1,žáci v ročnících,v tom / z toho speciální třídy :: z toho v 10letém vzděl. prog.,94,https://statis.msmt.gov.cz/rocenka/rocenka.asp?kapit=C&tab=C1.4.1&rck=16,2026-05-19T12:23:11Z
2021/2022,2021,C1.4.1,žáci v ročnících,v tom / z toho speciální třídy :: 10. ročníku,83,https://statis.msmt.gov.cz/rocenka/rocenka.asp?kapit=C&tab=C1.4.1&rck=16,2026-05-19T12:23:11Z
2022/2023,2022,C1.4.1,žáci v ročnících,(celkem) :: Žáci v ZŠ / celkem,121401,https://statis.msmt.gov.cz/rocenka/rocenka.asp?kapit=C&tab=C1.4.1&rck=17,2026-05-19T12:23:11Z
2022/2023,2022,C1.4.1,žáci v ročnících,(celkem) :: v tom / 1. stupeň,70792,https://statis.msmt.gov.cz/rocenka/rocenka.asp?kapit=C&tab=C1.4.1&rck=17,2026-05-19T12:23:11Z
2022/2023,2022,C1.4.1,žáci v ročnících,(celkem) :: 2. stupeň,50609,https://statis.msmt.gov.cz/rocenka/rocenka.asp?kapit=C&tab=C1.4.1&rck=17,2026-05-19T12:23:11Z
2022/2023,2022,C1.4.1,žáci v ročnících,(celkem) :: nově přijatí do 1. ročníku,14575,https://statis.msmt.gov.cz/rocenka/rocenka.asp?kapit=C&tab=C1.4.1&rck=17,2026-05-19T12:23:11Z
2022/2023,2022,C1.4.1,žáci v ročnících,(celkem) :: 1. ročník,14657,https://statis.msmt.gov.cz/rocenka/rocenka.asp?kapit=C&tab=C1.4.1&rck=17,2026-05-19T12:23:11Z
2022/2023,2022,C1.4.1,žáci v ročnících,(celkem) :: 2. ročník,13859,https://statis.msmt.gov.cz/rocenka/rocenka.asp?kapit=C&tab=C1.4.1&rck=17,2026-05-19T12:23:11Z
2022/2023,2022,C1.4.1,žáci v ročnících,(celkem) :: 3. ročník,14017,https://statis.msmt.gov.cz/rocenka/rocenka.asp?kapit=C&tab=C1.4.1&rck=17,2026-05-19T12:23:11Z
2022/2023,2022,C1.4.1,žáci v ročnících,(celkem) :: 4. ročník,13852,https://statis.msmt.gov.cz/rocenka/rocenka.asp?kapit=C&tab=C1.4.1&rck=17,2026-05-19T12:23:11Z
2022/2023,2022,C1.4.1,žáci v ročnících,(celkem) :: 5. ročník,14289,https://statis.msmt.gov.cz/rocenka/rocenka.asp?kapit=C&tab=C1.4.1&rck=17,2026-05-19T12:23:11Z
2022/2023,2022,C1.4.1,žáci v ročnících,(celkem) :: 6. ročník / celkem,12879,https://statis.msmt.gov.cz/rocenka/rocenka.asp?kapit=C&tab=C1.4.1&rck=17,2026-05-19T12:23:11Z
2022/2023,2022,C1.4.1,žáci v ročnících,(celkem) :: z toho v 10letém vzděl. prog.,118,https://statis.msmt.gov.cz/rocenka/rocenka.asp?kapit=C&tab=C1.4.1&rck=17,2026-05-19T12:23:11Z
2022/2023,2022,C1.4.1,žáci v ročnících,(celkem) :: 7. ročník,13142,https://statis.msmt.gov.cz/rocenka/rocenka.asp?kapit=C&tab=C1.4.1&rck=17,2026-05-19T12:23:11Z
2022/2023,2022,C1.4.1,žáci v ročnících,(celkem) :: 8. ročník,12528,https://statis.msmt.gov.cz/rocenka/rocenka.asp?kapit=C&tab=C1.4.1&rck=17,2026-05-19T12:23:11Z
2022/2023,2022,C1.4.1,žáci v ročnících,(celkem) :: 9. ročník / celkem,12081,https://statis.msmt.gov.cz/rocenka/rocenka.asp?kapit=C&tab=C1.4.1&rck=17,2026-05-19T12:23:11Z
2022/2023,2022,C1.4.1,žáci v ročnících,(celkem) :: z toho v 10letém vzděl. prog.,101,https://statis.msmt.gov.cz/rocenka/rocenka.asp?kapit=C&tab=C1.4.1&rck=17,2026-05-19T12:23:11Z
2022/2023,2022,C1.4.1,žáci v ročnících,(celkem) :: 10. ročník,97,https://statis.msmt.gov.cz/rocenka/rocenka.asp?kapit=C&tab=C1.4.1&rck=17,2026-05-19T12:23:11Z
2022/2023,2022,C1.4.1,žáci v ročnících,v tom / z toho speciální třídy :: Žáci v ZŠ / celkem,3499,https://statis.msmt.gov.cz/rocenka/rocenka.asp?kapit=C&tab=C1.4.1&rck=17,2026-05-19T12:23:11Z
2022/2023,2022,C1.4.1,žáci v ročnících,v tom / z toho speciální třídy :: v tom / 1. stupeň,1818,https://statis.msmt.gov.cz/rocenka/rocenka.asp?kapit=C&tab=C1.4.1&rck=17,2026-05-19T12:23:11Z
2022/2023,2022,C1.4.1,žáci v ročnících,v tom / z toho speciální třídy :: 2. stupeň,1681,https://statis.msmt.gov.cz/rocenka/rocenka.asp?kapit=C&tab=C1.4.1&rck=17,2026-05-19T12:23:11Z
2022/2023,2022,C1.4.1,žáci v ročnících,v tom / z toho speciální třídy :: nově přijatí do 1. ročníku,304,https://statis.msmt.gov.cz/rocenka/rocenka.asp?kapit=C&tab=C1.4.1&rck=17,2026-05-19T12:23:11Z
2022/2023,2022,C1.4.1,žáci v ročnících,v tom / z toho speciální třídy :: 1. ročník,318,https://statis.msmt.gov.cz/rocenka/rocenka.asp?kapit=C&tab=C1.4.1&rck=17,2026-05-19T12:23:11Z
2022/2023,2022,C1.4.1,žáci v ročnících,v tom / z toho speciální třídy :: 2. ročník,334,https://statis.msmt.gov.cz/rocenka/rocenka.asp?kapit=C&tab=C1.4.1&rck=17,2026-05-19T12:23:11Z
2022/2023,2022,C1.4.1,žáci v ročnících,v tom / z toho speciální třídy :: 3. ročník,359,https://statis.msmt.gov.cz/rocenka/rocenka.asp?kapit=C&tab=C1.4.1&rck=17,2026-05-19T12:23:11Z
2022/2023,2022,C1.4.1,žáci v ročnících,v tom / z toho speciální třídy :: 4. ročník,326,https://statis.msmt.gov.cz/rocenka/rocenka.asp?kapit=C&tab=C1.4.1&rck=17,2026-05-19T12:23:11Z
2022/2023,2022,C1.4.1,žáci v ročnících,v tom / z toho speciální třídy :: 5. ročník,363,https://statis.msmt.gov.cz/rocenka/rocenka.asp?kapit=C&tab=C1.4.1&rck=17,2026-05-19T12:23:11Z
2022/2023,2022,C1.4.1,žáci v ročnících,v tom / z toho speciální třídy :: 6. ročník / celkem,395,https://statis.msmt.gov.cz/rocenka/rocenka.asp?kapit=C&tab=C1.4.1&rck=17,2026-05-19T12:23:11Z
2022/2023,2022,C1.4.1,žáci v ročnících,v tom / z toho speciální třídy :: z toho v 10letém vzděl. prog.,118,https://statis.msmt.gov.cz/rocenka/rocenka.asp?kapit=C&tab=C1.4.1&rck=17,2026-05-19T12:23:11Z
2022/2023,2022,C1.4.1,žáci v ročnících,v tom / z toho speciální třídy :: 7. ročník,427,https://statis.msmt.gov.cz/rocenka/rocenka.asp?kapit=C&tab=C1.4.1&rck=17,2026-05-19T12:23:11Z
2022/2023,2022,C1.4.1,žáci v ročnících,v tom / z toho speciální třídy :: 8. ročník,460,https://statis.msmt.gov.cz/rocenka/rocenka.asp?kapit=C&tab=C1.4.1&rck=17,2026-05-19T12:23:11Z
2022/2023,2022,C1.4.1,žáci v ročnících,v tom / z toho speciální třídy :: 9. ročník / celkem,420,https://statis.msmt.gov.cz/rocenka/rocenka.asp?kapit=C&tab=C1.4.1&rck=17,2026-05-19T12:23:11Z
2022/2023,2022,C1.4.1,žáci v ročnících,v tom / z toho speciální třídy :: z toho v 10letém vzděl. prog.,101,https://statis.msmt.gov.cz/rocenka/rocenka.asp?kapit=C&tab=C1.4.1&rck=17,2026-05-19T12:23:11Z
2022/2023,2022,C1.4.1,žáci v ročnících,v tom / z toho speciální třídy :: 10. ročník,97,https://statis.msmt.gov.cz/rocenka/rocenka.asp?kapit=C&tab=C1.4.1&rck=17,2026-05-19T12:23:11Z
2023/2024,2023,C1.4.1,žáci v ročnících,(celkem) :: Žáci v ZŠ / celkem,120929,https://statis.msmt.gov.cz/rocenka/rocenka.asp?kapit=C&tab=C1.4.1&rck=18,2026-05-19T12:23:11Z
2023/2024,2023,C1.4.1,žáci v ročnících,(celkem) :: v tom / 1. stupeň,70396,https://statis.msmt.gov.cz/rocenka/rocenka.asp?kapit=C&tab=C1.4.1&rck=18,2026-05-19T12:23:11Z
2023/2024,2023,C1.4.1,žáci v ročnících,(celkem) :: 2. stupeň,50533,https://statis.msmt.gov.cz/rocenka/rocenka.asp?kapit=C&tab=C1.4.1&rck=18,2026-05-19T12:23:11Z
2023/2024,2023,C1.4.1,žáci v ročnících,(celkem) :: nově přijatí do 1. ročníku,14164,https://statis.msmt.gov.cz/rocenka/rocenka.asp?kapit=C&tab=C1.4.1&rck=18,2026-05-19T12:23:11Z
2023/2024,2023,C1.4.1,žáci v ročnících,(celkem) :: 1. ročník,14238,https://statis.msmt.gov.cz/rocenka/rocenka.asp?kapit=C&tab=C1.4.1&rck=18,2026-05-19T12:23:11Z
2023/2024,2023,C1.4.1,žáci v ročnících,(celkem) :: 2. ročník,14445,https://statis.msmt.gov.cz/rocenka/rocenka.asp?kapit=C&tab=C1.4.1&rck=18,2026-05-19T12:23:11Z
2023/2024,2023,C1.4.1,žáci v ročnících,(celkem) :: 3. ročník,13791,https://statis.msmt.gov.cz/rocenka/rocenka.asp?kapit=C&tab=C1.4.1&rck=18,2026-05-19T12:23:11Z
2023/2024,2023,C1.4.1,žáci v ročnících,(celkem) :: 4. ročník,13986,https://statis.msmt.gov.cz/rocenka/rocenka.asp?kapit=C&tab=C1.4.1&rck=18,2026-05-19T12:23:11Z
2023/2024,2023,C1.4.1,žáci v ročnících,(celkem) :: 5. ročník,13826,https://statis.msmt.gov.cz/rocenka/rocenka.asp?kapit=C&tab=C1.4.1&rck=18,2026-05-19T12:23:11Z
2023/2024,2023,C1.4.1,žáci v ročnících,(celkem) :: 6. ročník / celkem,12781,https://statis.msmt.gov.cz/rocenka/rocenka.asp?kapit=C&tab=C1.4.1&rck=18,2026-05-19T12:23:11Z
2023/2024,2023,C1.4.1,žáci v ročnících,(celkem) :: z toho v 10letém vzděl. prog.,110,https://statis.msmt.gov.cz/rocenka/rocenka.asp?kapit=C&tab=C1.4.1&rck=18,2026-05-19T12:23:11Z
2023/2024,2023,C1.4.1,žáci v ročnících,(celkem) :: 7. ročník,12867,https://statis.msmt.gov.cz/rocenka/rocenka.asp?kapit=C&tab=C1.4.1&rck=18,2026-05-19T12:23:11Z
2023/2024,2023,C1.4.1,žáci v ročnících,(celkem) :: 8. ročník,12579,https://statis.msmt.gov.cz/rocenka/rocenka.asp?kapit=C&tab=C1.4.1&rck=18,2026-05-19T12:23:11Z
2023/2024,2023,C1.4.1,žáci v ročnících,(celkem) :: 9. ročník / celkem,12315,https://statis.msmt.gov.cz/rocenka/rocenka.asp?kapit=C&tab=C1.4.1&rck=18,2026-05-19T12:23:11Z
2023/2024,2023,C1.4.1,žáci v ročnících,(celkem) :: z toho v 10letém vzděl. prog.,105,https://statis.msmt.gov.cz/rocenka/rocenka.asp?kapit=C&tab=C1.4.1&rck=18,2026-05-19T12:23:11Z
2023/2024,2023,C1.4.1,žáci v ročnících,(celkem) :: 10. ročník,101,https://statis.msmt.gov.cz/rocenka/rocenka.asp?kapit=C&tab=C1.4.1&rck=18,2026-05-19T12:23:11Z
2023/2024,2023,C1.4.1,žáci v ročnících,v tom / z toho speciální třídy :: Žáci v ZŠ / celkem,3539,https://statis.msmt.gov.cz/rocenka/rocenka.asp?kapit=C&tab=C1.4.1&rck=18,2026-05-19T12:23:11Z
2023/2024,2023,C1.4.1,žáci v ročnících,v tom / z toho speciální třídy :: v tom / 1. stupeň,1823,https://statis.msmt.gov.cz/rocenka/rocenka.asp?kapit=C&tab=C1.4.1&rck=18,2026-05-19T12:23:11Z
2023/2024,2023,C1.4.1,žáci v ročnících,v tom / z toho speciální třídy :: 2. stupeň,1716,https://statis.msmt.gov.cz/rocenka/rocenka.asp?kapit=C&tab=C1.4.1&rck=18,2026-05-19T12:23:11Z
2023/2024,2023,C1.4.1,žáci v ročnících,v tom / z toho speciální třídy :: nově přijatí do 1. ročníku,343,https://statis.msmt.gov.cz/rocenka/rocenka.asp?kapit=C&tab=C1.4.1&rck=18,2026-05-19T12:23:11Z
2023/2024,2023,C1.4.1,žáci v ročnících,v tom / z toho speciální třídy :: 1. ročník,355,https://statis.msmt.gov.cz/rocenka/rocenka.asp?kapit=C&tab=C1.4.1&rck=18,2026-05-19T12:23:11Z
2023/2024,2023,C1.4.1,žáci v ročnících,v tom / z toho speciální třídy :: 2. ročník,325,https://statis.msmt.gov.cz/rocenka/rocenka.asp?kapit=C&tab=C1.4.1&rck=18,2026-05-19T12:23:11Z
2023/2024,2023,C1.4.1,žáci v ročnících,v tom / z toho speciální třídy :: 3. ročník,337,https://statis.msmt.gov.cz/rocenka/rocenka.asp?kapit=C&tab=C1.4.1&rck=18,2026-05-19T12:23:11Z
2023/2024,2023,C1.4.1,žáci v ročnících,v tom / z toho speciální třídy :: 4. ročník,353,https://statis.msmt.gov.cz/rocenka/rocenka.asp?kapit=C&tab=C1.4.1&rck=18,2026-05-19T12:23:11Z
2023/2024,2023,C1.4.1,žáci v ročnících,v tom / z toho speciální třídy :: 5. ročník,343,https://statis.msmt.gov.cz/rocenka/rocenka.asp?kapit=C&tab=C1.4.1&rck=18,2026-05-19T12:23:11Z
2023/2024,2023,C1.4.1,žáci v ročnících,v tom / z toho speciální třídy :: 6. ročník / celkem,420,https://statis.msmt.gov.cz/rocenka/rocenka.asp?kapit=C&tab=C1.4.1&rck=18,2026-05-19T12:23:11Z
2023/2024,2023,C1.4.1,žáci v ročnících,v tom / z toho speciální třídy :: z toho v 10letém vzděl. prog.,110,https://statis.msmt.gov.cz/rocenka/rocenka.asp?kapit=C&tab=C1.4.1&rck=18,2026-05-19T12:23:11Z
2023/2024,2023,C1.4.1,žáci v ročnících,v tom / z toho speciální třídy :: 7. ročník,425,https://statis.msmt.gov.cz/rocenka/rocenka.asp?kapit=C&tab=C1.4.1&rck=18,2026-05-19T12:23:11Z
2023/2024,2023,C1.4.1,žáci v ročnících,v tom / z toho speciální třídy :: 8. ročník,433,https://statis.msmt.gov.cz/rocenka/rocenka.asp?kapit=C&tab=C1.4.1&rck=18,2026-05-19T12:23:11Z
2023/2024,2023,C1.4.1,žáci v ročnících,v tom / z toho speciální třídy :: 9. ročník / celkem,447,https://statis.msmt.gov.cz/rocenka/rocenka.asp?kapit=C&tab=C1.4.1&rck=18,2026-05-19T12:23:11Z
2023/2024,2023,C1.4.1,žáci v ročnících,v tom / z toho speciální třídy :: z toho v 10letém vzděl. prog.,105,https://statis.msmt.gov.cz/rocenka/rocenka.asp?kapit=C&tab=C1.4.1&rck=18,2026-05-19T12:23:11Z
2023/2024,2023,C1.4.1,žáci v ročnících,v tom / z toho speciální třídy :: 10. ročník,101,https://statis.msmt.gov.cz/rocenka/rocenka.asp?kapit=C&tab=C1.4.1&rck=18,2026-05-19T12:23:11Z
2024/2025,2024,C1.4.1,žáci v ročnících,(celkem) :: Žáci v ZŠ / celkem,121557,https://statis.msmt.gov.cz/rocenka/rocenka.asp?kapit=C&tab=C1.4.1&rck=19,2026-05-19T12:23:11Z
2024/2025,2024,C1.4.1,žáci v ročnících,(celkem) :: v tom / 1. stupeň,71254,https://statis.msmt.gov.cz/rocenka/rocenka.asp?kapit=C&tab=C1.4.1&rck=19,2026-05-19T12:23:11Z
2024/2025,2024,C1.4.1,žáci v ročnících,(celkem) :: 2. stupeň,50303,https://statis.msmt.gov.cz/rocenka/rocenka.asp?kapit=C&tab=C1.4.1&rck=19,2026-05-19T12:23:11Z
2024/2025,2024,C1.4.1,žáci v ročnících,(celkem) :: nově přijatí do 1. ročníku,14356,https://statis.msmt.gov.cz/rocenka/rocenka.asp?kapit=C&tab=C1.4.1&rck=19,2026-05-19T12:23:11Z
2024/2025,2024,C1.4.1,žáci v ročnících,(celkem) :: 1. ročník,14401,https://statis.msmt.gov.cz/rocenka/rocenka.asp?kapit=C&tab=C1.4.1&rck=19,2026-05-19T12:23:11Z
2024/2025,2024,C1.4.1,žáci v ročnících,(celkem) :: 2. ročník,14264,https://statis.msmt.gov.cz/rocenka/rocenka.asp?kapit=C&tab=C1.4.1&rck=19,2026-05-19T12:23:11Z
2024/2025,2024,C1.4.1,žáci v ročnících,(celkem) :: 3. ročník,14489,https://statis.msmt.gov.cz/rocenka/rocenka.asp?kapit=C&tab=C1.4.1&rck=19,2026-05-19T12:23:11Z
2024/2025,2024,C1.4.1,žáci v ročnících,(celkem) :: 4. ročník,13910,https://statis.msmt.gov.cz/rocenka/rocenka.asp?kapit=C&tab=C1.4.1&rck=19,2026-05-19T12:23:11Z
2024/2025,2024,C1.4.1,žáci v ročnících,(celkem) :: 5. ročník,14091,https://statis.msmt.gov.cz/rocenka/rocenka.asp?kapit=C&tab=C1.4.1&rck=19,2026-05-19T12:23:11Z
2024/2025,2024,C1.4.1,žáci v ročnících,(celkem) :: 6. ročník / celkem,12562,https://statis.msmt.gov.cz/rocenka/rocenka.asp?kapit=C&tab=C1.4.1&rck=19,2026-05-19T12:23:11Z
2024/2025,2024,C1.4.1,žáci v ročnících,(celkem) :: z toho v 10letém vzděl. prog.,99,https://statis.msmt.gov.cz/rocenka/rocenka.asp?kapit=C&tab=C1.4.1&rck=19,2026-05-19T12:23:11Z
2024/2025,2024,C1.4.1,žáci v ročnících,(celkem) :: 7. ročník,12977,https://statis.msmt.gov.cz/rocenka/rocenka.asp?kapit=C&tab=C1.4.1&rck=19,2026-05-19T12:23:11Z
2024/2025,2024,C1.4.1,žáci v ročnících,(celkem) :: 8. ročník,12330,https://statis.msmt.gov.cz/rocenka/rocenka.asp?kapit=C&tab=C1.4.1&rck=19,2026-05-19T12:23:11Z
2024/2025,2024,C1.4.1,žáci v ročnících,(celkem) :: 9. ročník / celkem,12435,https://statis.msmt.gov.cz/rocenka/rocenka.asp?kapit=C&tab=C1.4.1&rck=19,2026-05-19T12:23:11Z
2024/2025,2024,C1.4.1,žáci v ročnících,(celkem) :: z toho v 10letém vzděl. prog.,99,https://statis.msmt.gov.cz/rocenka/rocenka.asp?kapit=C&tab=C1.4.1&rck=19,2026-05-19T12:23:11Z
2024/2025,2024,C1.4.1,žáci v ročnících,(celkem) :: 10. ročník,98,https://statis.msmt.gov.cz/rocenka/rocenka.asp?kapit=C&tab=C1.4.1&rck=19,2026-05-19T12:23:11Z
2024/2025,2024,C1.4.1,žáci v ročnících,v tom / z toho speciální třídy :: Žáci v ZŠ / celkem,3547,https://statis.msmt.gov.cz/rocenka/rocenka.asp?kapit=C&tab=C1.4.1&rck=19,2026-05-19T12:23:11Z
2024/2025,2024,C1.4.1,žáci v ročnících,v tom / z toho speciální třídy :: v tom / 1. stupeň,1875,https://statis.msmt.gov.cz/rocenka/rocenka.asp?kapit=C&tab=C1.4.1&rck=19,2026-05-19T12:23:11Z
2024/2025,2024,C1.4.1,žáci v ročnících,v tom / z toho speciální třídy :: 2. stupeň,1672,https://statis.msmt.gov.cz/rocenka/rocenka.asp?kapit=C&tab=C1.4.1&rck=19,2026-05-19T12:23:11Z
2024/2025,2024,C1.4.1,žáci v ročnících,v tom / z toho speciální třídy :: nově přijatí do 1. ročníku,321,https://statis.msmt.gov.cz/rocenka/rocenka.asp?kapit=C&tab=C1.4.1&rck=19,2026-05-19T12:23:11Z
2024/2025,2024,C1.4.1,žáci v ročnících,v tom / z toho speciální třídy :: 1. ročník,325,https://statis.msmt.gov.cz/rocenka/rocenka.asp?kapit=C&tab=C1.4.1&rck=19,2026-05-19T12:23:11Z
2024/2025,2024,C1.4.1,žáci v ročnících,v tom / z toho speciální třídy :: 2. ročník,375,https://statis.msmt.gov.cz/rocenka/rocenka.asp?kapit=C&tab=C1.4.1&rck=19,2026-05-19T12:23:11Z
2024/2025,2024,C1.4.1,žáci v ročnících,v tom / z toho speciální třídy :: 3. ročník,350,https://statis.msmt.gov.cz/rocenka/rocenka.asp?kapit=C&tab=C1.4.1&rck=19,2026-05-19T12:23:11Z
2024/2025,2024,C1.4.1,žáci v ročnících,v tom / z toho speciální třídy :: 4. ročník,343,https://statis.msmt.gov.cz/rocenka/rocenka.asp?kapit=C&tab=C1.4.1&rck=19,2026-05-19T12:23:11Z
2024/2025,2024,C1.4.1,žáci v ročnících,v tom / z toho speciální třídy :: 5. ročník,383,https://statis.msmt.gov.cz/rocenka/rocenka.asp?kapit=C&tab=C1.4.1&rck=19,2026-05-19T12:23:11Z
2024/2025,2024,C1.4.1,žáci v ročnících,v tom / z toho speciální třídy :: 6. ročník / celkem,388,https://statis.msmt.gov.cz/rocenka/rocenka.asp?kapit=C&tab=C1.4.1&rck=19,2026-05-19T12:23:11Z
2024/2025,2024,C1.4.1,žáci v ročnících,v tom / z toho speciální třídy :: z toho v 10letém vzděl. prog.,99,https://statis.msmt.gov.cz/rocenka/rocenka.asp?kapit=C&tab=C1.4.1&rck=19,2026-05-19T12:23:11Z
2024/2025,2024,C1.4.1,žáci v ročnících,v tom / z toho speciální třídy :: 7. ročník,455,https://statis.msmt.gov.cz/rocenka/rocenka.asp?kapit=C&tab=C1.4.1&rck=19,2026-05-19T12:23:11Z
2024/2025,2024,C1.4.1,žáci v ročnících,v tom / z toho speciální třídy :: 8. ročník,411,https://statis.msmt.gov.cz/rocenka/rocenka.asp?kapit=C&tab=C1.4.1&rck=19,2026-05-19T12:23:11Z
2024/2025,2024,C1.4.1,žáci v ročnících,v tom / z toho speciální třídy :: 9. ročník / celkem,419,https://statis.msmt.gov.cz/rocenka/rocenka.asp?kapit=C&tab=C1.4.1&rck=19,2026-05-19T12:23:11Z
2024/2025,2024,C1.4.1,žáci v ročnících,v tom / z toho speciální třídy :: z toho v 10letém vzděl. prog.,99,https://statis.msmt.gov.cz/rocenka/rocenka.asp?kapit=C&tab=C1.4.1&rck=19,2026-05-19T12:23:11Z
2024/2025,2024,C1.4.1,žáci v ročnících,v tom / z toho speciální třídy :: 10. ročník,98,https://statis.msmt.gov.cz/rocenka/rocenka.asp?kapit=C&tab=C1.4.1&rck=19,2026-05-19T12:23:11Z
2025/2026,2025,C1.4.1,žáci v ročnících,(celkem) :: Žáci v ZŠ / celkem,121333,https://statis.msmt.gov.cz/rocenka/rocenka.asp?kapit=C&tab=C1.4.1&rck=20,2026-05-19T12:23:11Z
2025/2026,2025,C1.4.1,žáci v ročnících,(celkem) :: v tom / 1. stupeň,71352,https://statis.msmt.gov.cz/rocenka/rocenka.asp?kapit=C&tab=C1.4.1&rck=20,2026-05-19T12:23:11Z
2025/2026,2025,C1.4.1,žáci v ročnících,(celkem) :: 2. stupeň,49981,https://statis.msmt.gov.cz/rocenka/rocenka.asp?kapit=C&tab=C1.4.1&rck=20,2026-05-19T12:23:11Z
2025/2026,2025,C1.4.1,žáci v ročnících,(celkem) :: nově přijatí do 1. ročníku,13931,https://statis.msmt.gov.cz/rocenka/rocenka.asp?kapit=C&tab=C1.4.1&rck=20,2026-05-19T12:23:11Z
2025/2026,2025,C1.4.1,žáci v ročnících,(celkem) :: 1. ročník,13992,https://statis.msmt.gov.cz/rocenka/rocenka.asp?kapit=C&tab=C1.4.1&rck=20,2026-05-19T12:23:11Z
2025/2026,2025,C1.4.1,žáci v ročnících,(celkem) :: 2. ročník,14388,https://statis.msmt.gov.cz/rocenka/rocenka.asp?kapit=C&tab=C1.4.1&rck=20,2026-05-19T12:23:11Z
2025/2026,2025,C1.4.1,žáci v ročnících,(celkem) :: 3. ročník,14315,https://statis.msmt.gov.cz/rocenka/rocenka.asp?kapit=C&tab=C1.4.1&rck=20,2026-05-19T12:23:11Z
2025/2026,2025,C1.4.1,žáci v ročnících,(celkem) :: 4. ročník,14548,https://statis.msmt.gov.cz/rocenka/rocenka.asp?kapit=C&tab=C1.4.1&rck=20,2026-05-19T12:23:11Z
2025/2026,2025,C1.4.1,žáci v ročnících,(celkem) :: 5. ročník,13995,https://statis.msmt.gov.cz/rocenka/rocenka.asp?kapit=C&tab=C1.4.1&rck=20,2026-05-19T12:23:11Z
2025/2026,2025,C1.4.1,žáci v ročnících,(celkem) :: 6. ročník / celkem,12695,https://statis.msmt.gov.cz/rocenka/rocenka.asp?kapit=C&tab=C1.4.1&rck=20,2026-05-19T12:23:11Z
2025/2026,2025,C1.4.1,žáci v ročnících,(celkem) :: z toho v 10letém vzděl. prog.,114,https://statis.msmt.gov.cz/rocenka/rocenka.asp?kapit=C&tab=C1.4.1&rck=20,2026-05-19T12:23:11Z
2025/2026,2025,C1.4.1,žáci v ročnících,(celkem) :: 7. ročník,12618,https://statis.msmt.gov.cz/rocenka/rocenka.asp?kapit=C&tab=C1.4.1&rck=20,2026-05-19T12:23:11Z
2025/2026,2025,C1.4.1,žáci v ročnících,(celkem) :: 8. ročník,12451,https://statis.msmt.gov.cz/rocenka/rocenka.asp?kapit=C&tab=C1.4.1&rck=20,2026-05-19T12:23:11Z
2025/2026,2025,C1.4.1,žáci v ročnících,(celkem) :: 9. ročník / celkem,12230,https://statis.msmt.gov.cz/rocenka/rocenka.asp?kapit=C&tab=C1.4.1&rck=20,2026-05-19T12:23:11Z
2025/2026,2025,C1.4.1,žáci v ročnících,(celkem) :: z toho v 10letém vzděl. prog.,121,https://statis.msmt.gov.cz/rocenka/rocenka.asp?kapit=C&tab=C1.4.1&rck=20,2026-05-19T12:23:11Z
2025/2026,2025,C1.4.1,žáci v ročnících,(celkem) :: 10. ročník,101,https://statis.msmt.gov.cz/rocenka/rocenka.asp?kapit=C&tab=C1.4.1&rck=20,2026-05-19T12:23:11Z
2025/2026,2025,C1.4.1,žáci v ročnících,v tom / z toho speciální třídy :: Žáci v ZŠ / celkem,3540,https://statis.msmt.gov.cz/rocenka/rocenka.asp?kapit=C&tab=C1.4.1&rck=20,2026-05-19T12:23:11Z
2025/2026,2025,C1.4.1,žáci v ročnících,v tom / z toho speciální třídy :: v tom / 1. stupeň,1881,https://statis.msmt.gov.cz/rocenka/rocenka.asp?kapit=C&tab=C1.4.1&rck=20,2026-05-19T12:23:11Z
2025/2026,2025,C1.4.1,žáci v ročnících,v tom / z toho speciální třídy :: 2. stupeň,1659,https://statis.msmt.gov.cz/rocenka/rocenka.asp?kapit=C&tab=C1.4.1&rck=20,2026-05-19T12:23:11Z
2025/2026,2025,C1.4.1,žáci v ročnících,v tom / z toho speciální třídy :: nově přijatí do 1. ročníku,297,https://statis.msmt.gov.cz/rocenka/rocenka.asp?kapit=C&tab=C1.4.1&rck=20,2026-05-19T12:23:11Z
2025/2026,2025,C1.4.1,žáci v ročnících,v tom / z toho speciální třídy :: 1. ročník,311,https://statis.msmt.gov.cz/rocenka/rocenka.asp?kapit=C&tab=C1.4.1&rck=20,2026-05-19T12:23:11Z
2025/2026,2025,C1.4.1,žáci v ročnících,v tom / z toho speciální třídy :: 2. ročník,342,https://statis.msmt.gov.cz/rocenka/rocenka.asp?kapit=C&tab=C1.4.1&rck=20,2026-05-19T12:23:11Z
2025/2026,2025,C1.4.1,žáci v ročnících,v tom / z toho speciální třídy :: 3. ročník,403,https://statis.msmt.gov.cz/rocenka/rocenka.asp?kapit=C&tab=C1.4.1&rck=20,2026-05-19T12:23:11Z
2025/2026,2025,C1.4.1,žáci v ročnících,v tom / z toho speciální třídy :: 4. ročník,361,https://statis.msmt.gov.cz/rocenka/rocenka.asp?kapit=C&tab=C1.4.1&rck=20,2026-05-19T12:23:11Z
2025/2026,2025,C1.4.1,žáci v ročnících,v tom / z toho speciální třídy :: 5. ročník,350,https://statis.msmt.gov.cz/rocenka/rocenka.asp?kapit=C&tab=C1.4.1&rck=20,2026-05-19T12:23:11Z
2025/2026,2025,C1.4.1,žáci v ročnících,v tom / z toho speciální třídy :: 6. ročník / celkem,413,https://statis.msmt.gov.cz/rocenka/rocenka.asp?kapit=C&tab=C1.4.1&rck=20,2026-05-19T12:23:11Z
2025/2026,2025,C1.4.1,žáci v ročnících,v tom / z toho speciální třídy :: z toho v 10letém vzděl. prog.,114,https://statis.msmt.gov.cz/rocenka/rocenka.asp?kapit=C&tab=C1.4.1&rck=20,2026-05-19T12:23:11Z
2025/2026,2025,C1.4.1,žáci v ročnících,v tom / z toho speciální třídy :: 7. ročník,413,https://statis.msmt.gov.cz/rocenka/rocenka.asp?kapit=C&tab=C1.4.1&rck=20,2026-05-19T12:23:11Z
2025/2026,2025,C1.4.1,žáci v ročnících,v tom / z toho speciální třídy :: 8. ročník,439,https://statis.msmt.gov.cz/rocenka/rocenka.asp?kapit=C&tab=C1.4.1&rck=20,2026-05-19T12:23:11Z
2025/2026,2025,C1.4.1,žáci v ročnících,v tom / z toho speciální třídy :: 9. ročník / celkem,407,https://statis.msmt.gov.cz/rocenka/rocenka.asp?kapit=C&tab=C1.4.1&rck=20,2026-05-19T12:23:11Z
2025/2026,2025,C1.4.1,žáci v ročnících,v tom / z toho speciální třídy :: z toho v 10letém vzděl. prog.,121,https://statis.msmt.gov.cz/rocenka/rocenka.asp?kapit=C&tab=C1.4.1&rck=20,2026-05-19T12:23:11Z
2025/2026,2025,C1.4.1,žáci v ročnících,v tom / z toho speciální třídy :: 10. ročník,101,https://statis.msmt.gov.cz/rocenka/rocenka.asp?kapit=C&tab=C1.4.1&rck=20,2026-05-19T12:23:11Z
