mc,street,house_number_range,red_izo,zs_name,source_file,effective_date
Praha 10,Amurská,,600041158,"Základní škola Eden, Praha 10, Vladivostocká 1035/6, příspěvková organizace",vyhlaska-hmp-19-2025_via-P6.pdf,2026-01-01
Praha 10,Bohdalecká,,600041158,"Základní škola Eden, Praha 10, Vladivostocká 1035/6, příspěvková organizace",vyhlaska-hmp-19-2025_via-P6.pdf,2026-01-01
Praha 10,Brtnická,,600041158,"Základní škola Eden, Praha 10, Vladivostocká 1035/6, příspěvková organizace",vyhlaska-hmp-19-2025_via-P6.pdf,2026-01-01
Praha 10,Chodovská,,600041158,"Základní škola Eden, Praha 10, Vladivostocká 1035/6, příspěvková organizace",vyhlaska-hmp-19-2025_via-P6.pdf,2026-01-01
Praha 10,Elektrárenská,,600041158,"Základní škola Eden, Praha 10, Vladivostocká 1035/6, příspěvková organizace",vyhlaska-hmp-19-2025_via-P6.pdf,2026-01-01
Praha 10,Gruzínská,č. 1–8,600041158,"Základní škola Eden, Praha 10, Vladivostocká 1035/6, příspěvková organizace",vyhlaska-hmp-19-2025_via-P6.pdf,2026-01-01
Praha 10,Jerevanská,č. 1–10,600041158,"Základní škola Eden, Praha 10, Vladivostocká 1035/6, příspěvková organizace",vyhlaska-hmp-19-2025_via-P6.pdf,2026-01-01
Praha 10,K topírně,,600041158,"Základní škola Eden, Praha 10, Vladivostocká 1035/6, příspěvková organizace",vyhlaska-hmp-19-2025_via-P6.pdf,2026-01-01
Praha 10,Karpatská,č. 1–10,600041158,"Základní škola Eden, Praha 10, Vladivostocká 1035/6, příspěvková organizace",vyhlaska-hmp-19-2025_via-P6.pdf,2026-01-01
Praha 10,Kazašská,,600041158,"Základní škola Eden, Praha 10, Vladivostocká 1035/6, příspěvková organizace",vyhlaska-hmp-19-2025_via-P6.pdf,2026-01-01
Praha 10,Kišiněvská,č. 1-10,600041158,"Základní škola Eden, Praha 10, Vladivostocká 1035/6, příspěvková organizace",vyhlaska-hmp-19-2025_via-P6.pdf,2026-01-01
Praha 10,Krasnojarská,č. 1-9,600041158,"Základní škola Eden, Praha 10, Vladivostocká 1035/6, příspěvková organizace",vyhlaska-hmp-19-2025_via-P6.pdf,2026-01-01
Praha 10,Kubánské náměstí,č. 14-27,600041158,"Základní škola Eden, Praha 10, Vladivostocká 1035/6, příspěvková organizace",vyhlaska-hmp-19-2025_via-P6.pdf,2026-01-01
Praha 10,Lvovská,,600041158,"Základní škola Eden, Praha 10, Vladivostocká 1035/6, příspěvková organizace",vyhlaska-hmp-19-2025_via-P6.pdf,2026-01-01
Praha 10,Magnitogorská,,600041158,"Základní škola Eden, Praha 10, Vladivostocká 1035/6, příspěvková organizace",vyhlaska-hmp-19-2025_via-P6.pdf,2026-01-01
Praha 10,Modletínská,,600041158,"Základní škola Eden, Praha 10, Vladivostocká 1035/6, příspěvková organizace",vyhlaska-hmp-19-2025_via-P6.pdf,2026-01-01
Praha 10,Na Bohdalci,,600041158,"Základní škola Eden, Praha 10, Vladivostocká 1035/6, příspěvková organizace",vyhlaska-hmp-19-2025_via-P6.pdf,2026-01-01
Praha 10,Na Sychrově,,600041158,"Základní škola Eden, Praha 10, Vladivostocká 1035/6, příspěvková organizace",vyhlaska-hmp-19-2025_via-P6.pdf,2026-01-01
Praha 10,Na hroudě,č. 1–23 lichá,600041158,"Základní škola Eden, Praha 10, Vladivostocká 1035/6, příspěvková organizace",vyhlaska-hmp-19-2025_via-P6.pdf,2026-01-01
Praha 10,Na křivce,,600041158,"Základní škola Eden, Praha 10, Vladivostocká 1035/6, příspěvková organizace",vyhlaska-hmp-19-2025_via-P6.pdf,2026-01-01
Praha 10,Na pahorku,,600041158,"Základní škola Eden, Praha 10, Vladivostocká 1035/6, příspěvková organizace",vyhlaska-hmp-19-2025_via-P6.pdf,2026-01-01
Praha 10,Na slatinách,,600041158,"Základní škola Eden, Praha 10, Vladivostocká 1035/6, příspěvková organizace",vyhlaska-hmp-19-2025_via-P6.pdf,2026-01-01
Praha 10,Na stezce,,600041158,"Základní škola Eden, Praha 10, Vladivostocká 1035/6, příspěvková organizace",vyhlaska-hmp-19-2025_via-P6.pdf,2026-01-01
Praha 10,Na vrších,,600041158,"Základní škola Eden, Praha 10, Vladivostocká 1035/6, příspěvková organizace",vyhlaska-hmp-19-2025_via-P6.pdf,2026-01-01
Praha 10,Nad Slávií,,600041158,"Základní škola Eden, Praha 10, Vladivostocká 1035/6, příspěvková organizace",vyhlaska-hmp-19-2025_via-P6.pdf,2026-01-01
Praha 10,Nad Vinným potokem,,600041158,"Základní škola Eden, Praha 10, Vladivostocká 1035/6, příspěvková organizace",vyhlaska-hmp-19-2025_via-P6.pdf,2026-01-01
Praha 10,Nad Vršovskou horou,,600041158,"Základní škola Eden, Praha 10, Vladivostocká 1035/6, příspěvková organizace",vyhlaska-hmp-19-2025_via-P6.pdf,2026-01-01
Praha 10,Nad elektrárnou,,600041158,"Základní škola Eden, Praha 10, Vladivostocká 1035/6, příspěvková organizace",vyhlaska-hmp-19-2025_via-P6.pdf,2026-01-01
Praha 10,Novobohdalecká,,600041158,"Základní škola Eden, Praha 10, Vladivostocká 1035/6, příspěvková organizace",vyhlaska-hmp-19-2025_via-P6.pdf,2026-01-01
Praha 10,Osnická,,600041158,"Základní škola Eden, Praha 10, Vladivostocká 1035/6, příspěvková organizace",vyhlaska-hmp-19-2025_via-P6.pdf,2026-01-01
Praha 10,Pod Bohdalcem I,,600041158,"Základní škola Eden, Praha 10, Vladivostocká 1035/6, příspěvková organizace",vyhlaska-hmp-19-2025_via-P6.pdf,2026-01-01
Praha 10,Pod Bohdalcem II,,600041158,"Základní škola Eden, Praha 10, Vladivostocká 1035/6, příspěvková organizace",vyhlaska-hmp-19-2025_via-P6.pdf,2026-01-01
Praha 10,Pod Sychrovem I,,600041158,"Základní škola Eden, Praha 10, Vladivostocká 1035/6, příspěvková organizace",vyhlaska-hmp-19-2025_via-P6.pdf,2026-01-01
Praha 10,Pod Sychrovem II,,600041158,"Základní škola Eden, Praha 10, Vladivostocká 1035/6, příspěvková organizace",vyhlaska-hmp-19-2025_via-P6.pdf,2026-01-01
Praha 10,Popovická,,600041158,"Základní škola Eden, Praha 10, Vladivostocká 1035/6, příspěvková organizace",vyhlaska-hmp-19-2025_via-P6.pdf,2026-01-01
Praha 10,Sedmidomky,,600041158,"Základní škola Eden, Praha 10, Vladivostocká 1035/6, příspěvková organizace",vyhlaska-hmp-19-2025_via-P6.pdf,2026-01-01
Praha 10,Svahová,,600041158,"Základní škola Eden, Praha 10, Vladivostocká 1035/6, příspěvková organizace",vyhlaska-hmp-19-2025_via-P6.pdf,2026-01-01
Praha 10,Tachlovická,,600041158,"Základní škola Eden, Praha 10, Vladivostocká 1035/6, příspěvková organizace",vyhlaska-hmp-19-2025_via-P6.pdf,2026-01-01
Praha 10,Taškentská,,600041158,"Základní škola Eden, Praha 10, Vladivostocká 1035/6, příspěvková organizace",vyhlaska-hmp-19-2025_via-P6.pdf,2026-01-01
Praha 10,Turkmenská,,600041158,"Základní škola Eden, Praha 10, Vladivostocká 1035/6, příspěvková organizace",vyhlaska-hmp-19-2025_via-P6.pdf,2026-01-01
Praha 10,Tádžická,,600041158,"Základní škola Eden, Praha 10, Vladivostocká 1035/6, příspěvková organizace",vyhlaska-hmp-19-2025_via-P6.pdf,2026-01-01
Praha 10,U Slavie,,600041158,"Základní škola Eden, Praha 10, Vladivostocká 1035/6, příspěvková organizace",vyhlaska-hmp-19-2025_via-P6.pdf,2026-01-01
Praha 10,U plynárny,,600041158,"Základní škola Eden, Praha 10, Vladivostocká 1035/6, příspěvková organizace",vyhlaska-hmp-19-2025_via-P6.pdf,2026-01-01
Praha 10,U vršovického hřbitova,,600041158,"Základní škola Eden, Praha 10, Vladivostocká 1035/6, příspěvková organizace",vyhlaska-hmp-19-2025_via-P6.pdf,2026-01-01
Praha 10,Uljanovská,,600041158,"Základní škola Eden, Praha 10, Vladivostocká 1035/6, příspěvková organizace",vyhlaska-hmp-19-2025_via-P6.pdf,2026-01-01
Praha 10,Uzbecká,,600041158,"Základní škola Eden, Praha 10, Vladivostocká 1035/6, příspěvková organizace",vyhlaska-hmp-19-2025_via-P6.pdf,2026-01-01
Praha 10,V dolině,,600041158,"Základní škola Eden, Praha 10, Vladivostocká 1035/6, příspěvková organizace",vyhlaska-hmp-19-2025_via-P6.pdf,2026-01-01
Praha 10,V olšinách,č. 2–26 sudá,600041158,"Základní škola Eden, Praha 10, Vladivostocká 1035/6, příspěvková organizace",vyhlaska-hmp-19-2025_via-P6.pdf,2026-01-01
Praha 10,Vladivostocká,,600041158,"Základní škola Eden, Praha 10, Vladivostocká 1035/6, příspěvková organizace",vyhlaska-hmp-19-2025_via-P6.pdf,2026-01-01
Praha 10,Vršovická,č. 68-94 sudá,600041158,"Základní škola Eden, Praha 10, Vladivostocká 1035/6, příspěvková organizace",vyhlaska-hmp-19-2025_via-P6.pdf,2026-01-01
Praha 10,Výstupní,,600041158,"Základní škola Eden, Praha 10, Vladivostocká 1035/6, příspěvková organizace",vyhlaska-hmp-19-2025_via-P6.pdf,2026-01-01
Praha 10,Za Sedmidomky,,600041158,"Základní škola Eden, Praha 10, Vladivostocká 1035/6, příspěvková organizace",vyhlaska-hmp-19-2025_via-P6.pdf,2026-01-01
Praha 10,Štiřínská,,600041158,"Základní škola Eden, Praha 10, Vladivostocká 1035/6, příspěvková organizace",vyhlaska-hmp-19-2025_via-P6.pdf,2026-01-01
Praha 10,Bulharská,č. 1-24,600041093,"Základní škola Karla Čapka, Praha 10, Kodaňská 658/16, příspěvková organizace",vyhlaska-hmp-19-2025_via-P6.pdf,2026-01-01
Praha 10,Chorvatská,,600041093,"Základní škola Karla Čapka, Praha 10, Kodaňská 658/16, příspěvková organizace",vyhlaska-hmp-19-2025_via-P6.pdf,2026-01-01
Praha 10,Dykova,,600041093,"Základní škola Karla Čapka, Praha 10, Kodaňská 658/16, příspěvková organizace",vyhlaska-hmp-19-2025_via-P6.pdf,2026-01-01
Praha 10,Estonská,,600041093,"Základní škola Karla Čapka, Praha 10, Kodaňská 658/16, příspěvková organizace",vyhlaska-hmp-19-2025_via-P6.pdf,2026-01-01
Praha 10,Finská,,600041093,"Základní škola Karla Čapka, Praha 10, Kodaňská 658/16, příspěvková organizace",vyhlaska-hmp-19-2025_via-P6.pdf,2026-01-01
Praha 10,Heroldovy sady,,600041093,"Základní škola Karla Čapka, Praha 10, Kodaňská 658/16, příspěvková organizace",vyhlaska-hmp-19-2025_via-P6.pdf,2026-01-01
Praha 10,Holandská,,600041093,"Základní škola Karla Čapka, Praha 10, Kodaňská 658/16, příspěvková organizace",vyhlaska-hmp-19-2025_via-P6.pdf,2026-01-01
Praha 10,Hradešínská,č. 1-59,600041093,"Základní škola Karla Čapka, Praha 10, Kodaňská 658/16, příspěvková organizace",vyhlaska-hmp-19-2025_via-P6.pdf,2026-01-01
Praha 10,Kodaňská,"č. 11–63 lichá, č. 2–32 sudá",600041093,"Základní škola Karla Čapka, Praha 10, Kodaňská 658/16, příspěvková organizace",vyhlaska-hmp-19-2025_via-P6.pdf,2026-01-01
Praha 10,Korunní,č. 66-106,600041093,"Základní škola Karla Čapka, Praha 10, Kodaňská 658/16, příspěvková organizace",vyhlaska-hmp-19-2025_via-P6.pdf,2026-01-01
Praha 10,Madridská,,600041093,"Základní škola Karla Čapka, Praha 10, Kodaňská 658/16, příspěvková organizace",vyhlaska-hmp-19-2025_via-P6.pdf,2026-01-01
Praha 10,Mexická,,600041093,"Základní škola Karla Čapka, Praha 10, Kodaňská 658/16, příspěvková organizace",vyhlaska-hmp-19-2025_via-P6.pdf,2026-01-01
Praha 10,Moskevská,č. 1–57 lichá,600041093,"Základní škola Karla Čapka, Praha 10, Kodaňská 658/16, příspěvková organizace",vyhlaska-hmp-19-2025_via-P6.pdf,2026-01-01
Praha 10,Na Šafránce,,600041093,"Základní škola Karla Čapka, Praha 10, Kodaňská 658/16, příspěvková organizace",vyhlaska-hmp-19-2025_via-P6.pdf,2026-01-01
Praha 10,Nitranská,,600041093,"Základní škola Karla Čapka, Praha 10, Kodaňská 658/16, příspěvková organizace",vyhlaska-hmp-19-2025_via-P6.pdf,2026-01-01
Praha 10,Norská,,600041093,"Základní škola Karla Čapka, Praha 10, Kodaňská 658/16, příspěvková organizace",vyhlaska-hmp-19-2025_via-P6.pdf,2026-01-01
Praha 10,Ruská,"č. 2–58 sudá, č. 1–43 lichá",600041093,"Základní škola Karla Čapka, Praha 10, Kodaňská 658/16, příspěvková organizace",vyhlaska-hmp-19-2025_via-P6.pdf,2026-01-01
Praha 10,Slovenská,,600041093,"Základní škola Karla Čapka, Praha 10, Kodaňská 658/16, příspěvková organizace",vyhlaska-hmp-19-2025_via-P6.pdf,2026-01-01
Praha 10,Slovinská,,600041093,"Základní škola Karla Čapka, Praha 10, Kodaňská 658/16, příspěvková organizace",vyhlaska-hmp-19-2025_via-P6.pdf,2026-01-01
Praha 10,Sobotecká,,600041093,"Základní škola Karla Čapka, Praha 10, Kodaňská 658/16, příspěvková organizace",vyhlaska-hmp-19-2025_via-P6.pdf,2026-01-01
Praha 10,náměstí Svatopluka Čecha,č. 1–6,600041093,"Základní škola Karla Čapka, Praha 10, Kodaňská 658/16, příspěvková organizace",vyhlaska-hmp-19-2025_via-P6.pdf,2026-01-01
Praha 10,Řipská,,600041093,"Základní škola Karla Čapka, Praha 10, Kodaňská 658/16, příspěvková organizace",vyhlaska-hmp-19-2025_via-P6.pdf,2026-01-01
Praha 10,Žitomírská,č. 15-48,600041093,"Základní škola Karla Čapka, Praha 10, Kodaňská 658/16, příspěvková organizace",vyhlaska-hmp-19-2025_via-P6.pdf,2026-01-01
Praha 10,Bečvářova,,600041077,"Základní škola Solidarita, Praha 10, Brigádníků 510/14, příspěvková organizace",vyhlaska-hmp-19-2025_via-P6.pdf,2026-01-01
Praha 10,Brigádníků,,600041077,"Základní škola Solidarita, Praha 10, Brigádníků 510/14, příspěvková organizace",vyhlaska-hmp-19-2025_via-P6.pdf,2026-01-01
Praha 10,Dvouletky,,600041077,"Základní škola Solidarita, Praha 10, Brigádníků 510/14, příspěvková organizace",vyhlaska-hmp-19-2025_via-P6.pdf,2026-01-01
Praha 10,Dětská,,600041077,"Základní škola Solidarita, Praha 10, Brigádníků 510/14, příspěvková organizace",vyhlaska-hmp-19-2025_via-P6.pdf,2026-01-01
Praha 10,Jirenská,,600041077,"Základní škola Solidarita, Praha 10, Brigádníků 510/14, příspěvková organizace",vyhlaska-hmp-19-2025_via-P6.pdf,2026-01-01
Praha 10,Limuzská,,600041077,"Základní škola Solidarita, Praha 10, Brigádníků 510/14, příspěvková organizace",vyhlaska-hmp-19-2025_via-P6.pdf,2026-01-01
Praha 10,Malínská,,600041077,"Základní škola Solidarita, Praha 10, Brigádníků 510/14, příspěvková organizace",vyhlaska-hmp-19-2025_via-P6.pdf,2026-01-01
Praha 10,Novostrašnická,,600041077,"Základní škola Solidarita, Praha 10, Brigádníků 510/14, příspěvková organizace",vyhlaska-hmp-19-2025_via-P6.pdf,2026-01-01
Praha 10,Pod hotelem,,600041077,"Základní škola Solidarita, Praha 10, Brigádníků 510/14, příspěvková organizace",vyhlaska-hmp-19-2025_via-P6.pdf,2026-01-01
Praha 10,Podle trati,,600041077,"Základní škola Solidarita, Praha 10, Brigádníků 510/14, příspěvková organizace",vyhlaska-hmp-19-2025_via-P6.pdf,2026-01-01
Praha 10,Průmyslová,,600041077,"Základní škola Solidarita, Praha 10, Brigádníků 510/14, příspěvková organizace",vyhlaska-hmp-19-2025_via-P6.pdf,2026-01-01
Praha 10,Saratovská,č. 23-39,600041077,"Základní škola Solidarita, Praha 10, Brigádníků 510/14, příspěvková organizace",vyhlaska-hmp-19-2025_via-P6.pdf,2026-01-01
Praha 10,Sazečská,,600041077,"Základní škola Solidarita, Praha 10, Brigádníků 510/14, příspěvková organizace",vyhlaska-hmp-19-2025_via-P6.pdf,2026-01-01
Praha 10,Služeb,,600041077,"Základní škola Solidarita, Praha 10, Brigádníků 510/14, příspěvková organizace",vyhlaska-hmp-19-2025_via-P6.pdf,2026-01-01
Praha 10,Solidarity,,600041077,"Základní škola Solidarita, Praha 10, Brigádníků 510/14, příspěvková organizace",vyhlaska-hmp-19-2025_via-P6.pdf,2026-01-01
Praha 10,Teplárenská,,600041077,"Základní škola Solidarita, Praha 10, Brigádníků 510/14, příspěvková organizace",vyhlaska-hmp-19-2025_via-P6.pdf,2026-01-01
Praha 10,Tiskařská,,600041077,"Základní škola Solidarita, Praha 10, Brigádníků 510/14, příspěvková organizace",vyhlaska-hmp-19-2025_via-P6.pdf,2026-01-01
Praha 10,Turnovského,,600041077,"Základní škola Solidarita, Praha 10, Brigádníků 510/14, příspěvková organizace",vyhlaska-hmp-19-2025_via-P6.pdf,2026-01-01
Praha 10,Třebohostická,,600041077,"Základní škola Solidarita, Praha 10, Brigádníků 510/14, příspěvková organizace",vyhlaska-hmp-19-2025_via-P6.pdf,2026-01-01
Praha 10,U Stavoservisu,,600041077,"Základní škola Solidarita, Praha 10, Brigádníků 510/14, příspěvková organizace",vyhlaska-hmp-19-2025_via-P6.pdf,2026-01-01
Praha 10,U kombinátu,,600041077,"Základní škola Solidarita, Praha 10, Brigádníků 510/14, příspěvková organizace",vyhlaska-hmp-19-2025_via-P6.pdf,2026-01-01
Praha 10,V olšinách,č. 75-83 lichá,600041077,"Základní škola Solidarita, Praha 10, Brigádníků 510/14, příspěvková organizace",vyhlaska-hmp-19-2025_via-P6.pdf,2026-01-01
Praha 10,Černická,,600041077,"Základní škola Solidarita, Praha 10, Brigádníků 510/14, příspěvková organizace",vyhlaska-hmp-19-2025_via-P6.pdf,2026-01-01
Praha 10,Černokostelecká,,600041077,"Základní škola Solidarita, Praha 10, Brigádníků 510/14, příspěvková organizace",vyhlaska-hmp-19-2025_via-P6.pdf,2026-01-01
Praha 10,Škvorecká,,600041077,"Základní škola Solidarita, Praha 10, Brigádníků 510/14, příspěvková organizace",vyhlaska-hmp-19-2025_via-P6.pdf,2026-01-01
Praha 10,Aubrechtové,,600041204,"Základní škola, Praha 10, Břečťanová 2919/6, příspěvková organizace",vyhlaska-hmp-19-2025_via-P6.pdf,2026-01-01
Praha 10,Bramboříková,,600041204,"Základní škola, Praha 10, Břečťanová 2919/6, příspěvková organizace",vyhlaska-hmp-19-2025_via-P6.pdf,2026-01-01
Praha 10,Broskvoňová,,600041204,"Základní škola, Praha 10, Břečťanová 2919/6, příspěvková organizace",vyhlaska-hmp-19-2025_via-P6.pdf,2026-01-01
Praha 10,Břečťanová,,600041204,"Základní škola, Praha 10, Břečťanová 2919/6, příspěvková organizace",vyhlaska-hmp-19-2025_via-P6.pdf,2026-01-01
Praha 10,Chmelová,,600041204,"Základní škola, Praha 10, Břečťanová 2919/6, příspěvková organizace",vyhlaska-hmp-19-2025_via-P6.pdf,2026-01-01
Praha 10,Dolní Chaloupky,,600041204,"Základní škola, Praha 10, Břečťanová 2919/6, příspěvková organizace",vyhlaska-hmp-19-2025_via-P6.pdf,2026-01-01
Praha 10,Ellnerové,,600041204,"Základní škola, Praha 10, Břečťanová 2919/6, příspěvková organizace",vyhlaska-hmp-19-2025_via-P6.pdf,2026-01-01
Praha 10,Ginzova,,600041204,"Základní škola, Praha 10, Břečťanová 2919/6, příspěvková organizace",vyhlaska-hmp-19-2025_via-P6.pdf,2026-01-01
Praha 10,Hlohová,,600041204,"Základní škola, Praha 10, Břečťanová 2919/6, příspěvková organizace",vyhlaska-hmp-19-2025_via-P6.pdf,2026-01-01
Praha 10,Holubkova,,600041204,"Základní škola, Praha 10, Břečťanová 2919/6, příspěvková organizace",vyhlaska-hmp-19-2025_via-P6.pdf,2026-01-01
Praha 10,Horní Chaloupky,,600041204,"Základní škola, Praha 10, Břečťanová 2919/6, příspěvková organizace",vyhlaska-hmp-19-2025_via-P6.pdf,2026-01-01
Praha 10,Hrušňová,,600041204,"Základní škola, Praha 10, Břečťanová 2919/6, příspěvková organizace",vyhlaska-hmp-19-2025_via-P6.pdf,2026-01-01
Praha 10,Hyacintová,,600041204,"Základní škola, Praha 10, Břečťanová 2919/6, příspěvková organizace",vyhlaska-hmp-19-2025_via-P6.pdf,2026-01-01
Praha 10,Jabloňová,"č. 1–53 lichá, č. 2–82 sudá",600041204,"Základní škola, Praha 10, Břečťanová 2919/6, příspěvková organizace",vyhlaska-hmp-19-2025_via-P6.pdf,2026-01-01
Praha 10,Jesenická,,600041204,"Základní škola, Praha 10, Břečťanová 2919/6, příspěvková organizace",vyhlaska-hmp-19-2025_via-P6.pdf,2026-01-01
Praha 10,Jetelová,,600041204,"Základní škola, Praha 10, Břečťanová 2919/6, příspěvková organizace",vyhlaska-hmp-19-2025_via-P6.pdf,2026-01-01
Praha 10,Jižní spojka,,600041204,"Základní škola, Praha 10, Břečťanová 2919/6, příspěvková organizace",vyhlaska-hmp-19-2025_via-P6.pdf,2026-01-01
Praha 10,K Chaloupkám,,600041204,"Základní škola, Praha 10, Břečťanová 2919/6, příspěvková organizace",vyhlaska-hmp-19-2025_via-P6.pdf,2026-01-01
Praha 10,K prádelně,,600041204,"Základní škola, Praha 10, Břečťanová 2919/6, příspěvková organizace",vyhlaska-hmp-19-2025_via-P6.pdf,2026-01-01
Praha 10,K vodě,,600041204,"Základní škola, Praha 10, Břečťanová 2919/6, příspěvková organizace",vyhlaska-hmp-19-2025_via-P6.pdf,2026-01-01
Praha 10,Ke Spořilovu,,600041204,"Základní škola, Praha 10, Břečťanová 2919/6, příspěvková organizace",vyhlaska-hmp-19-2025_via-P6.pdf,2026-01-01
Praha 10,Ke skalkám,,600041204,"Základní škola, Praha 10, Břečťanová 2919/6, příspěvková organizace",vyhlaska-hmp-19-2025_via-P6.pdf,2026-01-01
Praha 10,Klapálkova,č. 26–30,600041204,"Základní škola, Praha 10, Břečťanová 2919/6, příspěvková organizace",vyhlaska-hmp-19-2025_via-P6.pdf,2026-01-01
Praha 10,Meruňková,,600041204,"Základní škola, Praha 10, Břečťanová 2919/6, příspěvková organizace",vyhlaska-hmp-19-2025_via-P6.pdf,2026-01-01
Praha 10,Mečíková,,600041204,"Základní škola, Praha 10, Břečťanová 2919/6, příspěvková organizace",vyhlaska-hmp-19-2025_via-P6.pdf,2026-01-01
Praha 10,Milínská,,600041204,"Základní škola, Praha 10, Břečťanová 2919/6, příspěvková organizace",vyhlaska-hmp-19-2025_via-P6.pdf,2026-01-01
Praha 10,Na Botiči,,600041204,"Základní škola, Praha 10, Břečťanová 2919/6, příspěvková organizace",vyhlaska-hmp-19-2025_via-P6.pdf,2026-01-01
Praha 10,Na Slatince,,600041204,"Základní škola, Praha 10, Břečťanová 2919/6, příspěvková organizace",vyhlaska-hmp-19-2025_via-P6.pdf,2026-01-01
Praha 10,Na lávce,,600041204,"Základní škola, Praha 10, Břečťanová 2919/6, příspěvková organizace",vyhlaska-hmp-19-2025_via-P6.pdf,2026-01-01
Praha 10,Na vinobraní,,600041204,"Základní škola, Praha 10, Břečťanová 2919/6, příspěvková organizace",vyhlaska-hmp-19-2025_via-P6.pdf,2026-01-01
Praha 10,Nad Chaloupkami,,600041204,"Základní škola, Praha 10, Břečťanová 2919/6, příspěvková organizace",vyhlaska-hmp-19-2025_via-P6.pdf,2026-01-01
Praha 10,Nad Trnkovem,,600041204,"Základní škola, Praha 10, Břečťanová 2919/6, příspěvková organizace",vyhlaska-hmp-19-2025_via-P6.pdf,2026-01-01
Praha 10,Ostružinová,lichá,600041204,"Základní škola, Praha 10, Břečťanová 2919/6, příspěvková organizace",vyhlaska-hmp-19-2025_via-P6.pdf,2026-01-01
Praha 10,Oty Pavla,,600041204,"Základní škola, Praha 10, Břečťanová 2919/6, příspěvková organizace",vyhlaska-hmp-19-2025_via-P6.pdf,2026-01-01
Praha 10,Podle náhonu,,600041204,"Základní škola, Praha 10, Břečťanová 2919/6, příspěvková organizace",vyhlaska-hmp-19-2025_via-P6.pdf,2026-01-01
Praha 10,Pöslova,,600041204,"Základní škola, Praha 10, Břečťanová 2919/6, příspěvková organizace",vyhlaska-hmp-19-2025_via-P6.pdf,2026-01-01
Praha 10,Před Skalkami I,,600041204,"Základní škola, Praha 10, Břečťanová 2919/6, příspěvková organizace",vyhlaska-hmp-19-2025_via-P6.pdf,2026-01-01
Praha 10,Před Skalkami II,,600041204,"Základní škola, Praha 10, Břečťanová 2919/6, příspěvková organizace",vyhlaska-hmp-19-2025_via-P6.pdf,2026-01-01
Praha 10,Přespolní,,600041204,"Základní škola, Praha 10, Břečťanová 2919/6, příspěvková organizace",vyhlaska-hmp-19-2025_via-P6.pdf,2026-01-01
Praha 10,Ryšánkova,,600041204,"Základní škola, Praha 10, Břečťanová 2919/6, příspěvková organizace",vyhlaska-hmp-19-2025_via-P6.pdf,2026-01-01
Praha 10,Slívová,,600041204,"Základní škola, Praha 10, Břečťanová 2919/6, příspěvková organizace",vyhlaska-hmp-19-2025_via-P6.pdf,2026-01-01
Praha 10,Střemchová,,600041204,"Základní škola, Praha 10, Břečťanová 2919/6, příspěvková organizace",vyhlaska-hmp-19-2025_via-P6.pdf,2026-01-01
Praha 10,U Zahradního města,,600041204,"Základní škola, Praha 10, Břečťanová 2919/6, příspěvková organizace",vyhlaska-hmp-19-2025_via-P6.pdf,2026-01-01
Praha 10,U splavu,,600041204,"Základní škola, Praha 10, Břečťanová 2919/6, příspěvková organizace",vyhlaska-hmp-19-2025_via-P6.pdf,2026-01-01
Praha 10,U vinné révy,,600041204,"Základní škola, Praha 10, Břečťanová 2919/6, příspěvková organizace",vyhlaska-hmp-19-2025_via-P6.pdf,2026-01-01
Praha 10,U záběhlického zámku,,600041204,"Základní škola, Praha 10, Břečťanová 2919/6, příspěvková organizace",vyhlaska-hmp-19-2025_via-P6.pdf,2026-01-01
Praha 10,U zákrutu,,600041204,"Základní škola, Praha 10, Břečťanová 2919/6, příspěvková organizace",vyhlaska-hmp-19-2025_via-P6.pdf,2026-01-01
Praha 10,V Korytech,,600041204,"Základní škola, Praha 10, Břečťanová 2919/6, příspěvková organizace",vyhlaska-hmp-19-2025_via-P6.pdf,2026-01-01
Praha 10,V ochozu,,600041204,"Základní škola, Praha 10, Břečťanová 2919/6, příspěvková organizace",vyhlaska-hmp-19-2025_via-P6.pdf,2026-01-01
Praha 10,Ve slatinách,,600041204,"Základní škola, Praha 10, Břečťanová 2919/6, příspěvková organizace",vyhlaska-hmp-19-2025_via-P6.pdf,2026-01-01
Praha 10,Vinšova,,600041204,"Základní škola, Praha 10, Břečťanová 2919/6, příspěvková organizace",vyhlaska-hmp-19-2025_via-P6.pdf,2026-01-01
Praha 10,Za návsí,,600041204,"Základní škola, Praha 10, Břečťanová 2919/6, příspěvková organizace",vyhlaska-hmp-19-2025_via-P6.pdf,2026-01-01
Praha 10,Za potokem,,600041204,"Základní škola, Praha 10, Břečťanová 2919/6, příspěvková organizace",vyhlaska-hmp-19-2025_via-P6.pdf,2026-01-01
Praha 10,Za slatinami,,600041204,"Základní škola, Praha 10, Břečťanová 2919/6, příspěvková organizace",vyhlaska-hmp-19-2025_via-P6.pdf,2026-01-01
Praha 10,Záběhlická,,600041204,"Základní škola, Praha 10, Břečťanová 2919/6, příspěvková organizace",vyhlaska-hmp-19-2025_via-P6.pdf,2026-01-01
Praha 10,Žirovnická,,600041204,"Základní škola, Praha 10, Břečťanová 2919/6, příspěvková organizace",vyhlaska-hmp-19-2025_via-P6.pdf,2026-01-01
Praha 10,Benická,,600041212,"Základní škola, Praha 10, Gutova 1987/39, příspěvková organizace",vyhlaska-hmp-19-2025_via-P6.pdf,2026-01-01
Praha 10,Bylanská,,600041212,"Základní škola, Praha 10, Gutova 1987/39, příspěvková organizace",vyhlaska-hmp-19-2025_via-P6.pdf,2026-01-01
Praha 10,Gutova,,600041212,"Základní škola, Praha 10, Gutova 1987/39, příspěvková organizace",vyhlaska-hmp-19-2025_via-P6.pdf,2026-01-01
Praha 10,Hvozdnická,,600041212,"Základní škola, Praha 10, Gutova 1987/39, příspěvková organizace",vyhlaska-hmp-19-2025_via-P6.pdf,2026-01-01
Praha 10,Irkutská,,600041212,"Základní škola, Praha 10, Gutova 1987/39, příspěvková organizace",vyhlaska-hmp-19-2025_via-P6.pdf,2026-01-01
Praha 10,Ke Strašnické,,600041212,"Základní škola, Praha 10, Gutova 1987/39, příspěvková organizace",vyhlaska-hmp-19-2025_via-P6.pdf,2026-01-01
Praha 10,Kolovratská,,600041212,"Základní škola, Praha 10, Gutova 1987/39, příspěvková organizace",vyhlaska-hmp-19-2025_via-P6.pdf,2026-01-01
Praha 10,Korytná,,600041212,"Základní škola, Praha 10, Gutova 1987/39, příspěvková organizace",vyhlaska-hmp-19-2025_via-P6.pdf,2026-01-01
Praha 10,Krabošická,,600041212,"Základní škola, Praha 10, Gutova 1987/39, příspěvková organizace",vyhlaska-hmp-19-2025_via-P6.pdf,2026-01-01
Praha 10,Kruhová,,600041212,"Základní škola, Praha 10, Gutova 1987/39, příspěvková organizace",vyhlaska-hmp-19-2025_via-P6.pdf,2026-01-01
Praha 10,Krupská,,600041212,"Základní škola, Praha 10, Gutova 1987/39, příspěvková organizace",vyhlaska-hmp-19-2025_via-P6.pdf,2026-01-01
Praha 10,Litochlebská,,600041212,"Základní škola, Praha 10, Gutova 1987/39, příspěvková organizace",vyhlaska-hmp-19-2025_via-P6.pdf,2026-01-01
Praha 10,Malá Bylanská,,600041212,"Základní škola, Praha 10, Gutova 1987/39, příspěvková organizace",vyhlaska-hmp-19-2025_via-P6.pdf,2026-01-01
Praha 10,Molitorovská,,600041212,"Základní škola, Praha 10, Gutova 1987/39, příspěvková organizace",vyhlaska-hmp-19-2025_via-P6.pdf,2026-01-01
Praha 10,Na hroudě,vyjma č. 1–23 lichá,600041212,"Základní škola, Praha 10, Gutova 1987/39, příspěvková organizace",vyhlaska-hmp-19-2025_via-P6.pdf,2026-01-01
Praha 10,Na spádu,,600041212,"Základní škola, Praha 10, Gutova 1987/39, příspěvková organizace",vyhlaska-hmp-19-2025_via-P6.pdf,2026-01-01
Praha 10,Nad Olšinami,,600041212,"Základní škola, Praha 10, Gutova 1987/39, příspěvková organizace",vyhlaska-hmp-19-2025_via-P6.pdf,2026-01-01
Praha 10,Nupacká,,600041212,"Základní škola, Praha 10, Gutova 1987/39, příspěvková organizace",vyhlaska-hmp-19-2025_via-P6.pdf,2026-01-01
Praha 10,Nučická,,600041212,"Základní škola, Praha 10, Gutova 1987/39, příspěvková organizace",vyhlaska-hmp-19-2025_via-P6.pdf,2026-01-01
Praha 10,Petrovická,,600041212,"Základní škola, Praha 10, Gutova 1987/39, příspěvková organizace",vyhlaska-hmp-19-2025_via-P6.pdf,2026-01-01
Praha 10,Pitkovická,,600041212,"Základní škola, Praha 10, Gutova 1987/39, příspěvková organizace",vyhlaska-hmp-19-2025_via-P6.pdf,2026-01-01
Praha 10,Pod Rapidem,,600041212,"Základní škola, Praha 10, Gutova 1987/39, příspěvková organizace",vyhlaska-hmp-19-2025_via-P6.pdf,2026-01-01
Praha 10,Pod altánem,,600041212,"Základní škola, Praha 10, Gutova 1987/39, příspěvková organizace",vyhlaska-hmp-19-2025_via-P6.pdf,2026-01-01
Praha 10,Průběžná,,600041212,"Základní škola, Praha 10, Gutova 1987/39, příspěvková organizace",vyhlaska-hmp-19-2025_via-P6.pdf,2026-01-01
Praha 10,Průhonická,,600041212,"Základní škola, Praha 10, Gutova 1987/39, příspěvková organizace",vyhlaska-hmp-19-2025_via-P6.pdf,2026-01-01
Praha 10,Radošovická,,600041212,"Základní škola, Praha 10, Gutova 1987/39, příspěvková organizace",vyhlaska-hmp-19-2025_via-P6.pdf,2026-01-01
Praha 10,Srbínská,,600041212,"Základní škola, Praha 10, Gutova 1987/39, příspěvková organizace",vyhlaska-hmp-19-2025_via-P6.pdf,2026-01-01
Praha 10,Strančická,,600041212,"Základní škola, Praha 10, Gutova 1987/39, příspěvková organizace",vyhlaska-hmp-19-2025_via-P6.pdf,2026-01-01
Praha 10,Svojetická,,600041212,"Základní škola, Praha 10, Gutova 1987/39, příspěvková organizace",vyhlaska-hmp-19-2025_via-P6.pdf,2026-01-01
Praha 10,U Trati,,600041212,"Základní škola, Praha 10, Gutova 1987/39, příspěvková organizace",vyhlaska-hmp-19-2025_via-P6.pdf,2026-01-01
Praha 10,U Vesny,,600041212,"Základní škola, Praha 10, Gutova 1987/39, příspěvková organizace",vyhlaska-hmp-19-2025_via-P6.pdf,2026-01-01
Praha 10,U Vyhlídky,,600041212,"Základní škola, Praha 10, Gutova 1987/39, příspěvková organizace",vyhlaska-hmp-19-2025_via-P6.pdf,2026-01-01
Praha 10,U hranic,,600041212,"Základní škola, Praha 10, Gutova 1987/39, příspěvková organizace",vyhlaska-hmp-19-2025_via-P6.pdf,2026-01-01
Praha 10,U hráze,,600041212,"Základní škola, Praha 10, Gutova 1987/39, příspěvková organizace",vyhlaska-hmp-19-2025_via-P6.pdf,2026-01-01
Praha 10,V Olšinách,"č. 28-96 sudá, č. 35 a 37",600041212,"Základní škola, Praha 10, Gutova 1987/39, příspěvková organizace",vyhlaska-hmp-19-2025_via-P6.pdf,2026-01-01
Praha 10,V Předpolí,č. 1–20,600041212,"Základní škola, Praha 10, Gutova 1987/39, příspěvková organizace",vyhlaska-hmp-19-2025_via-P6.pdf,2026-01-01
Praha 10,V zátočce,,600041212,"Základní škola, Praha 10, Gutova 1987/39, příspěvková organizace",vyhlaska-hmp-19-2025_via-P6.pdf,2026-01-01
Praha 10,Vestecká,,600041212,"Základní škola, Praha 10, Gutova 1987/39, příspěvková organizace",vyhlaska-hmp-19-2025_via-P6.pdf,2026-01-01
Praha 10,Voděradská,,600041212,"Základní škola, Praha 10, Gutova 1987/39, příspěvková organizace",vyhlaska-hmp-19-2025_via-P6.pdf,2026-01-01
Praha 10,Za strašnickou vozovnou,,600041212,"Základní škola, Praha 10, Gutova 1987/39, příspěvková organizace",vyhlaska-hmp-19-2025_via-P6.pdf,2026-01-01
Praha 10,Újezdská,,600041212,"Základní škola, Praha 10, Gutova 1987/39, příspěvková organizace",vyhlaska-hmp-19-2025_via-P6.pdf,2026-01-01
Praha 10,Čestlická,,600041212,"Základní škola, Praha 10, Gutova 1987/39, příspěvková organizace",vyhlaska-hmp-19-2025_via-P6.pdf,2026-01-01
Praha 10,Šeberovská,,600041212,"Základní škola, Praha 10, Gutova 1987/39, příspěvková organizace",vyhlaska-hmp-19-2025_via-P6.pdf,2026-01-01
Praha 10,Železniční,,600041212,"Základní škola, Praha 10, Gutova 1987/39, příspěvková organizace",vyhlaska-hmp-19-2025_via-P6.pdf,2026-01-01
Praha 10,Blatovská,,600041107,"Základní škola, Praha 10, Hostýnská 2100/2, příspěvková organizace",vyhlaska-hmp-19-2025_via-P6.pdf,2026-01-01
Praha 10,Běchovická,,600041107,"Základní škola, Praha 10, Hostýnská 2100/2, příspěvková organizace",vyhlaska-hmp-19-2025_via-P6.pdf,2026-01-01
Praha 10,Břežanská,,600041107,"Základní škola, Praha 10, Hostýnská 2100/2, příspěvková organizace",vyhlaska-hmp-19-2025_via-P6.pdf,2026-01-01
Praha 10,Hostýnská,,600041107,"Základní škola, Praha 10, Hostýnská 2100/2, příspěvková organizace",vyhlaska-hmp-19-2025_via-P6.pdf,2026-01-01
Praha 10,Hřibská,,600041107,"Základní škola, Praha 10, Hostýnská 2100/2, příspěvková organizace",vyhlaska-hmp-19-2025_via-P6.pdf,2026-01-01
Praha 10,Izraelská,,600041107,"Základní škola, Praha 10, Hostýnská 2100/2, příspěvková organizace",vyhlaska-hmp-19-2025_via-P6.pdf,2026-01-01
Praha 10,Janýrova,,600041107,"Základní škola, Praha 10, Hostýnská 2100/2, příspěvková organizace",vyhlaska-hmp-19-2025_via-P6.pdf,2026-01-01
Praha 10,K Červenému dvoru,,600041107,"Základní škola, Praha 10, Hostýnská 2100/2, příspěvková organizace",vyhlaska-hmp-19-2025_via-P6.pdf,2026-01-01
Praha 10,Kounická,,600041107,"Základní škola, Praha 10, Hostýnská 2100/2, příspěvková organizace",vyhlaska-hmp-19-2025_via-P6.pdf,2026-01-01
Praha 10,Na palouku,,600041107,"Základní škola, Praha 10, Hostýnská 2100/2, příspěvková organizace",vyhlaska-hmp-19-2025_via-P6.pdf,2026-01-01
Praha 10,Na vinici,,600041107,"Základní škola, Praha 10, Hostýnská 2100/2, příspěvková organizace",vyhlaska-hmp-19-2025_via-P6.pdf,2026-01-01
Praha 10,Na výsluní,,600041107,"Základní škola, Praha 10, Hostýnská 2100/2, příspěvková organizace",vyhlaska-hmp-19-2025_via-P6.pdf,2026-01-01
Praha 10,Na úseku,,600041107,"Základní škola, Praha 10, Hostýnská 2100/2, příspěvková organizace",vyhlaska-hmp-19-2025_via-P6.pdf,2026-01-01
Praha 10,Nad Vodovodem,"sudá č. 2-44, lichá č. 11-63 lichá",600041107,"Základní škola, Praha 10, Hostýnská 2100/2, příspěvková organizace",vyhlaska-hmp-19-2025_via-P6.pdf,2026-01-01
Praha 10,Nad úžlabinou,,600041107,"Základní škola, Praha 10, Hostýnská 2100/2, příspěvková organizace",vyhlaska-hmp-19-2025_via-P6.pdf,2026-01-01
Praha 10,Názovská,,600041107,"Základní škola, Praha 10, Hostýnská 2100/2, příspěvková organizace",vyhlaska-hmp-19-2025_via-P6.pdf,2026-01-01
Praha 10,Okrajní,,600041107,"Základní škola, Praha 10, Hostýnská 2100/2, příspěvková organizace",vyhlaska-hmp-19-2025_via-P6.pdf,2026-01-01
Praha 10,Ovčárská,,600041107,"Základní škola, Praha 10, Hostýnská 2100/2, příspěvková organizace",vyhlaska-hmp-19-2025_via-P6.pdf,2026-01-01
Praha 10,Plaňanská,,600041107,"Základní škola, Praha 10, Hostýnská 2100/2, příspěvková organizace",vyhlaska-hmp-19-2025_via-P6.pdf,2026-01-01
Praha 10,Pod Třebešínem,,600041107,"Základní škola, Praha 10, Hostýnská 2100/2, příspěvková organizace",vyhlaska-hmp-19-2025_via-P6.pdf,2026-01-01
Praha 10,Pod Viktorkou,,600041107,"Základní škola, Praha 10, Hostýnská 2100/2, příspěvková organizace",vyhlaska-hmp-19-2025_via-P6.pdf,2026-01-01
Praha 10,Pod kapličkou,,600041107,"Základní škola, Praha 10, Hostýnská 2100/2, příspěvková organizace",vyhlaska-hmp-19-2025_via-P6.pdf,2026-01-01
Praha 10,Pod strašnickou vinicí,,600041107,"Základní škola, Praha 10, Hostýnská 2100/2, příspěvková organizace",vyhlaska-hmp-19-2025_via-P6.pdf,2026-01-01
Praha 10,Počernická,"č. 1-31 lichá, všechna sudá",600041107,"Základní škola, Praha 10, Hostýnská 2100/2, příspěvková organizace",vyhlaska-hmp-19-2025_via-P6.pdf,2026-01-01
Praha 10,Přistoupimská,,600041107,"Základní škola, Praha 10, Hostýnská 2100/2, příspěvková organizace",vyhlaska-hmp-19-2025_via-P6.pdf,2026-01-01
Praha 10,Ramonova,,600041107,"Základní škola, Praha 10, Hostýnská 2100/2, příspěvková organizace",vyhlaska-hmp-19-2025_via-P6.pdf,2026-01-01
Praha 10,Rostoklatská,,600041107,"Základní škola, Praha 10, Hostýnská 2100/2, příspěvková organizace",vyhlaska-hmp-19-2025_via-P6.pdf,2026-01-01
Praha 10,Révová,,600041107,"Základní škola, Praha 10, Hostýnská 2100/2, příspěvková organizace",vyhlaska-hmp-19-2025_via-P6.pdf,2026-01-01
Praha 10,Slunečná,,600041107,"Základní škola, Praha 10, Hostýnská 2100/2, příspěvková organizace",vyhlaska-hmp-19-2025_via-P6.pdf,2026-01-01
Praha 10,Tejnická,,600041107,"Základní škola, Praha 10, Hostýnská 2100/2, příspěvková organizace",vyhlaska-hmp-19-2025_via-P6.pdf,2026-01-01
Praha 10,Tismická,,600041107,"Základní škola, Praha 10, Hostýnská 2100/2, příspěvková organizace",vyhlaska-hmp-19-2025_via-P6.pdf,2026-01-01
Praha 10,Tuchorazská,,600041107,"Základní škola, Praha 10, Hostýnská 2100/2, příspěvková organizace",vyhlaska-hmp-19-2025_via-P6.pdf,2026-01-01
Praha 10,Tuklatská,,600041107,"Základní škola, Praha 10, Hostýnská 2100/2, příspěvková organizace",vyhlaska-hmp-19-2025_via-P6.pdf,2026-01-01
Praha 10,U krbu,"vyjma č. 30, 32 a 45",600041107,"Základní škola, Praha 10, Hostýnská 2100/2, příspěvková organizace",vyhlaska-hmp-19-2025_via-P6.pdf,2026-01-01
Praha 10,U vozovny,,600041107,"Základní škola, Praha 10, Hostýnská 2100/2, příspěvková organizace",vyhlaska-hmp-19-2025_via-P6.pdf,2026-01-01
Praha 10,V úžlabině,,600041107,"Základní škola, Praha 10, Hostýnská 2100/2, příspěvková organizace",vyhlaska-hmp-19-2025_via-P6.pdf,2026-01-01
Praha 10,Ve stínu,,600041107,"Základní škola, Praha 10, Hostýnská 2100/2, příspěvková organizace",vyhlaska-hmp-19-2025_via-P6.pdf,2026-01-01
Praha 10,Vinohradská,,600041107,"Základní škola, Praha 10, Hostýnská 2100/2, příspěvková organizace",vyhlaska-hmp-19-2025_via-P6.pdf,2026-01-01
Praha 10,Vrbčanská,,600041107,"Základní škola, Praha 10, Hostýnská 2100/2, příspěvková organizace",vyhlaska-hmp-19-2025_via-P6.pdf,2026-01-01
Praha 10,Vrátkovská,,600041107,"Základní škola, Praha 10, Hostýnská 2100/2, příspěvková organizace",vyhlaska-hmp-19-2025_via-P6.pdf,2026-01-01
Praha 10,Vykáňská,,600041107,"Základní škola, Praha 10, Hostýnská 2100/2, příspěvková organizace",vyhlaska-hmp-19-2025_via-P6.pdf,2026-01-01
Praha 10,Útulná,č. 2-12 sudá,600041107,"Základní škola, Praha 10, Hostýnská 2100/2, příspěvková organizace",vyhlaska-hmp-19-2025_via-P6.pdf,2026-01-01
Praha 10,Bajkalská,,600041140,"Základní škola, Praha 10, Jakutská 1210/2, příspěvková organizace",vyhlaska-hmp-19-2025_via-P6.pdf,2026-01-01
Praha 10,Benešovská,,600041140,"Základní škola, Praha 10, Jakutská 1210/2, příspěvková organizace",vyhlaska-hmp-19-2025_via-P6.pdf,2026-01-01
Praha 10,Bošická,,600041140,"Základní škola, Praha 10, Jakutská 1210/2, příspěvková organizace",vyhlaska-hmp-19-2025_via-P6.pdf,2026-01-01
Praha 10,Bratří Čapků,,600041140,"Základní škola, Praha 10, Jakutská 1210/2, příspěvková organizace",vyhlaska-hmp-19-2025_via-P6.pdf,2026-01-01
Praha 10,Bělocerkevská,,600041140,"Základní škola, Praha 10, Jakutská 1210/2, příspěvková organizace",vyhlaska-hmp-19-2025_via-P6.pdf,2026-01-01
Praha 10,Dukelská,,600041140,"Základní škola, Praha 10, Jakutská 1210/2, příspěvková organizace",vyhlaska-hmp-19-2025_via-P6.pdf,2026-01-01
Praha 10,Gruzínská,č.10-18,600041140,"Základní škola, Praha 10, Jakutská 1210/2, příspěvková organizace",vyhlaska-hmp-19-2025_via-P6.pdf,2026-01-01
Praha 10,Hradešínská,č. 60-74,600041140,"Základní škola, Praha 10, Jakutská 1210/2, příspěvková organizace",vyhlaska-hmp-19-2025_via-P6.pdf,2026-01-01
Praha 10,Jakutská,,600041140,"Základní škola, Praha 10, Jakutská 1210/2, příspěvková organizace",vyhlaska-hmp-19-2025_via-P6.pdf,2026-01-01
Praha 10,Jerevanská,č. 11-19,600041140,"Základní škola, Praha 10, Jakutská 1210/2, příspěvková organizace",vyhlaska-hmp-19-2025_via-P6.pdf,2026-01-01
Praha 10,Karpatská,č. 11 a vyšší,600041140,"Základní škola, Praha 10, Jakutská 1210/2, příspěvková organizace",vyhlaska-hmp-19-2025_via-P6.pdf,2026-01-01
Praha 10,Kišiněvská,č. 11 a vyšší,600041140,"Základní škola, Praha 10, Jakutská 1210/2, příspěvková organizace",vyhlaska-hmp-19-2025_via-P6.pdf,2026-01-01
Praha 10,Konopišťská,,600041140,"Základní škola, Praha 10, Jakutská 1210/2, příspěvková organizace",vyhlaska-hmp-19-2025_via-P6.pdf,2026-01-01
Praha 10,Korunní,č. 108–110,600041140,"Základní škola, Praha 10, Jakutská 1210/2, příspěvková organizace",vyhlaska-hmp-19-2025_via-P6.pdf,2026-01-01
Praha 10,Krasnojarská,č. 10-15,600041140,"Základní škola, Praha 10, Jakutská 1210/2, příspěvková organizace",vyhlaska-hmp-19-2025_via-P6.pdf,2026-01-01
Praha 10,Kubánské náměstí,č. 1–11,600041140,"Základní škola, Praha 10, Jakutská 1210/2, příspěvková organizace",vyhlaska-hmp-19-2025_via-P6.pdf,2026-01-01
Praha 10,Litevská,,600041140,"Základní škola, Praha 10, Jakutská 1210/2, příspěvková organizace",vyhlaska-hmp-19-2025_via-P6.pdf,2026-01-01
Praha 10,Murmanská,,600041140,"Základní škola, Praha 10, Jakutská 1210/2, příspěvková organizace",vyhlaska-hmp-19-2025_via-P6.pdf,2026-01-01
Praha 10,Na zájezdu,,600041140,"Základní škola, Praha 10, Jakutská 1210/2, příspěvková organizace",vyhlaska-hmp-19-2025_via-P6.pdf,2026-01-01
Praha 10,Omská,,600041140,"Základní škola, Praha 10, Jakutská 1210/2, příspěvková organizace",vyhlaska-hmp-19-2025_via-P6.pdf,2026-01-01
Praha 10,Ruská,"č. 45 a vyšší lichá, č. 60 a vyšší sudá",600041140,"Základní škola, Praha 10, Jakutská 1210/2, příspěvková organizace",vyhlaska-hmp-19-2025_via-P6.pdf,2026-01-01
Praha 10,Tulská,,600041140,"Základní škola, Praha 10, Jakutská 1210/2, příspěvková organizace",vyhlaska-hmp-19-2025_via-P6.pdf,2026-01-01
Praha 10,U zdravotního ústavu,,600041140,"Základní škola, Praha 10, Jakutská 1210/2, příspěvková organizace",vyhlaska-hmp-19-2025_via-P6.pdf,2026-01-01
Praha 10,Užocká,,600041140,"Základní škola, Praha 10, Jakutská 1210/2, příspěvková organizace",vyhlaska-hmp-19-2025_via-P6.pdf,2026-01-01
Praha 10,V olšinách,č. 5-33 lichá,600041140,"Základní škola, Praha 10, Jakutská 1210/2, příspěvková organizace",vyhlaska-hmp-19-2025_via-P6.pdf,2026-01-01
Praha 10,V předpolí,č. 21-30,600041140,"Základní škola, Praha 10, Jakutská 1210/2, příspěvková organizace",vyhlaska-hmp-19-2025_via-P6.pdf,2026-01-01
Praha 10,Vlašimská,,600041140,"Základní škola, Praha 10, Jakutská 1210/2, příspěvková organizace",vyhlaska-hmp-19-2025_via-P6.pdf,2026-01-01
Praha 10,Volyňská,,600041140,"Základní škola, Praha 10, Jakutská 1210/2, příspěvková organizace",vyhlaska-hmp-19-2025_via-P6.pdf,2026-01-01
Praha 10,Vršovická,č. 67-105 lichá,600041140,"Základní škola, Praha 10, Jakutská 1210/2, příspěvková organizace",vyhlaska-hmp-19-2025_via-P6.pdf,2026-01-01
Praha 10,Čeljabinská,,600041140,"Základní škola, Praha 10, Jakutská 1210/2, příspěvková organizace",vyhlaska-hmp-19-2025_via-P6.pdf,2026-01-01
Praha 10,Říčanská,,600041140,"Základní škola, Praha 10, Jakutská 1210/2, příspěvková organizace",vyhlaska-hmp-19-2025_via-P6.pdf,2026-01-01
Praha 10,Šrobárova,,600041140,"Základní škola, Praha 10, Jakutská 1210/2, příspěvková organizace",vyhlaska-hmp-19-2025_via-P6.pdf,2026-01-01
Praha 10,Akademická,,600041191,"Základní škola, Praha 10, Nad Vodovodem 460/81, příspěvková organizace",vyhlaska-hmp-19-2025_via-P6.pdf,2026-01-01
Praha 10,Azzoniho,,600041191,"Základní škola, Praha 10, Nad Vodovodem 460/81, příspěvková organizace",vyhlaska-hmp-19-2025_via-P6.pdf,2026-01-01
Praha 10,Bacháčkova,,600041191,"Základní škola, Praha 10, Nad Vodovodem 460/81, příspěvková organizace",vyhlaska-hmp-19-2025_via-P6.pdf,2026-01-01
Praha 10,Bakalářská,,600041191,"Základní škola, Praha 10, Nad Vodovodem 460/81, příspěvková organizace",vyhlaska-hmp-19-2025_via-P6.pdf,2026-01-01
Praha 10,Božecká,,600041191,"Základní škola, Praha 10, Nad Vodovodem 460/81, příspěvková organizace",vyhlaska-hmp-19-2025_via-P6.pdf,2026-01-01
Praha 10,Bydžovského,,600041191,"Základní škola, Praha 10, Nad Vodovodem 460/81, příspěvková organizace",vyhlaska-hmp-19-2025_via-P6.pdf,2026-01-01
Praha 10,Cerhenická,,600041191,"Základní škola, Praha 10, Nad Vodovodem 460/81, příspěvková organizace",vyhlaska-hmp-19-2025_via-P6.pdf,2026-01-01
Praha 10,Chládkova,,600041191,"Základní škola, Praha 10, Nad Vodovodem 460/81, příspěvková organizace",vyhlaska-hmp-19-2025_via-P6.pdf,2026-01-01
Praha 10,Chotouňská,,600041191,"Základní škola, Praha 10, Nad Vodovodem 460/81, příspěvková organizace",vyhlaska-hmp-19-2025_via-P6.pdf,2026-01-01
Praha 10,Chotutická,,600041191,"Základní škola, Praha 10, Nad Vodovodem 460/81, příspěvková organizace",vyhlaska-hmp-19-2025_via-P6.pdf,2026-01-01
Praha 10,Dubského,,600041191,"Základní škola, Praha 10, Nad Vodovodem 460/81, příspěvková organizace",vyhlaska-hmp-19-2025_via-P6.pdf,2026-01-01
Praha 10,Dřevčická,,600041191,"Základní škola, Praha 10, Nad Vodovodem 460/81, příspěvková organizace",vyhlaska-hmp-19-2025_via-P6.pdf,2026-01-01
Praha 10,Gollova,,600041191,"Základní škola, Praha 10, Nad Vodovodem 460/81, příspěvková organizace",vyhlaska-hmp-19-2025_via-P6.pdf,2026-01-01
Praha 10,Heldova,,600041191,"Základní škola, Praha 10, Nad Vodovodem 460/81, příspěvková organizace",vyhlaska-hmp-19-2025_via-P6.pdf,2026-01-01
Praha 10,Janderova,,600041191,"Základní škola, Praha 10, Nad Vodovodem 460/81, příspěvková organizace",vyhlaska-hmp-19-2025_via-P6.pdf,2026-01-01
Praha 10,Kampanova,,600041191,"Základní škola, Praha 10, Nad Vodovodem 460/81, příspěvková organizace",vyhlaska-hmp-19-2025_via-P6.pdf,2026-01-01
Praha 10,Kaňkova,,600041191,"Základní škola, Praha 10, Nad Vodovodem 460/81, příspěvková organizace",vyhlaska-hmp-19-2025_via-P6.pdf,2026-01-01
Praha 10,Kodicilova,,600041191,"Základní škola, Praha 10, Nad Vodovodem 460/81, příspěvková organizace",vyhlaska-hmp-19-2025_via-P6.pdf,2026-01-01
Praha 10,Kolonie u obecní cihelny,,600041191,"Základní škola, Praha 10, Nad Vodovodem 460/81, příspěvková organizace",vyhlaska-hmp-19-2025_via-P6.pdf,2026-01-01
Praha 10,Káranská,,600041191,"Základní škola, Praha 10, Nad Vodovodem 460/81, příspěvková organizace",vyhlaska-hmp-19-2025_via-P6.pdf,2026-01-01
Praha 10,Lipecká,,600041191,"Základní škola, Praha 10, Nad Vodovodem 460/81, příspěvková organizace",vyhlaska-hmp-19-2025_via-P6.pdf,2026-01-01
Praha 10,Malešická,,600041191,"Základní škola, Praha 10, Nad Vodovodem 460/81, příspěvková organizace",vyhlaska-hmp-19-2025_via-P6.pdf,2026-01-01
Praha 10,Malešické náměstí,,600041191,"Základní škola, Praha 10, Nad Vodovodem 460/81, příspěvková organizace",vyhlaska-hmp-19-2025_via-P6.pdf,2026-01-01
Praha 10,Marciho,,600041191,"Základní škola, Praha 10, Nad Vodovodem 460/81, příspěvková organizace",vyhlaska-hmp-19-2025_via-P6.pdf,2026-01-01
Praha 10,Mistrovská,,600041191,"Základní škola, Praha 10, Nad Vodovodem 460/81, příspěvková organizace",vyhlaska-hmp-19-2025_via-P6.pdf,2026-01-01
Praha 10,Mölzerova,,600041191,"Základní škola, Praha 10, Nad Vodovodem 460/81, příspěvková organizace",vyhlaska-hmp-19-2025_via-P6.pdf,2026-01-01
Praha 10,Na Třebešíně,,600041191,"Základní škola, Praha 10, Nad Vodovodem 460/81, příspěvková organizace",vyhlaska-hmp-19-2025_via-P6.pdf,2026-01-01
Praha 10,Na universitním statku,,600041191,"Základní škola, Praha 10, Nad Vodovodem 460/81, příspěvková organizace",vyhlaska-hmp-19-2025_via-P6.pdf,2026-01-01
Praha 10,Nad Třebešínem I,,600041191,"Základní škola, Praha 10, Nad Vodovodem 460/81, příspěvková organizace",vyhlaska-hmp-19-2025_via-P6.pdf,2026-01-01
Praha 10,Nad Třebešínem II,,600041191,"Základní škola, Praha 10, Nad Vodovodem 460/81, příspěvková organizace",vyhlaska-hmp-19-2025_via-P6.pdf,2026-01-01
Praha 10,Nad Třebešínem III,,600041191,"Základní škola, Praha 10, Nad Vodovodem 460/81, příspěvková organizace",vyhlaska-hmp-19-2025_via-P6.pdf,2026-01-01
Praha 10,Nad Vodovodem,"sudá č. 46-64, lichá č. 65-81",600041191,"Základní škola, Praha 10, Nad Vodovodem 460/81, příspěvková organizace",vyhlaska-hmp-19-2025_via-P6.pdf,2026-01-01
Praha 10,Nad kapličkou,,600041191,"Základní škola, Praha 10, Nad Vodovodem 460/81, příspěvková organizace",vyhlaska-hmp-19-2025_via-P6.pdf,2026-01-01
Praha 10,Niederleho,,600041191,"Základní škola, Praha 10, Nad Vodovodem 460/81, příspěvková organizace",vyhlaska-hmp-19-2025_via-P6.pdf,2026-01-01
Praha 10,Pobořská,,600041191,"Základní škola, Praha 10, Nad Vodovodem 460/81, příspěvková organizace",vyhlaska-hmp-19-2025_via-P6.pdf,2026-01-01
Praha 10,Polygrafická,,600041191,"Základní škola, Praha 10, Nad Vodovodem 460/81, příspěvková organizace",vyhlaska-hmp-19-2025_via-P6.pdf,2026-01-01
Praha 10,Počernická,č. 33-95 lichá,600041191,"Základní škola, Praha 10, Nad Vodovodem 460/81, příspěvková organizace",vyhlaska-hmp-19-2025_via-P6.pdf,2026-01-01
Praha 10,Prorektorská,,600041191,"Základní škola, Praha 10, Nad Vodovodem 460/81, příspěvková organizace",vyhlaska-hmp-19-2025_via-P6.pdf,2026-01-01
Praha 10,Rektorská,,600041191,"Základní škola, Praha 10, Nad Vodovodem 460/81, příspěvková organizace",vyhlaska-hmp-19-2025_via-P6.pdf,2026-01-01
Praha 10,Skřivanská,,600041191,"Základní škola, Praha 10, Nad Vodovodem 460/81, příspěvková organizace",vyhlaska-hmp-19-2025_via-P6.pdf,2026-01-01
Praha 10,Strnadova,,600041191,"Základní škola, Praha 10, Nad Vodovodem 460/81, příspěvková organizace",vyhlaska-hmp-19-2025_via-P6.pdf,2026-01-01
Praha 10,Tomsova,,600041191,"Základní škola, Praha 10, Nad Vodovodem 460/81, příspěvková organizace",vyhlaska-hmp-19-2025_via-P6.pdf,2026-01-01
Praha 10,Troilova,,600041191,"Základní škola, Praha 10, Nad Vodovodem 460/81, příspěvková organizace",vyhlaska-hmp-19-2025_via-P6.pdf,2026-01-01
Praha 10,U Velodromu,,600041191,"Základní škola, Praha 10, Nad Vodovodem 460/81, příspěvková organizace",vyhlaska-hmp-19-2025_via-P6.pdf,2026-01-01
Praha 10,U krbu,"č. 30, 32, 45",600041191,"Základní škola, Praha 10, Nad Vodovodem 460/81, příspěvková organizace",vyhlaska-hmp-19-2025_via-P6.pdf,2026-01-01
Praha 10,U tvrze,,600041191,"Základní škola, Praha 10, Nad Vodovodem 460/81, příspěvková organizace",vyhlaska-hmp-19-2025_via-P6.pdf,2026-01-01
Praha 10,Ungarova,,600041191,"Základní škola, Praha 10, Nad Vodovodem 460/81, příspěvková organizace",vyhlaska-hmp-19-2025_via-P6.pdf,2026-01-01
Praha 10,Univerzitní,,600041191,"Základní škola, Praha 10, Nad Vodovodem 460/81, příspěvková organizace",vyhlaska-hmp-19-2025_via-P6.pdf,2026-01-01
Praha 10,Vydrova,,600041191,"Základní škola, Praha 10, Nad Vodovodem 460/81, příspěvková organizace",vyhlaska-hmp-19-2025_via-P6.pdf,2026-01-01
Praha 10,Za Třebešínem,,600041191,"Základní škola, Praha 10, Nad Vodovodem 460/81, příspěvková organizace",vyhlaska-hmp-19-2025_via-P6.pdf,2026-01-01
Praha 10,Za stadionem,,600041191,"Základní škola, Praha 10, Nad Vodovodem 460/81, příspěvková organizace",vyhlaska-hmp-19-2025_via-P6.pdf,2026-01-01
Praha 10,Zálužanského,,600041191,"Základní škola, Praha 10, Nad Vodovodem 460/81, příspěvková organizace",vyhlaska-hmp-19-2025_via-P6.pdf,2026-01-01
Praha 10,Útulná,vyjma č. 2-12 sudá,600041191,"Základní škola, Praha 10, Nad Vodovodem 460/81, příspěvková organizace",vyhlaska-hmp-19-2025_via-P6.pdf,2026-01-01
Praha 10,Aldašínská,,600041085,"Základní škola, Praha 10, Olešská 2222/18, příspěvková organizace",vyhlaska-hmp-19-2025_via-P6.pdf,2026-01-01
Praha 10,Bolinská,,600041085,"Základní škola, Praha 10, Olešská 2222/18, příspěvková organizace",vyhlaska-hmp-19-2025_via-P6.pdf,2026-01-01
Praha 10,Běžná,,600041085,"Základní škola, Praha 10, Olešská 2222/18, příspěvková organizace",vyhlaska-hmp-19-2025_via-P6.pdf,2026-01-01
Praha 10,Do vršku,,600041085,"Základní škola, Praha 10, Olešská 2222/18, příspěvková organizace",vyhlaska-hmp-19-2025_via-P6.pdf,2026-01-01
Praha 10,Dolínecká,,600041085,"Základní škola, Praha 10, Olešská 2222/18, příspěvková organizace",vyhlaska-hmp-19-2025_via-P6.pdf,2026-01-01
Praha 10,Doubravčická,,600041085,"Základní škola, Praha 10, Olešská 2222/18, příspěvková organizace",vyhlaska-hmp-19-2025_via-P6.pdf,2026-01-01
Praha 10,Dubečská,č. 20-71,600041085,"Základní škola, Praha 10, Olešská 2222/18, příspěvková organizace",vyhlaska-hmp-19-2025_via-P6.pdf,2026-01-01
Praha 10,Dürerova,,600041085,"Základní škola, Praha 10, Olešská 2222/18, příspěvková organizace",vyhlaska-hmp-19-2025_via-P6.pdf,2026-01-01
Praha 10,Goyova,,600041085,"Základní škola, Praha 10, Olešská 2222/18, příspěvková organizace",vyhlaska-hmp-19-2025_via-P6.pdf,2026-01-01
Praha 10,Hájecká,,600041085,"Základní škola, Praha 10, Olešská 2222/18, příspěvková organizace",vyhlaska-hmp-19-2025_via-P6.pdf,2026-01-01
Praha 10,Jevanská,,600041085,"Základní škola, Praha 10, Olešská 2222/18, příspěvková organizace",vyhlaska-hmp-19-2025_via-P6.pdf,2026-01-01
Praha 10,K háječku,,600041085,"Základní škola, Praha 10, Olešská 2222/18, příspěvková organizace",vyhlaska-hmp-19-2025_via-P6.pdf,2026-01-01
Praha 10,Karafiátová,č. 1-49,600041085,"Základní škola, Praha 10, Olešská 2222/18, příspěvková organizace",vyhlaska-hmp-19-2025_via-P6.pdf,2026-01-01
Praha 10,Konojedská,,600041085,"Základní škola, Praha 10, Olešská 2222/18, příspěvková organizace",vyhlaska-hmp-19-2025_via-P6.pdf,2026-01-01
Praha 10,Královická,,600041085,"Základní škola, Praha 10, Olešská 2222/18, příspěvková organizace",vyhlaska-hmp-19-2025_via-P6.pdf,2026-01-01
Praha 10,Křenická,,600041085,"Základní škola, Praha 10, Olešská 2222/18, příspěvková organizace",vyhlaska-hmp-19-2025_via-P6.pdf,2026-01-01
Praha 10,Louňovická,,600041085,"Základní škola, Praha 10, Olešská 2222/18, příspěvková organizace",vyhlaska-hmp-19-2025_via-P6.pdf,2026-01-01
Praha 10,Mokřanská,,600041085,"Základní škola, Praha 10, Olešská 2222/18, příspěvková organizace",vyhlaska-hmp-19-2025_via-P6.pdf,2026-01-01
Praha 10,Mukařovská,,600041085,"Základní škola, Praha 10, Olešská 2222/18, příspěvková organizace",vyhlaska-hmp-19-2025_via-P6.pdf,2026-01-01
Praha 10,Na padesátém,,600041085,"Základní škola, Praha 10, Olešská 2222/18, příspěvková organizace",vyhlaska-hmp-19-2025_via-P6.pdf,2026-01-01
Praha 10,Na výhledech,,600041085,"Základní škola, Praha 10, Olešská 2222/18, příspěvková organizace",vyhlaska-hmp-19-2025_via-P6.pdf,2026-01-01
Praha 10,Narcisová,,600041085,"Základní škola, Praha 10, Olešská 2222/18, příspěvková organizace",vyhlaska-hmp-19-2025_via-P6.pdf,2026-01-01
Praha 10,Nedvězská,,600041085,"Základní škola, Praha 10, Olešská 2222/18, příspěvková organizace",vyhlaska-hmp-19-2025_via-P6.pdf,2026-01-01
Praha 10,Olešská,,600041085,"Základní škola, Praha 10, Olešská 2222/18, příspěvková organizace",vyhlaska-hmp-19-2025_via-P6.pdf,2026-01-01
Praha 10,Ostružinová,č. 40-50,600041085,"Základní škola, Praha 10, Olešská 2222/18, příspěvková organizace",vyhlaska-hmp-19-2025_via-P6.pdf,2026-01-01
Praha 10,Pampelišková,,600041085,"Základní škola, Praha 10, Olešská 2222/18, příspěvková organizace",vyhlaska-hmp-19-2025_via-P6.pdf,2026-01-01
Praha 10,Pivoňková,"vyjma č. 61-67 lichá, č. 76-84 sudá",600041085,"Základní škola, Praha 10, Olešská 2222/18, příspěvková organizace",vyhlaska-hmp-19-2025_via-P6.pdf,2026-01-01
Praha 10,Plošná,,600041085,"Základní škola, Praha 10, Olešská 2222/18, příspěvková organizace",vyhlaska-hmp-19-2025_via-P6.pdf,2026-01-01
Praha 10,Podléšková,"č. 1-59 lichá, č. 2– č. 22 sudá",600041085,"Základní škola, Praha 10, Olešská 2222/18, příspěvková organizace",vyhlaska-hmp-19-2025_via-P6.pdf,2026-01-01
Praha 10,Pomněnková,lichá,600041085,"Základní škola, Praha 10, Olešská 2222/18, příspěvková organizace",vyhlaska-hmp-19-2025_via-P6.pdf,2026-01-01
Praha 10,Prusická,,600041085,"Základní škola, Praha 10, Olešská 2222/18, příspěvková organizace",vyhlaska-hmp-19-2025_via-P6.pdf,2026-01-01
Praha 10,Přetlucká,,600041085,"Základní škola, Praha 10, Olešská 2222/18, příspěvková organizace",vyhlaska-hmp-19-2025_via-P6.pdf,2026-01-01
Praha 10,Rembrandtova,,600041085,"Základní škola, Praha 10, Olešská 2222/18, příspěvková organizace",vyhlaska-hmp-19-2025_via-P6.pdf,2026-01-01
Praha 10,Rozmarýnová,,600041085,"Základní škola, Praha 10, Olešská 2222/18, příspěvková organizace",vyhlaska-hmp-19-2025_via-P6.pdf,2026-01-01
Praha 10,Rubensova,,600041085,"Základní škola, Praha 10, Olešská 2222/18, příspěvková organizace",vyhlaska-hmp-19-2025_via-P6.pdf,2026-01-01
Praha 10,Slunečnicová,,600041085,"Základní škola, Praha 10, Olešská 2222/18, příspěvková organizace",vyhlaska-hmp-19-2025_via-P6.pdf,2026-01-01
Praha 10,Sluštická,,600041085,"Základní škola, Praha 10, Olešská 2222/18, příspěvková organizace",vyhlaska-hmp-19-2025_via-P6.pdf,2026-01-01
Praha 10,Strašínská,,600041085,"Základní škola, Praha 10, Olešská 2222/18, příspěvková organizace",vyhlaska-hmp-19-2025_via-P6.pdf,2026-01-01
Praha 10,Středová,,600041085,"Základní škola, Praha 10, Olešská 2222/18, příspěvková organizace",vyhlaska-hmp-19-2025_via-P6.pdf,2026-01-01
Praha 10,Světická,,600041085,"Základní škola, Praha 10, Olešská 2222/18, příspěvková organizace",vyhlaska-hmp-19-2025_via-P6.pdf,2026-01-01
Praha 10,Tehovská,,600041085,"Základní škola, Praha 10, Olešská 2222/18, příspěvková organizace",vyhlaska-hmp-19-2025_via-P6.pdf,2026-01-01
Praha 10,Tulipánová,,600041085,"Základní škola, Praha 10, Olešská 2222/18, příspěvková organizace",vyhlaska-hmp-19-2025_via-P6.pdf,2026-01-01
Praha 10,Uhříněveská,,600041085,"Základní škola, Praha 10, Olešská 2222/18, příspěvková organizace",vyhlaska-hmp-19-2025_via-P6.pdf,2026-01-01
Praha 10,Vyžlovská,,600041085,"Základní škola, Praha 10, Olešská 2222/18, příspěvková organizace",vyhlaska-hmp-19-2025_via-P6.pdf,2026-01-01
Praha 10,náměstí Mezi zahrádkami,č. 1–12,600041085,"Základní škola, Praha 10, Olešská 2222/18, příspěvková organizace",vyhlaska-hmp-19-2025_via-P6.pdf,2026-01-01
Praha 10,Čelná,,600041085,"Základní škola, Praha 10, Olešská 2222/18, příspěvková organizace",vyhlaska-hmp-19-2025_via-P6.pdf,2026-01-01
Praha 10,Šalvějová,,600041085,"Základní škola, Praha 10, Olešská 2222/18, příspěvková organizace",vyhlaska-hmp-19-2025_via-P6.pdf,2026-01-01
Praha 10,Štíhlická,,600041085,"Základní škola, Praha 10, Olešská 2222/18, příspěvková organizace",vyhlaska-hmp-19-2025_via-P6.pdf,2026-01-01
Praha 10,Želivecká,,600041085,"Základní škola, Praha 10, Olešská 2222/18, příspěvková organizace",vyhlaska-hmp-19-2025_via-P6.pdf,2026-01-01
Praha 10,Žernovská,,600041085,"Základní škola, Praha 10, Olešská 2222/18, příspěvková organizace",vyhlaska-hmp-19-2025_via-P6.pdf,2026-01-01
Praha 10,28. pluku,,600041166,"Základní škola, Praha 10, U Roháčových kasáren 1381/19, příspěvková organizace",vyhlaska-hmp-19-2025_via-P6.pdf,2026-01-01
Praha 10,Altajská,,600041166,"Základní škola, Praha 10, U Roháčových kasáren 1381/19, příspěvková organizace",vyhlaska-hmp-19-2025_via-P6.pdf,2026-01-01
Praha 10,Archangelská,,600041166,"Základní škola, Praha 10, U Roháčových kasáren 1381/19, příspěvková organizace",vyhlaska-hmp-19-2025_via-P6.pdf,2026-01-01
Praha 10,Arménská,,600041166,"Základní škola, Praha 10, U Roháčových kasáren 1381/19, příspěvková organizace",vyhlaska-hmp-19-2025_via-P6.pdf,2026-01-01
Praha 10,Baškirská,,600041166,"Základní škola, Praha 10, U Roháčových kasáren 1381/19, příspěvková organizace",vyhlaska-hmp-19-2025_via-P6.pdf,2026-01-01
Praha 10,Bulharská,č. 25-44,600041166,"Základní škola, Praha 10, U Roháčových kasáren 1381/19, příspěvková organizace",vyhlaska-hmp-19-2025_via-P6.pdf,2026-01-01
Praha 10,K louži,,600041166,"Základní škola, Praha 10, U Roháčových kasáren 1381/19, příspěvková organizace",vyhlaska-hmp-19-2025_via-P6.pdf,2026-01-01
Praha 10,Kavkazská,,600041166,"Základní škola, Praha 10, U Roháčových kasáren 1381/19, příspěvková organizace",vyhlaska-hmp-19-2025_via-P6.pdf,2026-01-01
Praha 10,Kodaňská,"č. 65 a vyšší lichá, č. 34 a vyšší sudá",600041166,"Základní škola, Praha 10, U Roháčových kasáren 1381/19, příspěvková organizace",vyhlaska-hmp-19-2025_via-P6.pdf,2026-01-01
Praha 10,Moldavská,,600041166,"Základní škola, Praha 10, U Roháčových kasáren 1381/19, příspěvková organizace",vyhlaska-hmp-19-2025_via-P6.pdf,2026-01-01
Praha 10,Moskevská,č. 58-94,600041166,"Základní škola, Praha 10, U Roháčových kasáren 1381/19, příspěvková organizace",vyhlaska-hmp-19-2025_via-P6.pdf,2026-01-01
Praha 10,Na Míčánkách,,600041166,"Základní škola, Praha 10, U Roháčových kasáren 1381/19, příspěvková organizace",vyhlaska-hmp-19-2025_via-P6.pdf,2026-01-01
Praha 10,Novorossijská,,600041166,"Základní škola, Praha 10, U Roháčových kasáren 1381/19, příspěvková organizace",vyhlaska-hmp-19-2025_via-P6.pdf,2026-01-01
Praha 10,Pod soutratím,,600041166,"Základní škola, Praha 10, U Roháčových kasáren 1381/19, příspěvková organizace",vyhlaska-hmp-19-2025_via-P6.pdf,2026-01-01
Praha 10,Přípotoční,"č. 19 a vyšší lichá, č. 10 a vyšší sudá",600041166,"Základní škola, Praha 10, U Roháčových kasáren 1381/19, příspěvková organizace",vyhlaska-hmp-19-2025_via-P6.pdf,2026-01-01
Praha 10,Tolstého,,600041166,"Základní škola, Praha 10, U Roháčových kasáren 1381/19, příspěvková organizace",vyhlaska-hmp-19-2025_via-P6.pdf,2026-01-01
Praha 10,U Roháčových kasáren,,600041166,"Základní škola, Praha 10, U Roháčových kasáren 1381/19, příspěvková organizace",vyhlaska-hmp-19-2025_via-P6.pdf,2026-01-01
Praha 10,Vršovická,"č. 56–68 sudá, č. 39–65 lichá",600041166,"Základní škola, Praha 10, U Roháčových kasáren 1381/19, příspěvková organizace",vyhlaska-hmp-19-2025_via-P6.pdf,2026-01-01
Praha 10,náměstí Svatopluka Čecha,č. 7 a vyšší,600041166,"Základní škola, Praha 10, U Roháčových kasáren 1381/19, příspěvková organizace",vyhlaska-hmp-19-2025_via-P6.pdf,2026-01-01
Praha 10,Bartoškova,,600041182,"Základní škola, Praha 10, U Vršovického nádraží 950/1, příspěvková organizace",vyhlaska-hmp-19-2025_via-P6.pdf,2026-01-01
Praha 10,Borodinská,,600041182,"Základní škola, Praha 10, U Vršovického nádraží 950/1, příspěvková organizace",vyhlaska-hmp-19-2025_via-P6.pdf,2026-01-01
Praha 10,Charkovská,,600041182,"Základní škola, Praha 10, U Vršovického nádraží 950/1, příspěvková organizace",vyhlaska-hmp-19-2025_via-P6.pdf,2026-01-01
Praha 10,Donská,,600041182,"Základní škola, Praha 10, U Vršovického nádraží 950/1, příspěvková organizace",vyhlaska-hmp-19-2025_via-P6.pdf,2026-01-01
Praha 10,Francouzská,,600041182,"Základní škola, Praha 10, U Vršovického nádraží 950/1, příspěvková organizace",vyhlaska-hmp-19-2025_via-P6.pdf,2026-01-01
Praha 10,K Botiči,,600041182,"Základní škola, Praha 10, U Vršovického nádraží 950/1, příspěvková organizace",vyhlaska-hmp-19-2025_via-P6.pdf,2026-01-01
Praha 10,Kozácká,,600041182,"Základní škola, Praha 10, U Vršovického nádraží 950/1, příspěvková organizace",vyhlaska-hmp-19-2025_via-P6.pdf,2026-01-01
Praha 10,Košická,,600041182,"Základní škola, Praha 10, U Vršovického nádraží 950/1, příspěvková organizace",vyhlaska-hmp-19-2025_via-P6.pdf,2026-01-01
Praha 10,Krymská,,600041182,"Základní škola, Praha 10, U Vršovického nádraží 950/1, příspěvková organizace",vyhlaska-hmp-19-2025_via-P6.pdf,2026-01-01
Praha 10,Křeslická,,600041182,"Základní škola, Praha 10, U Vršovického nádraží 950/1, příspěvková organizace",vyhlaska-hmp-19-2025_via-P6.pdf,2026-01-01
Praha 10,Lopuchová,,600041182,"Základní škola, Praha 10, U Vršovického nádraží 950/1, příspěvková organizace",vyhlaska-hmp-19-2025_via-P6.pdf,2026-01-01
Praha 10,Minská,,600041182,"Základní škola, Praha 10, U Vršovického nádraží 950/1, příspěvková organizace",vyhlaska-hmp-19-2025_via-P6.pdf,2026-01-01
Praha 10,Moskevská,č. 2-56 sudá,600041182,"Základní škola, Praha 10, U Vršovického nádraží 950/1, příspěvková organizace",vyhlaska-hmp-19-2025_via-P6.pdf,2026-01-01
Praha 10,Máchova,,600041182,"Základní škola, Praha 10, U Vršovického nádraží 950/1, příspěvková organizace",vyhlaska-hmp-19-2025_via-P6.pdf,2026-01-01
Praha 10,Na Královce,,600041182,"Základní škola, Praha 10, U Vršovického nádraží 950/1, příspěvková organizace",vyhlaska-hmp-19-2025_via-P6.pdf,2026-01-01
Praha 10,Na kovárně,,600041182,"Základní škola, Praha 10, U Vršovického nádraží 950/1, příspěvková organizace",vyhlaska-hmp-19-2025_via-P6.pdf,2026-01-01
Praha 10,Na louži,,600041182,"Základní škola, Praha 10, U Vršovického nádraží 950/1, příspěvková organizace",vyhlaska-hmp-19-2025_via-P6.pdf,2026-01-01
Praha 10,Na spojce,,600041182,"Základní škola, Praha 10, U Vršovického nádraží 950/1, příspěvková organizace",vyhlaska-hmp-19-2025_via-P6.pdf,2026-01-01
Praha 10,Na stráni,,600041182,"Základní škola, Praha 10, U Vršovického nádraží 950/1, příspěvková organizace",vyhlaska-hmp-19-2025_via-P6.pdf,2026-01-01
Praha 10,Novgorodská,,600041182,"Základní škola, Praha 10, U Vršovického nádraží 950/1, příspěvková organizace",vyhlaska-hmp-19-2025_via-P6.pdf,2026-01-01
Praha 10,Oblouková,,600041182,"Základní škola, Praha 10, U Vršovického nádraží 950/1, příspěvková organizace",vyhlaska-hmp-19-2025_via-P6.pdf,2026-01-01
Praha 10,Orelská,,600041182,"Základní škola, Praha 10, U Vršovického nádraží 950/1, příspěvková organizace",vyhlaska-hmp-19-2025_via-P6.pdf,2026-01-01
Praha 10,Petrohradská,,600041182,"Základní škola, Praha 10, U Vršovického nádraží 950/1, příspěvková organizace",vyhlaska-hmp-19-2025_via-P6.pdf,2026-01-01
Praha 10,Pod stupni,,600041182,"Základní škola, Praha 10, U Vršovického nádraží 950/1, příspěvková organizace",vyhlaska-hmp-19-2025_via-P6.pdf,2026-01-01
Praha 10,Přípotoční,"č. 1–17 lichá, č. 2–8 sudá",600041182,"Základní škola, Praha 10, U Vršovického nádraží 950/1, příspěvková organizace",vyhlaska-hmp-19-2025_via-P6.pdf,2026-01-01
Praha 10,Rostovská,,600041182,"Základní škola, Praha 10, U Vršovického nádraží 950/1, příspěvková organizace",vyhlaska-hmp-19-2025_via-P6.pdf,2026-01-01
Praha 10,Rybalkova,,600041182,"Základní škola, Praha 10, U Vršovického nádraží 950/1, příspěvková organizace",vyhlaska-hmp-19-2025_via-P6.pdf,2026-01-01
Praha 10,Sevastopolská,,600041182,"Základní škola, Praha 10, U Vršovického nádraží 950/1, příspěvková organizace",vyhlaska-hmp-19-2025_via-P6.pdf,2026-01-01
Praha 10,Smolenská,,600041182,"Základní škola, Praha 10, U Vršovického nádraží 950/1, příspěvková organizace",vyhlaska-hmp-19-2025_via-P6.pdf,2026-01-01
Praha 10,Sportovní,,600041182,"Základní škola, Praha 10, U Vršovického nádraží 950/1, příspěvková organizace",vyhlaska-hmp-19-2025_via-P6.pdf,2026-01-01
Praha 10,Sámova,,600041182,"Základní škola, Praha 10, U Vršovického nádraží 950/1, příspěvková organizace",vyhlaska-hmp-19-2025_via-P6.pdf,2026-01-01
Praha 10,U seřadiště,,600041182,"Základní škola, Praha 10, U Vršovického nádraží 950/1, příspěvková organizace",vyhlaska-hmp-19-2025_via-P6.pdf,2026-01-01
Praha 10,U staré sokolovny,,600041182,"Základní škola, Praha 10, U Vršovického nádraží 950/1, příspěvková organizace",vyhlaska-hmp-19-2025_via-P6.pdf,2026-01-01
Praha 10,U vršovického nádraží,,600041182,"Základní škola, Praha 10, U Vršovického nádraží 950/1, příspěvková organizace",vyhlaska-hmp-19-2025_via-P6.pdf,2026-01-01
Praha 10,Ukrajinská,,600041182,"Základní škola, Praha 10, U Vršovického nádraží 950/1, příspěvková organizace",vyhlaska-hmp-19-2025_via-P6.pdf,2026-01-01
Praha 10,Voroněžská,,600041182,"Základní škola, Praha 10, U Vršovického nádraží 950/1, příspěvková organizace",vyhlaska-hmp-19-2025_via-P6.pdf,2026-01-01
Praha 10,Vršovická,"č. 2–54 sudá, č. 1–37 lichá",600041182,"Základní škola, Praha 10, U Vršovického nádraží 950/1, příspěvková organizace",vyhlaska-hmp-19-2025_via-P6.pdf,2026-01-01
Praha 10,Vršovické náměstí,,600041182,"Základní škola, Praha 10, U Vršovického nádraží 950/1, příspěvková organizace",vyhlaska-hmp-19-2025_via-P6.pdf,2026-01-01
Praha 10,Černomořská,,600041182,"Základní škola, Praha 10, U Vršovického nádraží 950/1, příspěvková organizace",vyhlaska-hmp-19-2025_via-P6.pdf,2026-01-01
Praha 10,Žitomírská,č. 1–14,600041182,"Základní škola, Praha 10, U Vršovického nádraží 950/1, příspěvková organizace",vyhlaska-hmp-19-2025_via-P6.pdf,2026-01-01
Praha 10,Kralická,,691016151,"Základní škola, Praha 10, V Olšinách 200/69, příspěvková organizace",vyhlaska-hmp-19-2025_via-P6.pdf,2026-01-01
Praha 10,Krátká,,691016151,"Základní škola, Praha 10, V Olšinách 200/69, příspěvková organizace",vyhlaska-hmp-19-2025_via-P6.pdf,2026-01-01
Praha 10,Mrštíkova,,691016151,"Základní škola, Praha 10, V Olšinách 200/69, příspěvková organizace",vyhlaska-hmp-19-2025_via-P6.pdf,2026-01-01
Praha 10,Nad Primaskou,,691016151,"Základní škola, Praha 10, V Olšinách 200/69, příspěvková organizace",vyhlaska-hmp-19-2025_via-P6.pdf,2026-01-01
Praha 10,Saratovská,č. 1-21,691016151,"Základní škola, Praha 10, V Olšinách 200/69, příspěvková organizace",vyhlaska-hmp-19-2025_via-P6.pdf,2026-01-01
Praha 10,Starostrašnická,,691016151,"Základní škola, Praha 10, V Olšinách 200/69, příspěvková organizace",vyhlaska-hmp-19-2025_via-P6.pdf,2026-01-01
Praha 10,U nových vil,,691016151,"Základní škola, Praha 10, V Olšinách 200/69, příspěvková organizace",vyhlaska-hmp-19-2025_via-P6.pdf,2026-01-01
Praha 10,V olšinách,č. 43-69 lichá,691016151,"Základní škola, Praha 10, V Olšinách 200/69, příspěvková organizace",vyhlaska-hmp-19-2025_via-P6.pdf,2026-01-01
Praha 10,Vilová,,691016151,"Základní škola, Praha 10, V Olšinách 200/69, příspěvková organizace",vyhlaska-hmp-19-2025_via-P6.pdf,2026-01-01
Praha 10,Věšínova,,691016151,"Základní škola, Praha 10, V Olšinách 200/69, příspěvková organizace",vyhlaska-hmp-19-2025_via-P6.pdf,2026-01-01
Praha 10,Za poštou,,691016151,"Základní škola, Praha 10, V Olšinách 200/69, příspěvková organizace",vyhlaska-hmp-19-2025_via-P6.pdf,2026-01-01
Praha 10,Dobročovická,,600041115,"Základní škola, Praha 10, V Rybníčkách 1980/31, příspěvková organizace",vyhlaska-hmp-19-2025_via-P6.pdf,2026-01-01
Praha 10,Donatellova,,600041115,"Základní škola, Praha 10, V Rybníčkách 1980/31, příspěvková organizace",vyhlaska-hmp-19-2025_via-P6.pdf,2026-01-01
Praha 10,Dubečská,č. 1-19,600041115,"Základní škola, Praha 10, V Rybníčkách 1980/31, příspěvková organizace",vyhlaska-hmp-19-2025_via-P6.pdf,2026-01-01
Praha 10,Flájská,,600041115,"Základní škola, Praha 10, V Rybníčkách 1980/31, příspěvková organizace",vyhlaska-hmp-19-2025_via-P6.pdf,2026-01-01
Praha 10,Foerstrova,,600041115,"Základní škola, Praha 10, V Rybníčkách 1980/31, příspěvková organizace",vyhlaska-hmp-19-2025_via-P6.pdf,2026-01-01
Praha 10,K Rybníčkům,,600041115,"Základní škola, Praha 10, V Rybníčkách 1980/31, příspěvková organizace",vyhlaska-hmp-19-2025_via-P6.pdf,2026-01-01
Praha 10,Kolodějská,,600041115,"Základní škola, Praha 10, V Rybníčkách 1980/31, příspěvková organizace",vyhlaska-hmp-19-2025_via-P6.pdf,2026-01-01
Praha 10,Kružberská,,600041115,"Základní škola, Praha 10, V Rybníčkách 1980/31, příspěvková organizace",vyhlaska-hmp-19-2025_via-P6.pdf,2026-01-01
Praha 10,Květnická,,600041115,"Základní škola, Praha 10, V Rybníčkách 1980/31, příspěvková organizace",vyhlaska-hmp-19-2025_via-P6.pdf,2026-01-01
Praha 10,Michelangelova,,600041115,"Základní škola, Praha 10, V Rybníčkách 1980/31, příspěvková organizace",vyhlaska-hmp-19-2025_via-P6.pdf,2026-01-01
Praha 10,Mirošovická,,600041115,"Základní škola, Praha 10, V Rybníčkách 1980/31, příspěvková organizace",vyhlaska-hmp-19-2025_via-P6.pdf,2026-01-01
Praha 10,Na polníku,,600041115,"Základní škola, Praha 10, V Rybníčkách 1980/31, příspěvková organizace",vyhlaska-hmp-19-2025_via-P6.pdf,2026-01-01
Praha 10,Nosická,,600041115,"Základní škola, Praha 10, V Rybníčkách 1980/31, příspěvková organizace",vyhlaska-hmp-19-2025_via-P6.pdf,2026-01-01
Praha 10,Ondřejovská,,600041115,"Základní škola, Praha 10, V Rybníčkách 1980/31, příspěvková organizace",vyhlaska-hmp-19-2025_via-P6.pdf,2026-01-01
Praha 10,Oravská,,600041115,"Základní škola, Praha 10, V Rybníčkách 1980/31, příspěvková organizace",vyhlaska-hmp-19-2025_via-P6.pdf,2026-01-01
Praha 10,Pelyňková,,600041115,"Základní škola, Praha 10, V Rybníčkách 1980/31, příspěvková organizace",vyhlaska-hmp-19-2025_via-P6.pdf,2026-01-01
Praha 10,Pod strání,,600041115,"Základní škola, Praha 10, V Rybníčkách 1980/31, příspěvková organizace",vyhlaska-hmp-19-2025_via-P6.pdf,2026-01-01
Praha 10,Raffaelova,,600041115,"Základní škola, Praha 10, V Rybníčkách 1980/31, příspěvková organizace",vyhlaska-hmp-19-2025_via-P6.pdf,2026-01-01
Praha 10,Sečská,,600041115,"Základní škola, Praha 10, V Rybníčkách 1980/31, příspěvková organizace",vyhlaska-hmp-19-2025_via-P6.pdf,2026-01-01
Praha 10,Slapská,,600041115,"Základní škola, Praha 10, V Rybníčkách 1980/31, příspěvková organizace",vyhlaska-hmp-19-2025_via-P6.pdf,2026-01-01
Praha 10,Stupická,,600041115,"Základní škola, Praha 10, V Rybníčkách 1980/31, příspěvková organizace",vyhlaska-hmp-19-2025_via-P6.pdf,2026-01-01
Praha 10,Tomická,,600041115,"Základní škola, Praha 10, V Rybníčkách 1980/31, příspěvková organizace",vyhlaska-hmp-19-2025_via-P6.pdf,2026-01-01
Praha 10,V Rybníčkách,,600041115,"Základní škola, Praha 10, V Rybníčkách 1980/31, příspěvková organizace",vyhlaska-hmp-19-2025_via-P6.pdf,2026-01-01
Praha 10,V olšinách,č. 104 a vyšší sudá,600041115,"Základní škola, Praha 10, V Rybníčkách 1980/31, příspěvková organizace",vyhlaska-hmp-19-2025_via-P6.pdf,2026-01-01
Praha 10,Úvalská,,600041115,"Základní škola, Praha 10, V Rybníčkách 1980/31, příspěvková organizace",vyhlaska-hmp-19-2025_via-P6.pdf,2026-01-01
Praha 10,Šibřinská,,600041115,"Základní škola, Praha 10, V Rybníčkách 1980/31, příspěvková organizace",vyhlaska-hmp-19-2025_via-P6.pdf,2026-01-01
Praha 10,Štěchovická,,600041115,"Základní škola, Praha 10, V Rybníčkách 1980/31, příspěvková organizace",vyhlaska-hmp-19-2025_via-P6.pdf,2026-01-01
Praha 10,Žermanická,,600041115,"Základní škola, Praha 10, V Rybníčkách 1980/31, příspěvková organizace",vyhlaska-hmp-19-2025_via-P6.pdf,2026-01-01
Praha 10,Žinkovská,,600041115,"Základní škola, Praha 10, V Rybníčkách 1980/31, příspěvková organizace",vyhlaska-hmp-19-2025_via-P6.pdf,2026-01-01
Praha 10,Chrpová,,600041123,"Základní škola, Praha 10, Švehlova 2900/12, příspěvková organizace",vyhlaska-hmp-19-2025_via-P6.pdf,2026-01-01
Praha 10,Fialková,,600041123,"Základní škola, Praha 10, Švehlova 2900/12, příspěvková organizace",vyhlaska-hmp-19-2025_via-P6.pdf,2026-01-01
Praha 10,Harlacherova,,600041123,"Základní škola, Praha 10, Švehlova 2900/12, příspěvková organizace",vyhlaska-hmp-19-2025_via-P6.pdf,2026-01-01
Praha 10,Hledíková,,600041123,"Základní škola, Praha 10, Švehlova 2900/12, příspěvková organizace",vyhlaska-hmp-19-2025_via-P6.pdf,2026-01-01
Praha 10,Hvozdíková,,600041123,"Základní škola, Praha 10, Švehlova 2900/12, příspěvková organizace",vyhlaska-hmp-19-2025_via-P6.pdf,2026-01-01
Praha 10,Jabloňová,č. 55-77 lichá a č. 84-106,600041123,"Základní škola, Praha 10, Švehlova 2900/12, příspěvková organizace",vyhlaska-hmp-19-2025_via-P6.pdf,2026-01-01
Praha 10,Jahodová,,600041123,"Základní škola, Praha 10, Švehlova 2900/12, příspěvková organizace",vyhlaska-hmp-19-2025_via-P6.pdf,2026-01-01
Praha 10,Jasmínová,,600041123,"Základní škola, Praha 10, Švehlova 2900/12, příspěvková organizace",vyhlaska-hmp-19-2025_via-P6.pdf,2026-01-01
Praha 10,Jiřinková,,600041123,"Základní škola, Praha 10, Švehlova 2900/12, příspěvková organizace",vyhlaska-hmp-19-2025_via-P6.pdf,2026-01-01
Praha 10,Jiříčkové,,600041123,"Základní škola, Praha 10, Švehlova 2900/12, příspěvková organizace",vyhlaska-hmp-19-2025_via-P6.pdf,2026-01-01
Praha 10,Kalinová,,600041123,"Základní škola, Praha 10, Švehlova 2900/12, příspěvková organizace",vyhlaska-hmp-19-2025_via-P6.pdf,2026-01-01
Praha 10,Kamelova,,600041123,"Základní škola, Praha 10, Švehlova 2900/12, příspěvková organizace",vyhlaska-hmp-19-2025_via-P6.pdf,2026-01-01
Praha 10,Kapraďová,,600041123,"Základní škola, Praha 10, Švehlova 2900/12, příspěvková organizace",vyhlaska-hmp-19-2025_via-P6.pdf,2026-01-01
Praha 10,Karafiátová,č. 50–98,600041123,"Základní škola, Praha 10, Švehlova 2900/12, příspěvková organizace",vyhlaska-hmp-19-2025_via-P6.pdf,2026-01-01
Praha 10,Konvalinková,,600041123,"Základní škola, Praha 10, Švehlova 2900/12, příspěvková organizace",vyhlaska-hmp-19-2025_via-P6.pdf,2026-01-01
Praha 10,Kopretinová,,600041123,"Základní škola, Praha 10, Švehlova 2900/12, příspěvková organizace",vyhlaska-hmp-19-2025_via-P6.pdf,2026-01-01
Praha 10,Kosatcová,,600041123,"Základní škola, Praha 10, Švehlova 2900/12, příspěvková organizace",vyhlaska-hmp-19-2025_via-P6.pdf,2026-01-01
Praha 10,Leknínová,,600041123,"Základní škola, Praha 10, Švehlova 2900/12, příspěvková organizace",vyhlaska-hmp-19-2025_via-P6.pdf,2026-01-01
Praha 10,Macešková,,600041123,"Základní škola, Praha 10, Švehlova 2900/12, příspěvková organizace",vyhlaska-hmp-19-2025_via-P6.pdf,2026-01-01
Praha 10,Malinová,,600041123,"Základní škola, Praha 10, Švehlova 2900/12, příspěvková organizace",vyhlaska-hmp-19-2025_via-P6.pdf,2026-01-01
Praha 10,Mateřídoušková,,600041123,"Základní škola, Praha 10, Švehlova 2900/12, příspěvková organizace",vyhlaska-hmp-19-2025_via-P6.pdf,2026-01-01
Praha 10,Mattioliho,,600041123,"Základní škola, Praha 10, Švehlova 2900/12, příspěvková organizace",vyhlaska-hmp-19-2025_via-P6.pdf,2026-01-01
Praha 10,Mikanova,,600041123,"Základní škola, Praha 10, Švehlova 2900/12, příspěvková organizace",vyhlaska-hmp-19-2025_via-P6.pdf,2026-01-01
Praha 10,Mládežnická,,600041123,"Základní škola, Praha 10, Švehlova 2900/12, příspěvková organizace",vyhlaska-hmp-19-2025_via-P6.pdf,2026-01-01
Praha 10,Nad meandry,,600041123,"Základní škola, Praha 10, Švehlova 2900/12, příspěvková organizace",vyhlaska-hmp-19-2025_via-P6.pdf,2026-01-01
Praha 10,Ostružinová,č. 2-38 sudá,600041123,"Základní škola, Praha 10, Švehlova 2900/12, příspěvková organizace",vyhlaska-hmp-19-2025_via-P6.pdf,2026-01-01
Praha 10,Petrklíčová,,600041123,"Základní škola, Praha 10, Švehlova 2900/12, příspěvková organizace",vyhlaska-hmp-19-2025_via-P6.pdf,2026-01-01
Praha 10,Pivoňková,"č. 61-67 lichá, č. 76-84 sudá",600041123,"Základní škola, Praha 10, Švehlova 2900/12, příspěvková organizace",vyhlaska-hmp-19-2025_via-P6.pdf,2026-01-01
Praha 10,Platanová,,600041123,"Základní škola, Praha 10, Švehlova 2900/12, příspěvková organizace",vyhlaska-hmp-19-2025_via-P6.pdf,2026-01-01
Praha 10,Podléšková,"č. 24, 26 a 61-115 lichá",600041123,"Základní škola, Praha 10, Švehlova 2900/12, příspěvková organizace",vyhlaska-hmp-19-2025_via-P6.pdf,2026-01-01
Praha 10,Pomněnková,sudá,600041123,"Základní škola, Praha 10, Švehlova 2900/12, příspěvková organizace",vyhlaska-hmp-19-2025_via-P6.pdf,2026-01-01
Praha 10,Práčská,,600041123,"Základní škola, Praha 10, Švehlova 2900/12, příspěvková organizace",vyhlaska-hmp-19-2025_via-P6.pdf,2026-01-01
Praha 10,Přesličková,,600041123,"Základní škola, Praha 10, Švehlova 2900/12, příspěvková organizace",vyhlaska-hmp-19-2025_via-P6.pdf,2026-01-01
Praha 10,Rybízová,,600041123,"Základní škola, Praha 10, Švehlova 2900/12, příspěvková organizace",vyhlaska-hmp-19-2025_via-P6.pdf,2026-01-01
Praha 10,Sasanková,,600041123,"Základní škola, Praha 10, Švehlova 2900/12, příspěvková organizace",vyhlaska-hmp-19-2025_via-P6.pdf,2026-01-01
Praha 10,Sněženková,,600041123,"Základní škola, Praha 10, Švehlova 2900/12, příspěvková organizace",vyhlaska-hmp-19-2025_via-P6.pdf,2026-01-01
Praha 10,Strašnická,,600041123,"Základní škola, Praha 10, Švehlova 2900/12, příspěvková organizace",vyhlaska-hmp-19-2025_via-P6.pdf,2026-01-01
Praha 10,Topolová,,600041123,"Základní škola, Praha 10, Švehlova 2900/12, příspěvková organizace",vyhlaska-hmp-19-2025_via-P6.pdf,2026-01-01
Praha 10,Velenovského,,600041123,"Základní škola, Praha 10, Švehlova 2900/12, příspěvková organizace",vyhlaska-hmp-19-2025_via-P6.pdf,2026-01-01
Praha 10,Zvonková,,600041123,"Základní škola, Praha 10, Švehlova 2900/12, příspěvková organizace",vyhlaska-hmp-19-2025_via-P6.pdf,2026-01-01
Praha 10,náměstí Mezi zahrádkami,č. 13-23,600041123,"Základní škola, Praha 10, Švehlova 2900/12, příspěvková organizace",vyhlaska-hmp-19-2025_via-P6.pdf,2026-01-01
Praha 10,Šafránová,,600041123,"Základní škola, Praha 10, Švehlova 2900/12, příspěvková organizace",vyhlaska-hmp-19-2025_via-P6.pdf,2026-01-01
Praha 10,Škábova,,600041123,"Základní škola, Praha 10, Švehlova 2900/12, příspěvková organizace",vyhlaska-hmp-19-2025_via-P6.pdf,2026-01-01
Praha 10,Švehlova,,600041123,"Základní škola, Praha 10, Švehlova 2900/12, příspěvková organizace",vyhlaska-hmp-19-2025_via-P6.pdf,2026-01-01
Praha 14,Anderleho,,600040577,"Základní škola Generála Janouška, Praha 9 - Černý Most, Dygrýnova 1006/21",vyhlaska-hmp-19-2025_via-P6.pdf,2026-01-01
Praha 14,Bergmanova,,600040577,"Základní škola Generála Janouška, Praha 9 - Černý Most, Dygrýnova 1006/21",vyhlaska-hmp-19-2025_via-P6.pdf,2026-01-01
Praha 14,Cukrova,,600040577,"Základní škola Generála Janouška, Praha 9 - Černý Most, Dygrýnova 1006/21",vyhlaska-hmp-19-2025_via-P6.pdf,2026-01-01
Praha 14,Dobrovolného,,600040577,"Základní škola Generála Janouška, Praha 9 - Černý Most, Dygrýnova 1006/21",vyhlaska-hmp-19-2025_via-P6.pdf,2026-01-01
Praha 14,Doležalova,,600040577,"Základní škola Generála Janouška, Praha 9 - Černý Most, Dygrýnova 1006/21",vyhlaska-hmp-19-2025_via-P6.pdf,2026-01-01
Praha 14,Dygrýnova,,600040577,"Základní škola Generála Janouška, Praha 9 - Černý Most, Dygrýnova 1006/21",vyhlaska-hmp-19-2025_via-P6.pdf,2026-01-01
Praha 14,Generála Janouška,,600040577,"Základní škola Generála Janouška, Praha 9 - Černý Most, Dygrýnova 1006/21",vyhlaska-hmp-19-2025_via-P6.pdf,2026-01-01
Praha 14,Himrova,,600040577,"Základní škola Generála Janouška, Praha 9 - Černý Most, Dygrýnova 1006/21",vyhlaska-hmp-19-2025_via-P6.pdf,2026-01-01
Praha 14,Hubáčkova,,600040577,"Základní škola Generála Janouška, Praha 9 - Černý Most, Dygrýnova 1006/21",vyhlaska-hmp-19-2025_via-P6.pdf,2026-01-01
Praha 14,Jíchova,,600040577,"Základní škola Generála Janouška, Praha 9 - Černý Most, Dygrýnova 1006/21",vyhlaska-hmp-19-2025_via-P6.pdf,2026-01-01
Praha 14,Mrázkova,,600040577,"Základní škola Generála Janouška, Praha 9 - Černý Most, Dygrýnova 1006/21",vyhlaska-hmp-19-2025_via-P6.pdf,2026-01-01
Praha 14,Půdova,,600040577,"Základní škola Generála Janouška, Praha 9 - Černý Most, Dygrýnova 1006/21",vyhlaska-hmp-19-2025_via-P6.pdf,2026-01-01
Praha 14,Rudolfa Holeky,,600040577,"Základní škola Generála Janouška, Praha 9 - Černý Most, Dygrýnova 1006/21",vyhlaska-hmp-19-2025_via-P6.pdf,2026-01-01
Praha 14,Smikova,,600040577,"Základní škola Generála Janouška, Praha 9 - Černý Most, Dygrýnova 1006/21",vyhlaska-hmp-19-2025_via-P6.pdf,2026-01-01
Praha 14,Truhlářova,,600040577,"Základní škola Generála Janouška, Praha 9 - Černý Most, Dygrýnova 1006/21",vyhlaska-hmp-19-2025_via-P6.pdf,2026-01-01
Praha 14,Vašátkova,,600040577,"Základní škola Generála Janouška, Praha 9 - Černý Most, Dygrýnova 1006/21",vyhlaska-hmp-19-2025_via-P6.pdf,2026-01-01
Praha 14,Šebelova,,600040577,"Základní škola Generála Janouška, Praha 9 - Černý Most, Dygrýnova 1006/21",vyhlaska-hmp-19-2025_via-P6.pdf,2026-01-01
Praha 14,Šromova,,600040577,"Základní škola Generála Janouška, Praha 9 - Černý Most, Dygrýnova 1006/21",vyhlaska-hmp-19-2025_via-P6.pdf,2026-01-01
Praha 14,Anny Čížkové,,600040356,"Základní škola, Praha 9 - Hloubětín, Hloubětínská 700",vyhlaska-hmp-19-2025_via-P6.pdf,2026-01-01
Praha 14,Chvalská,,600040356,"Základní škola, Praha 9 - Hloubětín, Hloubětínská 700",vyhlaska-hmp-19-2025_via-P6.pdf,2026-01-01
Praha 14,Hloubětínská,,600040356,"Základní škola, Praha 9 - Hloubětín, Hloubětínská 700",vyhlaska-hmp-19-2025_via-P6.pdf,2026-01-01
Praha 14,Horoušanská,,600040356,"Základní škola, Praha 9 - Hloubětín, Hloubětínská 700",vyhlaska-hmp-19-2025_via-P6.pdf,2026-01-01
Praha 14,Hostavická,,600040356,"Základní škola, Praha 9 - Hloubětín, Hloubětínská 700",vyhlaska-hmp-19-2025_via-P6.pdf,2026-01-01
Praha 14,K Mototechně,,600040356,"Základní škola, Praha 9 - Hloubětín, Hloubětínská 700",vyhlaska-hmp-19-2025_via-P6.pdf,2026-01-01
Praha 14,Kbelská,pouze na území Prahy 14,600040356,"Základní škola, Praha 9 - Hloubětín, Hloubětínská 700",vyhlaska-hmp-19-2025_via-P6.pdf,2026-01-01
Praha 14,Klánovická,,600040356,"Základní škola, Praha 9 - Hloubětín, Hloubětínská 700",vyhlaska-hmp-19-2025_via-P6.pdf,2026-01-01
Praha 14,Kolbenova,pouze na území Prahy 14,600040356,"Základní škola, Praha 9 - Hloubětín, Hloubětínská 700",vyhlaska-hmp-19-2025_via-P6.pdf,2026-01-01
Praha 14,Konzumní,,600040356,"Základní škola, Praha 9 - Hloubětín, Hloubětínská 700",vyhlaska-hmp-19-2025_via-P6.pdf,2026-01-01
Praha 14,Kyjská,,600040356,"Základní škola, Praha 9 - Hloubětín, Hloubětínská 700",vyhlaska-hmp-19-2025_via-P6.pdf,2026-01-01
Praha 14,Liblická,,600040356,"Základní škola, Praha 9 - Hloubětín, Hloubětínská 700",vyhlaska-hmp-19-2025_via-P6.pdf,2026-01-01
Praha 14,Litošická,,600040356,"Základní škola, Praha 9 - Hloubětín, Hloubětínská 700",vyhlaska-hmp-19-2025_via-P6.pdf,2026-01-01
Praha 14,Milovická,,600040356,"Základní škola, Praha 9 - Hloubětín, Hloubětínská 700",vyhlaska-hmp-19-2025_via-P6.pdf,2026-01-01
Praha 14,Mochovská,,600040356,"Základní škola, Praha 9 - Hloubětín, Hloubětínská 700",vyhlaska-hmp-19-2025_via-P6.pdf,2026-01-01
Praha 14,Na obrátce nám. Ve Starém Hloubětíně Nástrojařská,,600040356,"Základní škola, Praha 9 - Hloubětín, Hloubětínská 700",vyhlaska-hmp-19-2025_via-P6.pdf,2026-01-01
Praha 14,Nehvizdská,,600040356,"Základní škola, Praha 9 - Hloubětín, Hloubětínská 700",vyhlaska-hmp-19-2025_via-P6.pdf,2026-01-01
Praha 14,Pod turnovskou tratí,,600040356,"Základní škola, Praha 9 - Hloubětín, Hloubětínská 700",vyhlaska-hmp-19-2025_via-P6.pdf,2026-01-01
Praha 14,Poděbradská,pouze na území Prahy 14,600040356,"Základní škola, Praha 9 - Hloubětín, Hloubětínská 700",vyhlaska-hmp-19-2025_via-P6.pdf,2026-01-01
Praha 14,Postřižínská,,600040356,"Základní škola, Praha 9 - Hloubětín, Hloubětínská 700",vyhlaska-hmp-19-2025_via-P6.pdf,2026-01-01
Praha 14,Poříčanská,,600040356,"Základní škola, Praha 9 - Hloubětín, Hloubětínská 700",vyhlaska-hmp-19-2025_via-P6.pdf,2026-01-01
Praha 14,Sadská,,600040356,"Základní škola, Praha 9 - Hloubětín, Hloubětínská 700",vyhlaska-hmp-19-2025_via-P6.pdf,2026-01-01
Praha 14,Soustružnická,,600040356,"Základní škola, Praha 9 - Hloubětín, Hloubětínská 700",vyhlaska-hmp-19-2025_via-P6.pdf,2026-01-01
Praha 14,Svépravická,,600040356,"Základní škola, Praha 9 - Hloubětín, Hloubětínská 700",vyhlaska-hmp-19-2025_via-P6.pdf,2026-01-01
Praha 14,U Slavoje,,600040356,"Základní škola, Praha 9 - Hloubětín, Hloubětínská 700",vyhlaska-hmp-19-2025_via-P6.pdf,2026-01-01
Praha 14,V Novém Hloubětíně,,600040356,"Základní škola, Praha 9 - Hloubětín, Hloubětínská 700",vyhlaska-hmp-19-2025_via-P6.pdf,2026-01-01
Praha 14,V chaloupkách,,600040356,"Základní škola, Praha 9 - Hloubětín, Hloubětínská 700",vyhlaska-hmp-19-2025_via-P6.pdf,2026-01-01
Praha 14,V humenci,,600040356,"Základní škola, Praha 9 - Hloubětín, Hloubětínská 700",vyhlaska-hmp-19-2025_via-P6.pdf,2026-01-01
Praha 14,Vaňkova,,600040356,"Základní škola, Praha 9 - Hloubětín, Hloubětínská 700",vyhlaska-hmp-19-2025_via-P6.pdf,2026-01-01
Praha 14,Zelenečská,,600040356,"Základní škola, Praha 9 - Hloubětín, Hloubětínská 700",vyhlaska-hmp-19-2025_via-P6.pdf,2026-01-01
Praha 14,Zálužská,,600040356,"Základní škola, Praha 9 - Hloubětín, Hloubětínská 700",vyhlaska-hmp-19-2025_via-P6.pdf,2026-01-01
Praha 14,Zámečnická,,600040356,"Základní škola, Praha 9 - Hloubětín, Hloubětínská 700",vyhlaska-hmp-19-2025_via-P6.pdf,2026-01-01
Praha 14,Čertouská,,600040356,"Základní škola, Praha 9 - Hloubětín, Hloubětínská 700",vyhlaska-hmp-19-2025_via-P6.pdf,2026-01-01
Praha 14,Šestajovická,,600040356,"Základní škola, Praha 9 - Hloubětín, Hloubětínská 700",vyhlaska-hmp-19-2025_via-P6.pdf,2026-01-01
Praha 14,Štolmířská,,600040356,"Základní škola, Praha 9 - Hloubětín, Hloubětínská 700",vyhlaska-hmp-19-2025_via-P6.pdf,2026-01-01
Praha 14,9. května,,600040364,"Základní škola, Praha 9 - Kyje, Šimanovská 16, příspěvková organizace",vyhlaska-hmp-19-2025_via-P6.pdf,2026-01-01
Praha 14,Aloisovská,pouze na území Prahy 14,600040364,"Základní škola, Praha 9 - Kyje, Šimanovská 16, příspěvková organizace",vyhlaska-hmp-19-2025_via-P6.pdf,2026-01-01
Praha 14,Bajgarova,,600040364,"Základní škola, Praha 9 - Kyje, Šimanovská 16, příspěvková organizace",vyhlaska-hmp-19-2025_via-P6.pdf,2026-01-01
Praha 14,Bartoňkova,,600040364,"Základní škola, Praha 9 - Kyje, Šimanovská 16, příspěvková organizace",vyhlaska-hmp-19-2025_via-P6.pdf,2026-01-01
Praha 14,Baštýřská,,600040364,"Základní škola, Praha 9 - Kyje, Šimanovská 16, příspěvková organizace",vyhlaska-hmp-19-2025_via-P6.pdf,2026-01-01
Praha 14,Bezdrevská,,600040364,"Základní škola, Praha 9 - Kyje, Šimanovská 16, příspěvková organizace",vyhlaska-hmp-19-2025_via-P6.pdf,2026-01-01
Praha 14,Blatecká,,600040364,"Základní škola, Praha 9 - Kyje, Šimanovská 16, příspěvková organizace",vyhlaska-hmp-19-2025_via-P6.pdf,2026-01-01
Praha 14,Borečkova,,600040364,"Základní škola, Praha 9 - Kyje, Šimanovská 16, příspěvková organizace",vyhlaska-hmp-19-2025_via-P6.pdf,2026-01-01
Praha 14,Bošilecká,,600040364,"Základní škola, Praha 9 - Kyje, Šimanovská 16, příspěvková organizace",vyhlaska-hmp-19-2025_via-P6.pdf,2026-01-01
Praha 14,Broumarská,,600040364,"Základní škola, Praha 9 - Kyje, Šimanovská 16, příspěvková organizace",vyhlaska-hmp-19-2025_via-P6.pdf,2026-01-01
Praha 14,Břeclavská,,600040364,"Základní škola, Praha 9 - Kyje, Šimanovská 16, příspěvková organizace",vyhlaska-hmp-19-2025_via-P6.pdf,2026-01-01
Praha 14,Církvičná,,600040364,"Základní škola, Praha 9 - Kyje, Šimanovská 16, příspěvková organizace",vyhlaska-hmp-19-2025_via-P6.pdf,2026-01-01
Praha 14,Doubecká,,600040364,"Základní škola, Praha 9 - Kyje, Šimanovská 16, příspěvková organizace",vyhlaska-hmp-19-2025_via-P6.pdf,2026-01-01
Praha 14,Dvořišťská,,600040364,"Základní škola, Praha 9 - Kyje, Šimanovská 16, příspěvková organizace",vyhlaska-hmp-19-2025_via-P6.pdf,2026-01-01
Praha 14,Dářská,,600040364,"Základní škola, Praha 9 - Kyje, Šimanovská 16, příspěvková organizace",vyhlaska-hmp-19-2025_via-P6.pdf,2026-01-01
Praha 14,Dřínovská,,600040364,"Základní škola, Praha 9 - Kyje, Šimanovská 16, příspěvková organizace",vyhlaska-hmp-19-2025_via-P6.pdf,2026-01-01
Praha 14,Dřítenská,,600040364,"Základní škola, Praha 9 - Kyje, Šimanovská 16, příspěvková organizace",vyhlaska-hmp-19-2025_via-P6.pdf,2026-01-01
Praha 14,Farská,,600040364,"Základní škola, Praha 9 - Kyje, Šimanovská 16, příspěvková organizace",vyhlaska-hmp-19-2025_via-P6.pdf,2026-01-01
Praha 14,Froncova,,600040364,"Základní škola, Praha 9 - Kyje, Šimanovská 16, příspěvková organizace",vyhlaska-hmp-19-2025_via-P6.pdf,2026-01-01
Praha 14,Hamerská,,600040364,"Základní škola, Praha 9 - Kyje, Šimanovská 16, příspěvková organizace",vyhlaska-hmp-19-2025_via-P6.pdf,2026-01-01
Praha 14,Herdovská,,600040364,"Základní škola, Praha 9 - Kyje, Šimanovská 16, příspěvková organizace",vyhlaska-hmp-19-2025_via-P6.pdf,2026-01-01
Praha 14,Hlinská,,600040364,"Základní škola, Praha 9 - Kyje, Šimanovská 16, příspěvková organizace",vyhlaska-hmp-19-2025_via-P6.pdf,2026-01-01
Praha 14,Hlinířská,,600040364,"Základní škola, Praha 9 - Kyje, Šimanovská 16, příspěvková organizace",vyhlaska-hmp-19-2025_via-P6.pdf,2026-01-01
Praha 14,Hodějovská,,600040364,"Základní škola, Praha 9 - Kyje, Šimanovská 16, příspěvková organizace",vyhlaska-hmp-19-2025_via-P6.pdf,2026-01-01
Praha 14,Holenská,,600040364,"Základní škola, Praha 9 - Kyje, Šimanovská 16, příspěvková organizace",vyhlaska-hmp-19-2025_via-P6.pdf,2026-01-01
Praha 14,Horusická,,600040364,"Základní škola, Praha 9 - Kyje, Šimanovská 16, příspěvková organizace",vyhlaska-hmp-19-2025_via-P6.pdf,2026-01-01
Praha 14,Hrabovská,,600040364,"Základní škola, Praha 9 - Kyje, Šimanovská 16, příspěvková organizace",vyhlaska-hmp-19-2025_via-P6.pdf,2026-01-01
Praha 14,Hradečkova,,600040364,"Základní škola, Praha 9 - Kyje, Šimanovská 16, příspěvková organizace",vyhlaska-hmp-19-2025_via-P6.pdf,2026-01-01
Praha 14,Hruškovská,,600040364,"Základní škola, Praha 9 - Kyje, Šimanovská 16, příspěvková organizace",vyhlaska-hmp-19-2025_via-P6.pdf,2026-01-01
Praha 14,Hvozdecká,,600040364,"Základní škola, Praha 9 - Kyje, Šimanovská 16, příspěvková organizace",vyhlaska-hmp-19-2025_via-P6.pdf,2026-01-01
Praha 14,Jakubovská,,600040364,"Základní škola, Praha 9 - Kyje, Šimanovská 16, příspěvková organizace",vyhlaska-hmp-19-2025_via-P6.pdf,2026-01-01
Praha 14,Jamborova,,600040364,"Základní škola, Praha 9 - Kyje, Šimanovská 16, příspěvková organizace",vyhlaska-hmp-19-2025_via-P6.pdf,2026-01-01
Praha 14,Jansova,,600040364,"Základní škola, Praha 9 - Kyje, Šimanovská 16, příspěvková organizace",vyhlaska-hmp-19-2025_via-P6.pdf,2026-01-01
Praha 14,Jednostranná,,600040364,"Základní škola, Praha 9 - Kyje, Šimanovská 16, příspěvková organizace",vyhlaska-hmp-19-2025_via-P6.pdf,2026-01-01
Praha 14,Jezdovická,,600040364,"Základní škola, Praha 9 - Kyje, Šimanovská 16, příspěvková organizace",vyhlaska-hmp-19-2025_via-P6.pdf,2026-01-01
Praha 14,Jindrlovská,,600040364,"Základní škola, Praha 9 - Kyje, Šimanovská 16, příspěvková organizace",vyhlaska-hmp-19-2025_via-P6.pdf,2026-01-01
Praha 14,K Rokytce,,600040364,"Základní škola, Praha 9 - Kyje, Šimanovská 16, příspěvková organizace",vyhlaska-hmp-19-2025_via-P6.pdf,2026-01-01
Praha 14,K luhu,,600040364,"Základní škola, Praha 9 - Kyje, Šimanovská 16, příspěvková organizace",vyhlaska-hmp-19-2025_via-P6.pdf,2026-01-01
Praha 14,Kališťská,,600040364,"Základní škola, Praha 9 - Kyje, Šimanovská 16, příspěvková organizace",vyhlaska-hmp-19-2025_via-P6.pdf,2026-01-01
Praha 14,Kamencová,,600040364,"Základní škola, Praha 9 - Kyje, Šimanovská 16, příspěvková organizace",vyhlaska-hmp-19-2025_via-P6.pdf,2026-01-01
Praha 14,Kaňovská,,600040364,"Základní škola, Praha 9 - Kyje, Šimanovská 16, příspěvková organizace",vyhlaska-hmp-19-2025_via-P6.pdf,2026-01-01
Praha 14,Koberkova,,600040364,"Základní škola, Praha 9 - Kyje, Šimanovská 16, příspěvková organizace",vyhlaska-hmp-19-2025_via-P6.pdf,2026-01-01
Praha 14,Koclířovská,,600040364,"Základní škola, Praha 9 - Kyje, Šimanovská 16, příspěvková organizace",vyhlaska-hmp-19-2025_via-P6.pdf,2026-01-01
Praha 14,Kostlivého,,600040364,"Základní škola, Praha 9 - Kyje, Šimanovská 16, příspěvková organizace",vyhlaska-hmp-19-2025_via-P6.pdf,2026-01-01
Praha 14,Krčínovo náměstí,,600040364,"Základní škola, Praha 9 - Kyje, Šimanovská 16, příspěvková organizace",vyhlaska-hmp-19-2025_via-P6.pdf,2026-01-01
Praha 14,Kubaštova,,600040364,"Základní škola, Praha 9 - Kyje, Šimanovská 16, příspěvková organizace",vyhlaska-hmp-19-2025_via-P6.pdf,2026-01-01
Praha 14,Labuťská,,600040364,"Základní škola, Praha 9 - Kyje, Šimanovská 16, příspěvková organizace",vyhlaska-hmp-19-2025_via-P6.pdf,2026-01-01
Praha 14,Langweilova,,600040364,"Základní škola, Praha 9 - Kyje, Šimanovská 16, příspěvková organizace",vyhlaska-hmp-19-2025_via-P6.pdf,2026-01-01
Praha 14,Lednická,,600040364,"Základní škola, Praha 9 - Kyje, Šimanovská 16, příspěvková organizace",vyhlaska-hmp-19-2025_via-P6.pdf,2026-01-01
Praha 14,Lipenské náměstí,,600040364,"Základní škola, Praha 9 - Kyje, Šimanovská 16, příspěvková organizace",vyhlaska-hmp-19-2025_via-P6.pdf,2026-01-01
Praha 14,Lomnická,,600040364,"Základní škola, Praha 9 - Kyje, Šimanovská 16, příspěvková organizace",vyhlaska-hmp-19-2025_via-P6.pdf,2026-01-01
Praha 14,Loužecká,,600040364,"Základní škola, Praha 9 - Kyje, Šimanovská 16, příspěvková organizace",vyhlaska-hmp-19-2025_via-P6.pdf,2026-01-01
Praha 14,Lucinková,,600040364,"Základní škola, Praha 9 - Kyje, Šimanovská 16, příspěvková organizace",vyhlaska-hmp-19-2025_via-P6.pdf,2026-01-01
Praha 14,Lánská,,600040364,"Základní škola, Praha 9 - Kyje, Šimanovská 16, příspěvková organizace",vyhlaska-hmp-19-2025_via-P6.pdf,2026-01-01
Praha 14,Malšovské náměstí,,600040364,"Základní škola, Praha 9 - Kyje, Šimanovská 16, příspěvková organizace",vyhlaska-hmp-19-2025_via-P6.pdf,2026-01-01
Praha 14,Manželů Dostálových,,600040364,"Základní škola, Praha 9 - Kyje, Šimanovská 16, příspěvková organizace",vyhlaska-hmp-19-2025_via-P6.pdf,2026-01-01
Praha 14,Matenská,,600040364,"Základní škola, Praha 9 - Kyje, Šimanovská 16, příspěvková organizace",vyhlaska-hmp-19-2025_via-P6.pdf,2026-01-01
Praha 14,Medlovská,,600040364,"Základní škola, Praha 9 - Kyje, Šimanovská 16, příspěvková organizace",vyhlaska-hmp-19-2025_via-P6.pdf,2026-01-01
Praha 14,Minaříkova,,600040364,"Základní škola, Praha 9 - Kyje, Šimanovská 16, příspěvková organizace",vyhlaska-hmp-19-2025_via-P6.pdf,2026-01-01
Praha 14,Morušová,,600040364,"Základní škola, Praha 9 - Kyje, Šimanovská 16, příspěvková organizace",vyhlaska-hmp-19-2025_via-P6.pdf,2026-01-01
Praha 14,Munická,,600040364,"Základní škola, Praha 9 - Kyje, Šimanovská 16, příspěvková organizace",vyhlaska-hmp-19-2025_via-P6.pdf,2026-01-01
Praha 14,Mílovská,,600040364,"Základní škola, Praha 9 - Kyje, Šimanovská 16, příspěvková organizace",vyhlaska-hmp-19-2025_via-P6.pdf,2026-01-01
Praha 14,Nedokončená,,600040364,"Základní škola, Praha 9 - Kyje, Šimanovská 16, příspěvková organizace",vyhlaska-hmp-19-2025_via-P6.pdf,2026-01-01
Praha 14,Nežárská,,600040364,"Základní škola, Praha 9 - Kyje, Šimanovská 16, příspěvková organizace",vyhlaska-hmp-19-2025_via-P6.pdf,2026-01-01
Praha 14,Novozámecká,,600040364,"Základní škola, Praha 9 - Kyje, Šimanovská 16, příspěvková organizace",vyhlaska-hmp-19-2025_via-P6.pdf,2026-01-01
Praha 14,Objízdná,,600040364,"Základní škola, Praha 9 - Kyje, Šimanovská 16, příspěvková organizace",vyhlaska-hmp-19-2025_via-P6.pdf,2026-01-01
Praha 14,Oborská,,600040364,"Základní škola, Praha 9 - Kyje, Šimanovská 16, příspěvková organizace",vyhlaska-hmp-19-2025_via-P6.pdf,2026-01-01
Praha 14,Okrajová,,600040364,"Základní škola, Praha 9 - Kyje, Šimanovská 16, příspěvková organizace",vyhlaska-hmp-19-2025_via-P6.pdf,2026-01-01
Praha 14,Olšinská,,600040364,"Základní škola, Praha 9 - Kyje, Šimanovská 16, příspěvková organizace",vyhlaska-hmp-19-2025_via-P6.pdf,2026-01-01
Praha 14,Osetá,,600040364,"Základní škola, Praha 9 - Kyje, Šimanovská 16, příspěvková organizace",vyhlaska-hmp-19-2025_via-P6.pdf,2026-01-01
Praha 14,Osická,,600040364,"Základní škola, Praha 9 - Kyje, Šimanovská 16, příspěvková organizace",vyhlaska-hmp-19-2025_via-P6.pdf,2026-01-01
Praha 14,Panenská,,600040364,"Základní škola, Praha 9 - Kyje, Šimanovská 16, příspěvková organizace",vyhlaska-hmp-19-2025_via-P6.pdf,2026-01-01
Praha 14,Park Československých Legionářů,,600040364,"Základní škola, Praha 9 - Kyje, Šimanovská 16, příspěvková organizace",vyhlaska-hmp-19-2025_via-P6.pdf,2026-01-01
Praha 14,Pasecká,,600040364,"Základní škola, Praha 9 - Kyje, Šimanovská 16, příspěvková organizace",vyhlaska-hmp-19-2025_via-P6.pdf,2026-01-01
Praha 14,Pilská,,600040364,"Základní škola, Praha 9 - Kyje, Šimanovská 16, příspěvková organizace",vyhlaska-hmp-19-2025_via-P6.pdf,2026-01-01
Praha 14,Plumlovská,,600040364,"Základní škola, Praha 9 - Kyje, Šimanovská 16, příspěvková organizace",vyhlaska-hmp-19-2025_via-P6.pdf,2026-01-01
Praha 14,Podedvorská,,600040364,"Základní škola, Praha 9 - Kyje, Šimanovská 16, příspěvková organizace",vyhlaska-hmp-19-2025_via-P6.pdf,2026-01-01
Praha 14,Podlišovská,,600040364,"Základní škola, Praha 9 - Kyje, Šimanovská 16, příspěvková organizace",vyhlaska-hmp-19-2025_via-P6.pdf,2026-01-01
Praha 14,Postlova,,600040364,"Základní škola, Praha 9 - Kyje, Šimanovská 16, příspěvková organizace",vyhlaska-hmp-19-2025_via-P6.pdf,2026-01-01
Praha 14,Prelátská,,600040364,"Základní škola, Praha 9 - Kyje, Šimanovská 16, příspěvková organizace",vyhlaska-hmp-19-2025_via-P6.pdf,2026-01-01
Praha 14,Průmyslová,,600040364,"Základní škola, Praha 9 - Kyje, Šimanovská 16, příspěvková organizace",vyhlaska-hmp-19-2025_via-P6.pdf,2026-01-01
Praha 14,Pávovské náměstí,,600040364,"Základní škola, Praha 9 - Kyje, Šimanovská 16, příspěvková organizace",vyhlaska-hmp-19-2025_via-P6.pdf,2026-01-01
Praha 14,Písčitá,,600040364,"Základní škola, Praha 9 - Kyje, Šimanovská 16, příspěvková organizace",vyhlaska-hmp-19-2025_via-P6.pdf,2026-01-01
Praha 14,Radovská,,600040364,"Základní škola, Praha 9 - Kyje, Šimanovská 16, příspěvková organizace",vyhlaska-hmp-19-2025_via-P6.pdf,2026-01-01
Praha 14,Rožmberská,,600040364,"Základní škola, Praha 9 - Kyje, Šimanovská 16, příspěvková organizace",vyhlaska-hmp-19-2025_via-P6.pdf,2026-01-01
Praha 14,Slavatova,,600040364,"Základní škola, Praha 9 - Kyje, Šimanovská 16, příspěvková organizace",vyhlaska-hmp-19-2025_via-P6.pdf,2026-01-01
Praha 14,Spolská,,600040364,"Základní škola, Praha 9 - Kyje, Šimanovská 16, příspěvková organizace",vyhlaska-hmp-19-2025_via-P6.pdf,2026-01-01
Praha 14,Staňkovská,,600040364,"Základní škola, Praha 9 - Kyje, Šimanovská 16, příspěvková organizace",vyhlaska-hmp-19-2025_via-P6.pdf,2026-01-01
Praha 14,Stružná,,600040364,"Základní škola, Praha 9 - Kyje, Šimanovská 16, příspěvková organizace",vyhlaska-hmp-19-2025_via-P6.pdf,2026-01-01
Praha 14,Stupská,,600040364,"Základní škola, Praha 9 - Kyje, Šimanovská 16, příspěvková organizace",vyhlaska-hmp-19-2025_via-P6.pdf,2026-01-01
Praha 14,Sýkovecká,,600040364,"Základní škola, Praha 9 - Kyje, Šimanovská 16, příspěvková organizace",vyhlaska-hmp-19-2025_via-P6.pdf,2026-01-01
Praha 14,Teplárenská,,600040364,"Základní škola, Praha 9 - Kyje, Šimanovská 16, příspěvková organizace",vyhlaska-hmp-19-2025_via-P6.pdf,2026-01-01
Praha 14,Tovarova,,600040364,"Základní škola, Praha 9 - Kyje, Šimanovská 16, příspěvková organizace",vyhlaska-hmp-19-2025_via-P6.pdf,2026-01-01
Praha 14,Travná,,600040364,"Základní škola, Praha 9 - Kyje, Šimanovská 16, příspěvková organizace",vyhlaska-hmp-19-2025_via-P6.pdf,2026-01-01
Praha 14,Tulkova,,600040364,"Základní škola, Praha 9 - Kyje, Šimanovská 16, příspěvková organizace",vyhlaska-hmp-19-2025_via-P6.pdf,2026-01-01
Praha 14,Tálínská,,600040364,"Základní škola, Praha 9 - Kyje, Šimanovská 16, příspěvková organizace",vyhlaska-hmp-19-2025_via-P6.pdf,2026-01-01
Praha 14,Třešňová,,600040364,"Základní škola, Praha 9 - Kyje, Šimanovská 16, příspěvková organizace",vyhlaska-hmp-19-2025_via-P6.pdf,2026-01-01
Praha 14,U Hostavického potoka,,600040364,"Základní škola, Praha 9 - Kyje, Šimanovská 16, příspěvková organizace",vyhlaska-hmp-19-2025_via-P6.pdf,2026-01-01
Praha 14,U Technoplynu,,600040364,"Základní škola, Praha 9 - Kyje, Šimanovská 16, příspěvková organizace",vyhlaska-hmp-19-2025_via-P6.pdf,2026-01-01
Praha 14,U rybníka,,600040364,"Základní škola, Praha 9 - Kyje, Šimanovská 16, příspěvková organizace",vyhlaska-hmp-19-2025_via-P6.pdf,2026-01-01
Praha 14,V Ráji,,600040364,"Základní škola, Praha 9 - Kyje, Šimanovská 16, příspěvková organizace",vyhlaska-hmp-19-2025_via-P6.pdf,2026-01-01
Praha 14,Velkoborská,,600040364,"Základní škola, Praha 9 - Kyje, Šimanovská 16, příspěvková organizace",vyhlaska-hmp-19-2025_via-P6.pdf,2026-01-01
Praha 14,Vidlák,,600040364,"Základní škola, Praha 9 - Kyje, Šimanovská 16, příspěvková organizace",vyhlaska-hmp-19-2025_via-P6.pdf,2026-01-01
Praha 14,Vlkovická,,600040364,"Základní škola, Praha 9 - Kyje, Šimanovská 16, příspěvková organizace",vyhlaska-hmp-19-2025_via-P6.pdf,2026-01-01
Praha 14,Vokřínská,,600040364,"Základní škola, Praha 9 - Kyje, Šimanovská 16, příspěvková organizace",vyhlaska-hmp-19-2025_via-P6.pdf,2026-01-01
Praha 14,Vrbenská,,600040364,"Základní škola, Praha 9 - Kyje, Šimanovská 16, příspěvková organizace",vyhlaska-hmp-19-2025_via-P6.pdf,2026-01-01
Praha 14,Včelničná,,600040364,"Základní škola, Praha 9 - Kyje, Šimanovská 16, příspěvková organizace",vyhlaska-hmp-19-2025_via-P6.pdf,2026-01-01
Praha 14,Za Rokytkou,,600040364,"Základní škola, Praha 9 - Kyje, Šimanovská 16, příspěvková organizace",vyhlaska-hmp-19-2025_via-P6.pdf,2026-01-01
Praha 14,Za horou,,600040364,"Základní škola, Praha 9 - Kyje, Šimanovská 16, příspěvková organizace",vyhlaska-hmp-19-2025_via-P6.pdf,2026-01-01
Praha 14,Za školou,,600040364,"Základní škola, Praha 9 - Kyje, Šimanovská 16, příspěvková organizace",vyhlaska-hmp-19-2025_via-P6.pdf,2026-01-01
Praha 14,Zacharská,,600040364,"Základní škola, Praha 9 - Kyje, Šimanovská 16, příspěvková organizace",vyhlaska-hmp-19-2025_via-P6.pdf,2026-01-01
Praha 14,Zalinská,,600040364,"Základní škola, Praha 9 - Kyje, Šimanovská 16, příspěvková organizace",vyhlaska-hmp-19-2025_via-P6.pdf,2026-01-01
Praha 14,Zvíkovská,,600040364,"Základní škola, Praha 9 - Kyje, Šimanovská 16, příspěvková organizace",vyhlaska-hmp-19-2025_via-P6.pdf,2026-01-01
Praha 14,Záblatská,,600040364,"Základní škola, Praha 9 - Kyje, Šimanovská 16, příspěvková organizace",vyhlaska-hmp-19-2025_via-P6.pdf,2026-01-01
Praha 14,náměstí Zdenky Braunerové,,600040364,"Základní škola, Praha 9 - Kyje, Šimanovská 16, příspěvková organizace",vyhlaska-hmp-19-2025_via-P6.pdf,2026-01-01
Praha 14,Českobrodská,pouze na území Prahy 14,600040364,"Základní škola, Praha 9 - Kyje, Šimanovská 16, příspěvková organizace",vyhlaska-hmp-19-2025_via-P6.pdf,2026-01-01
Praha 14,Čeňkova,,600040364,"Základní škola, Praha 9 - Kyje, Šimanovská 16, příspěvková organizace",vyhlaska-hmp-19-2025_via-P6.pdf,2026-01-01
Praha 14,Šemberova,,600040364,"Základní škola, Praha 9 - Kyje, Šimanovská 16, příspěvková organizace",vyhlaska-hmp-19-2025_via-P6.pdf,2026-01-01
Praha 14,Šimanovská,,600040364,"Základní škola, Praha 9 - Kyje, Šimanovská 16, příspěvková organizace",vyhlaska-hmp-19-2025_via-P6.pdf,2026-01-01
Praha 14,Švestková,,600040364,"Základní škola, Praha 9 - Kyje, Šimanovská 16, příspěvková organizace",vyhlaska-hmp-19-2025_via-P6.pdf,2026-01-01
Praha 14,Babylonská,,600040585,"Základní škola, Praha 9 - Lehovec, Chvaletická 918",vyhlaska-hmp-19-2025_via-P6.pdf,2026-01-01
Praha 14,Bodláková,,600040585,"Základní škola, Praha 9 - Lehovec, Chvaletická 918",vyhlaska-hmp-19-2025_via-P6.pdf,2026-01-01
Praha 14,Bojínková,,600040585,"Základní škola, Praha 9 - Lehovec, Chvaletická 918",vyhlaska-hmp-19-2025_via-P6.pdf,2026-01-01
Praha 14,Borská,,600040585,"Základní škola, Praha 9 - Lehovec, Chvaletická 918",vyhlaska-hmp-19-2025_via-P6.pdf,2026-01-01
Praha 14,Branská,,600040585,"Základní škola, Praha 9 - Lehovec, Chvaletická 918",vyhlaska-hmp-19-2025_via-P6.pdf,2026-01-01
Praha 14,Burdova,,600040585,"Základní škola, Praha 9 - Lehovec, Chvaletická 918",vyhlaska-hmp-19-2025_via-P6.pdf,2026-01-01
Praha 14,Chvaletická,,600040585,"Základní škola, Praha 9 - Lehovec, Chvaletická 918",vyhlaska-hmp-19-2025_via-P6.pdf,2026-01-01
Praha 14,Cidlinská,,600040585,"Základní škola, Praha 9 - Lehovec, Chvaletická 918",vyhlaska-hmp-19-2025_via-P6.pdf,2026-01-01
Praha 14,Cvrčkova,,600040585,"Základní škola, Praha 9 - Lehovec, Chvaletická 918",vyhlaska-hmp-19-2025_via-P6.pdf,2026-01-01
Praha 14,Hajní,,600040585,"Základní škola, Praha 9 - Lehovec, Chvaletická 918",vyhlaska-hmp-19-2025_via-P6.pdf,2026-01-01
Praha 14,Hejtmanská,,600040585,"Základní škola, Praha 9 - Lehovec, Chvaletická 918",vyhlaska-hmp-19-2025_via-P6.pdf,2026-01-01
Praha 14,Hůrská,,600040585,"Základní škola, Praha 9 - Lehovec, Chvaletická 918",vyhlaska-hmp-19-2025_via-P6.pdf,2026-01-01
Praha 14,Jamská,,600040585,"Základní škola, Praha 9 - Lehovec, Chvaletická 918",vyhlaska-hmp-19-2025_via-P6.pdf,2026-01-01
Praha 14,Jaroslavická,,600040585,"Základní škola, Praha 9 - Lehovec, Chvaletická 918",vyhlaska-hmp-19-2025_via-P6.pdf,2026-01-01
Praha 14,Jordánská,,600040585,"Základní škola, Praha 9 - Lehovec, Chvaletická 918",vyhlaska-hmp-19-2025_via-P6.pdf,2026-01-01
Praha 14,K Hutím,,600040585,"Základní škola, Praha 9 - Lehovec, Chvaletická 918",vyhlaska-hmp-19-2025_via-P6.pdf,2026-01-01
Praha 14,K viaduktu,,600040585,"Základní škola, Praha 9 - Lehovec, Chvaletická 918",vyhlaska-hmp-19-2025_via-P6.pdf,2026-01-01
Praha 14,Kardašovská,,600040585,"Základní škola, Praha 9 - Lehovec, Chvaletická 918",vyhlaska-hmp-19-2025_via-P6.pdf,2026-01-01
Praha 14,Knínická,,600040585,"Základní škola, Praha 9 - Lehovec, Chvaletická 918",vyhlaska-hmp-19-2025_via-P6.pdf,2026-01-01
Praha 14,Krylovecká,,600040585,"Základní škola, Praha 9 - Lehovec, Chvaletická 918",vyhlaska-hmp-19-2025_via-P6.pdf,2026-01-01
Praha 14,Kukelská,,600040585,"Základní škola, Praha 9 - Lehovec, Chvaletická 918",vyhlaska-hmp-19-2025_via-P6.pdf,2026-01-01
Praha 14,Lehovecká,,600040585,"Základní škola, Praha 9 - Lehovec, Chvaletická 918",vyhlaska-hmp-19-2025_via-P6.pdf,2026-01-01
Praha 14,Lipnická,,600040585,"Základní škola, Praha 9 - Lehovec, Chvaletická 918",vyhlaska-hmp-19-2025_via-P6.pdf,2026-01-01
Praha 14,Lužní,,600040585,"Základní škola, Praha 9 - Lehovec, Chvaletická 918",vyhlaska-hmp-19-2025_via-P6.pdf,2026-01-01
Praha 14,Lásenická,,600040585,"Základní škola, Praha 9 - Lehovec, Chvaletická 918",vyhlaska-hmp-19-2025_via-P6.pdf,2026-01-01
Praha 14,Maršovská,,600040585,"Základní škola, Praha 9 - Lehovec, Chvaletická 918",vyhlaska-hmp-19-2025_via-P6.pdf,2026-01-01
Praha 14,Metujská,,600040585,"Základní škola, Praha 9 - Lehovec, Chvaletická 918",vyhlaska-hmp-19-2025_via-P6.pdf,2026-01-01
Praha 14,Nad Hutěmi,,600040585,"Základní škola, Praha 9 - Lehovec, Chvaletická 918",vyhlaska-hmp-19-2025_via-P6.pdf,2026-01-01
Praha 14,Nedvědická,,600040585,"Základní škola, Praha 9 - Lehovec, Chvaletická 918",vyhlaska-hmp-19-2025_via-P6.pdf,2026-01-01
Praha 14,Okrouhlíkova,,600040585,"Základní škola, Praha 9 - Lehovec, Chvaletická 918",vyhlaska-hmp-19-2025_via-P6.pdf,2026-01-01
Praha 14,Ovsíková,,600040585,"Základní škola, Praha 9 - Lehovec, Chvaletická 918",vyhlaska-hmp-19-2025_via-P6.pdf,2026-01-01
Praha 14,Pelušková,,600040585,"Základní škola, Praha 9 - Lehovec, Chvaletická 918",vyhlaska-hmp-19-2025_via-P6.pdf,2026-01-01
Praha 14,Pivoňská,,600040585,"Základní škola, Praha 9 - Lehovec, Chvaletická 918",vyhlaska-hmp-19-2025_via-P6.pdf,2026-01-01
Praha 14,Pýrová,,600040585,"Základní škola, Praha 9 - Lehovec, Chvaletická 918",vyhlaska-hmp-19-2025_via-P6.pdf,2026-01-01
Praha 14,Rochovská,,600040585,"Základní škola, Praha 9 - Lehovec, Chvaletická 918",vyhlaska-hmp-19-2025_via-P6.pdf,2026-01-01
Praha 14,Rolní,,600040585,"Základní škola, Praha 9 - Lehovec, Chvaletická 918",vyhlaska-hmp-19-2025_via-P6.pdf,2026-01-01
Praha 14,Rotenská,,600040585,"Základní škola, Praha 9 - Lehovec, Chvaletická 918",vyhlaska-hmp-19-2025_via-P6.pdf,2026-01-01
Praha 14,Sklenská,,600040585,"Základní škola, Praha 9 - Lehovec, Chvaletická 918",vyhlaska-hmp-19-2025_via-P6.pdf,2026-01-01
Praha 14,Skryjská,,600040585,"Základní škola, Praha 9 - Lehovec, Chvaletická 918",vyhlaska-hmp-19-2025_via-P6.pdf,2026-01-01
Praha 14,Slévačská,,600040585,"Základní škola, Praha 9 - Lehovec, Chvaletická 918",vyhlaska-hmp-19-2025_via-P6.pdf,2026-01-01
Praha 14,Splavná,,600040585,"Základní škola, Praha 9 - Lehovec, Chvaletická 918",vyhlaska-hmp-19-2025_via-P6.pdf,2026-01-01
Praha 14,Stropnická,,600040585,"Základní škola, Praha 9 - Lehovec, Chvaletická 918",vyhlaska-hmp-19-2025_via-P6.pdf,2026-01-01
Praha 14,Stružky,,600040585,"Základní škola, Praha 9 - Lehovec, Chvaletická 918",vyhlaska-hmp-19-2025_via-P6.pdf,2026-01-01
Praha 14,Stulíková,,600040585,"Základní škola, Praha 9 - Lehovec, Chvaletická 918",vyhlaska-hmp-19-2025_via-P6.pdf,2026-01-01
Praha 14,Svárovská,,600040585,"Základní škola, Praha 9 - Lehovec, Chvaletická 918",vyhlaska-hmp-19-2025_via-P6.pdf,2026-01-01
Praha 14,Světská,,600040585,"Základní škola, Praha 9 - Lehovec, Chvaletická 918",vyhlaska-hmp-19-2025_via-P6.pdf,2026-01-01
Praha 14,Sádovská,,600040585,"Základní škola, Praha 9 - Lehovec, Chvaletická 918",vyhlaska-hmp-19-2025_via-P6.pdf,2026-01-01
Praha 14,Těrlická,,600040585,"Základní škola, Praha 9 - Lehovec, Chvaletická 918",vyhlaska-hmp-19-2025_via-P6.pdf,2026-01-01
Praha 14,U Jamské,,600040585,"Základní škola, Praha 9 - Lehovec, Chvaletická 918",vyhlaska-hmp-19-2025_via-P6.pdf,2026-01-01
Praha 14,U Járku,,600040585,"Základní škola, Praha 9 - Lehovec, Chvaletická 918",vyhlaska-hmp-19-2025_via-P6.pdf,2026-01-01
Praha 14,Vajgarská,,600040585,"Základní škola, Praha 9 - Lehovec, Chvaletická 918",vyhlaska-hmp-19-2025_via-P6.pdf,2026-01-01
Praha 14,Vizovická,,600040585,"Základní škola, Praha 9 - Lehovec, Chvaletická 918",vyhlaska-hmp-19-2025_via-P6.pdf,2026-01-01
Praha 14,Vranovská,,600040585,"Základní škola, Praha 9 - Lehovec, Chvaletická 918",vyhlaska-hmp-19-2025_via-P6.pdf,2026-01-01
Praha 14,Vírská,,600040585,"Základní škola, Praha 9 - Lehovec, Chvaletická 918",vyhlaska-hmp-19-2025_via-P6.pdf,2026-01-01
Praha 14,Za černým mostem,,600040585,"Základní škola, Praha 9 - Lehovec, Chvaletická 918",vyhlaska-hmp-19-2025_via-P6.pdf,2026-01-01
Praha 14,Zdobnická,,600040585,"Základní škola, Praha 9 - Lehovec, Chvaletická 918",vyhlaska-hmp-19-2025_via-P6.pdf,2026-01-01
Praha 14,Černičná,,600040585,"Základní škola, Praha 9 - Lehovec, Chvaletická 918",vyhlaska-hmp-19-2025_via-P6.pdf,2026-01-01
Praha 14,Římovská,,600040585,"Základní škola, Praha 9 - Lehovec, Chvaletická 918",vyhlaska-hmp-19-2025_via-P6.pdf,2026-01-01
Praha 14,Žehuňská,,600040585,"Základní škola, Praha 9 - Lehovec, Chvaletická 918",vyhlaska-hmp-19-2025_via-P6.pdf,2026-01-01
Praha 14,Želivská,,600040585,"Základní škola, Praha 9 - Lehovec, Chvaletická 918",vyhlaska-hmp-19-2025_via-P6.pdf,2026-01-01
Praha 14,Žárská,,600040585,"Základní škola, Praha 9 - Lehovec, Chvaletická 918",vyhlaska-hmp-19-2025_via-P6.pdf,2026-01-01
Praha 14,Blatská,,600040496,"Základní škola, Praha 9 - Černý Most, Bří. Venclíků 1140",vyhlaska-hmp-19-2025_via-P6.pdf,2026-01-01
Praha 14,Bojčenkova,,600040496,"Základní škola, Praha 9 - Černý Most, Bří. Venclíků 1140",vyhlaska-hmp-19-2025_via-P6.pdf,2026-01-01
Praha 14,Bouřilova,,600040496,"Základní škola, Praha 9 - Černý Most, Bří. Venclíků 1140",vyhlaska-hmp-19-2025_via-P6.pdf,2026-01-01
Praha 14,Bratří Venclíků,,600040496,"Základní škola, Praha 9 - Černý Most, Bří. Venclíků 1140",vyhlaska-hmp-19-2025_via-P6.pdf,2026-01-01
Praha 14,Chlumecká,,600040496,"Základní škola, Praha 9 - Černý Most, Bří. Venclíků 1140",vyhlaska-hmp-19-2025_via-P6.pdf,2026-01-01
Praha 14,Cíglerova,,600040496,"Základní škola, Praha 9 - Černý Most, Bří. Venclíků 1140",vyhlaska-hmp-19-2025_via-P6.pdf,2026-01-01
Praha 14,Davidovičova,,600040496,"Základní škola, Praha 9 - Černý Most, Bří. Venclíků 1140",vyhlaska-hmp-19-2025_via-P6.pdf,2026-01-01
Praha 14,Deutschova,,600040496,"Základní škola, Praha 9 - Černý Most, Bří. Venclíků 1140",vyhlaska-hmp-19-2025_via-P6.pdf,2026-01-01
Praha 14,Farkašova,,600040496,"Základní škola, Praha 9 - Černý Most, Bří. Venclíků 1140",vyhlaska-hmp-19-2025_via-P6.pdf,2026-01-01
Praha 14,Federova,,600040496,"Základní škola, Praha 9 - Černý Most, Bří. Venclíků 1140",vyhlaska-hmp-19-2025_via-P6.pdf,2026-01-01
Praha 14,Kačínská,,600040496,"Základní škola, Praha 9 - Černý Most, Bří. Venclíků 1140",vyhlaska-hmp-19-2025_via-P6.pdf,2026-01-01
Praha 14,Koclířova,,600040496,"Základní škola, Praha 9 - Černý Most, Bří. Venclíků 1140",vyhlaska-hmp-19-2025_via-P6.pdf,2026-01-01
Praha 14,Mladoboleslavská,,600040496,"Základní škola, Praha 9 - Černý Most, Bří. Venclíků 1140",vyhlaska-hmp-19-2025_via-P6.pdf,2026-01-01
Praha 14,Paculova,,600040496,"Základní škola, Praha 9 - Černý Most, Bří. Venclíků 1140",vyhlaska-hmp-19-2025_via-P6.pdf,2026-01-01
Praha 14,Pospíchalova,,600040496,"Základní škola, Praha 9 - Černý Most, Bří. Venclíků 1140",vyhlaska-hmp-19-2025_via-P6.pdf,2026-01-01
Praha 14,Ronešova,,600040496,"Základní škola, Praha 9 - Černý Most, Bří. Venclíků 1140",vyhlaska-hmp-19-2025_via-P6.pdf,2026-01-01
Praha 14,Sicherova,,600040496,"Základní škola, Praha 9 - Černý Most, Bří. Venclíků 1140",vyhlaska-hmp-19-2025_via-P6.pdf,2026-01-01
Praha 14,Skorkovská,,600040496,"Základní škola, Praha 9 - Černý Most, Bří. Venclíků 1140",vyhlaska-hmp-19-2025_via-P6.pdf,2026-01-01
Praha 14,Svatojánská,,600040496,"Základní škola, Praha 9 - Černý Most, Bří. Venclíků 1140",vyhlaska-hmp-19-2025_via-P6.pdf,2026-01-01
Praha 14,Trytova,,600040496,"Základní škola, Praha 9 - Černý Most, Bří. Venclíků 1140",vyhlaska-hmp-19-2025_via-P6.pdf,2026-01-01
Praha 14,Vlčkova,,600040496,"Základní škola, Praha 9 - Černý Most, Bří. Venclíků 1140",vyhlaska-hmp-19-2025_via-P6.pdf,2026-01-01
Praha 14,Vodňanská,,600040496,"Základní škola, Praha 9 - Černý Most, Bří. Venclíků 1140",vyhlaska-hmp-19-2025_via-P6.pdf,2026-01-01
Praha 14,Volkova,,600040496,"Základní škola, Praha 9 - Černý Most, Bří. Venclíků 1140",vyhlaska-hmp-19-2025_via-P6.pdf,2026-01-01
Praha 14,Arnošta Valenty,,600040381,"Základní škola, Praha 9 - Černý Most, Vybíralova 964",vyhlaska-hmp-19-2025_via-P6.pdf,2026-01-01
Praha 14,Bobkova,,600040381,"Základní škola, Praha 9 - Černý Most, Vybíralova 964",vyhlaska-hmp-19-2025_via-P6.pdf,2026-01-01
Praha 14,Breitcetlova,,600040381,"Základní škola, Praha 9 - Černý Most, Vybíralova 964",vyhlaska-hmp-19-2025_via-P6.pdf,2026-01-01
Praha 14,Bryksova,,600040381,"Základní škola, Praha 9 - Černý Most, Vybíralova 964",vyhlaska-hmp-19-2025_via-P6.pdf,2026-01-01
Praha 14,Fejfarova,,600040381,"Základní škola, Praha 9 - Černý Most, Vybíralova 964",vyhlaska-hmp-19-2025_via-P6.pdf,2026-01-01
Praha 14,Františkova,,600040381,"Základní škola, Praha 9 - Černý Most, Vybíralova 964",vyhlaska-hmp-19-2025_via-P6.pdf,2026-01-01
Praha 14,Hlaďova,,600040381,"Základní škola, Praha 9 - Černý Most, Vybíralova 964",vyhlaska-hmp-19-2025_via-P6.pdf,2026-01-01
Praha 14,Irvingova,,600040381,"Základní škola, Praha 9 - Černý Most, Vybíralova 964",vyhlaska-hmp-19-2025_via-P6.pdf,2026-01-01
Praha 14,Kostrbova,,600040381,"Základní škola, Praha 9 - Černý Most, Vybíralova 964",vyhlaska-hmp-19-2025_via-P6.pdf,2026-01-01
Praha 14,Kpt. Stránského,,600040381,"Základní škola, Praha 9 - Černý Most, Vybíralova 964",vyhlaska-hmp-19-2025_via-P6.pdf,2026-01-01
Praha 14,Kuttelwascherova,,600040381,"Základní škola, Praha 9 - Černý Most, Vybíralova 964",vyhlaska-hmp-19-2025_via-P6.pdf,2026-01-01
Praha 14,Kučerova,,600040381,"Základní škola, Praha 9 - Černý Most, Vybíralova 964",vyhlaska-hmp-19-2025_via-P6.pdf,2026-01-01
Praha 14,Mansfeldova,,600040381,"Základní škola, Praha 9 - Černý Most, Vybíralova 964",vyhlaska-hmp-19-2025_via-P6.pdf,2026-01-01
Praha 14,Marešova,,600040381,"Základní škola, Praha 9 - Černý Most, Vybíralova 964",vyhlaska-hmp-19-2025_via-P6.pdf,2026-01-01
Praha 14,Maňákova,,600040381,"Základní škola, Praha 9 - Černý Most, Vybíralova 964",vyhlaska-hmp-19-2025_via-P6.pdf,2026-01-01
Praha 14,Ocelkova,,600040381,"Základní škola, Praha 9 - Černý Most, Vybíralova 964",vyhlaska-hmp-19-2025_via-P6.pdf,2026-01-01
Praha 14,Vybíralova,,600040381,"Základní škola, Praha 9 - Černý Most, Vybíralova 964",vyhlaska-hmp-19-2025_via-P6.pdf,2026-01-01
Praha 14,náměstí Plukovníka Vlčka,,600040381,"Základní škola, Praha 9 - Černý Most, Vybíralova 964",vyhlaska-hmp-19-2025_via-P6.pdf,2026-01-01
Praha 14,Šedova,,600040381,"Základní škola, Praha 9 - Černý Most, Vybíralova 964",vyhlaska-hmp-19-2025_via-P6.pdf,2026-01-01
Praha 3,Buková,,600036171,"Základní škola Chmelnice, Praha 3, K Lučinám 18/2500",vyhlaska-hmp-19-2025_via-P6.pdf,2026-01-01
Praha 3,Habrová,,600036171,"Základní škola Chmelnice, Praha 3, K Lučinám 18/2500",vyhlaska-hmp-19-2025_via-P6.pdf,2026-01-01
Praha 3,Hartigova,"lichá č. 185-253, sudá č. 238-250",600036171,"Základní škola Chmelnice, Praha 3, K Lučinám 18/2500",vyhlaska-hmp-19-2025_via-P6.pdf,2026-01-01
Praha 3,K chmelnici,,600036171,"Základní škola Chmelnice, Praha 3, K Lučinám 18/2500",vyhlaska-hmp-19-2025_via-P6.pdf,2026-01-01
Praha 3,K lučinám,,600036171,"Základní škola Chmelnice, Praha 3, K Lučinám 18/2500",vyhlaska-hmp-19-2025_via-P6.pdf,2026-01-01
Praha 3,K vrcholu,,600036171,"Základní škola Chmelnice, Praha 3, K Lučinám 18/2500",vyhlaska-hmp-19-2025_via-P6.pdf,2026-01-01
Praha 3,Květinková,"lichá č. 13-23, sudá č. 14-16",600036171,"Základní škola Chmelnice, Praha 3, K Lučinám 18/2500",vyhlaska-hmp-19-2025_via-P6.pdf,2026-01-01
Praha 3,Křivá,,600036171,"Základní škola Chmelnice, Praha 3, K Lučinám 18/2500",vyhlaska-hmp-19-2025_via-P6.pdf,2026-01-01
Praha 3,Luční,,600036171,"Základní škola Chmelnice, Praha 3, K Lučinám 18/2500",vyhlaska-hmp-19-2025_via-P6.pdf,2026-01-01
Praha 3,Na Balkáně,sudá č. 36-138,600036171,"Základní škola Chmelnice, Praha 3, K Lučinám 18/2500",vyhlaska-hmp-19-2025_via-P6.pdf,2026-01-01
Praha 3,Na lučinách,,600036171,"Základní škola Chmelnice, Praha 3, K Lučinám 18/2500",vyhlaska-hmp-19-2025_via-P6.pdf,2026-01-01
Praha 3,Na vlastním,,600036171,"Základní škola Chmelnice, Praha 3, K Lučinám 18/2500",vyhlaska-hmp-19-2025_via-P6.pdf,2026-01-01
Praha 3,Na vrcholu,,600036171,"Základní škola Chmelnice, Praha 3, K Lučinám 18/2500",vyhlaska-hmp-19-2025_via-P6.pdf,2026-01-01
Praha 3,Nad lukami,,600036171,"Základní škola Chmelnice, Praha 3, K Lučinám 18/2500",vyhlaska-hmp-19-2025_via-P6.pdf,2026-01-01
Praha 3,Osiková,,600036171,"Základní škola Chmelnice, Praha 3, K Lučinám 18/2500",vyhlaska-hmp-19-2025_via-P6.pdf,2026-01-01
Praha 3,Pod lipami,"lichá č. 23-63, sudá č. 38-76",600036171,"Základní škola Chmelnice, Praha 3, K Lučinám 18/2500",vyhlaska-hmp-19-2025_via-P6.pdf,2026-01-01
Praha 3,Pod vrcholem,,600036171,"Základní škola Chmelnice, Praha 3, K Lučinám 18/2500",vyhlaska-hmp-19-2025_via-P6.pdf,2026-01-01
Praha 3,Spojovací,sudá č. 30-50,600036171,"Základní škola Chmelnice, Praha 3, K Lučinám 18/2500",vyhlaska-hmp-19-2025_via-P6.pdf,2026-01-01
Praha 3,U kněžské louky,,600036171,"Základní škola Chmelnice, Praha 3, K Lučinám 18/2500",vyhlaska-hmp-19-2025_via-P6.pdf,2026-01-01
Praha 3,V domově,"lichá č. 35-71, sudá č. 24-60",600036171,"Základní škola Chmelnice, Praha 3, K Lučinám 18/2500",vyhlaska-hmp-19-2025_via-P6.pdf,2026-01-01
Praha 3,V jezerách,,600036171,"Základní škola Chmelnice, Praha 3, K Lučinám 18/2500",vyhlaska-hmp-19-2025_via-P6.pdf,2026-01-01
Praha 3,V okruží,,600036171,"Základní škola Chmelnice, Praha 3, K Lučinám 18/2500",vyhlaska-hmp-19-2025_via-P6.pdf,2026-01-01
Praha 3,Šikmá,,600036171,"Základní škola Chmelnice, Praha 3, K Lučinám 18/2500",vyhlaska-hmp-19-2025_via-P6.pdf,2026-01-01
Praha 3,Biskupcova,lichá č. 51-95 sudá č. 52-80,600036227,"Základní škola Pražačka, Praha 3, Nad Ohradou 25/1700",vyhlaska-hmp-19-2025_via-P6.pdf,2026-01-01
Praha 3,Dagmar Burešové,,600036227,"Základní škola Pražačka, Praha 3, Nad Ohradou 25/1700",vyhlaska-hmp-19-2025_via-P6.pdf,2026-01-01
Praha 3,Hartigova,"lichá č. 103-183, sudá č. 114-194",600036227,"Základní škola Pražačka, Praha 3, Nad Ohradou 25/1700",vyhlaska-hmp-19-2025_via-P6.pdf,2026-01-01
Praha 3,Hořanská,,600036227,"Základní škola Pražačka, Praha 3, Nad Ohradou 25/1700",vyhlaska-hmp-19-2025_via-P6.pdf,2026-01-01
Praha 3,Hraniční,,600036227,"Základní škola Pražačka, Praha 3, Nad Ohradou 25/1700",vyhlaska-hmp-19-2025_via-P6.pdf,2026-01-01
Praha 3,Jeseniova,lichá č. 139 -159 sudá č. 126-212,600036227,"Základní škola Pražačka, Praha 3, Nad Ohradou 25/1700",vyhlaska-hmp-19-2025_via-P6.pdf,2026-01-01
Praha 3,Kunešova,,600036227,"Základní škola Pražačka, Praha 3, Nad Ohradou 25/1700",vyhlaska-hmp-19-2025_via-P6.pdf,2026-01-01
Praha 3,Loudova,,600036227,"Základní škola Pražačka, Praha 3, Nad Ohradou 25/1700",vyhlaska-hmp-19-2025_via-P6.pdf,2026-01-01
Praha 3,Na Balkáně,"lichá č. 1-137, sudá č. 2-34",600036227,"Základní škola Pražačka, Praha 3, Nad Ohradou 25/1700",vyhlaska-hmp-19-2025_via-P6.pdf,2026-01-01
Praha 3,Na Ohradě pro,"2. stupeň také školský obvod Základní školy a mateřské školy Jarov, Praha 3,",600036227,"Základní škola Pražačka, Praha 3, Nad Ohradou 25/1700",vyhlaska-hmp-19-2025_via-P6.pdf,2026-01-01
Praha 3,Na Vápence,,600036227,"Základní škola Pražačka, Praha 3, Nad Ohradou 25/1700",vyhlaska-hmp-19-2025_via-P6.pdf,2026-01-01
Praha 3,Na hlídce,,600036227,"Základní škola Pražačka, Praha 3, Nad Ohradou 25/1700",vyhlaska-hmp-19-2025_via-P6.pdf,2026-01-01
Praha 3,Nad Ohradou,,600036227,"Základní škola Pražačka, Praha 3, Nad Ohradou 25/1700",vyhlaska-hmp-19-2025_via-P6.pdf,2026-01-01
Praha 3,Novovysočanská,"1a, 1",600036227,"Základní škola Pražačka, Praha 3, Nad Ohradou 25/1700",vyhlaska-hmp-19-2025_via-P6.pdf,2026-01-01
Praha 3,Olgy Havlové,"lichá č. 35-41, sudá č. 24-34",600036227,"Základní škola Pražačka, Praha 3, Nad Ohradou 25/1700",vyhlaska-hmp-19-2025_via-P6.pdf,2026-01-01
Praha 3,Pod Krejcárkem,,600036227,"Základní škola Pražačka, Praha 3, Nad Ohradou 25/1700",vyhlaska-hmp-19-2025_via-P6.pdf,2026-01-01
Praha 3,Rixdorfská,,600036227,"Základní škola Pražačka, Praha 3, Nad Ohradou 25/1700",vyhlaska-hmp-19-2025_via-P6.pdf,2026-01-01
Praha 3,Strážní,,600036227,"Základní škola Pražačka, Praha 3, Nad Ohradou 25/1700",vyhlaska-hmp-19-2025_via-P6.pdf,2026-01-01
Praha 3,V Zahrádkách,48/1966,600036227,"Základní škola Pražačka, Praha 3, Nad Ohradou 25/1700",vyhlaska-hmp-19-2025_via-P6.pdf,2026-01-01
Praha 3,V bezpečí,,600036227,"Základní škola Pražačka, Praha 3, Nad Ohradou 25/1700",vyhlaska-hmp-19-2025_via-P6.pdf,2026-01-01
Praha 3,V domově,"lichá č. 1-33, sudá č. 2-22",600036227,"Základní škola Pražačka, Praha 3, Nad Ohradou 25/1700",vyhlaska-hmp-19-2025_via-P6.pdf,2026-01-01
Praha 3,Za žižkovskou vozovnou,,600036227,"Základní škola Pražačka, Praha 3, Nad Ohradou 25/1700",vyhlaska-hmp-19-2025_via-P6.pdf,2026-01-01
Praha 3,Blahníkova,,600036219,"Základní škola a mateřská škola Jaroslava Seiferta, Praha 3, Vlkova 31/800",vyhlaska-hmp-19-2025_via-P6.pdf,2026-01-01
Praha 3,Bořivojova,"lichá č. 75-107, sudá č. 82-122",600036219,"Základní škola a mateřská škola Jaroslava Seiferta, Praha 3, Vlkova 31/800",vyhlaska-hmp-19-2025_via-P6.pdf,2026-01-01
Praha 3,Husinecká,,600036219,"Základní škola a mateřská škola Jaroslava Seiferta, Praha 3, Vlkova 31/800",vyhlaska-hmp-19-2025_via-P6.pdf,2026-01-01
Praha 3,Husitská,"lichá č. 1-31, sudá č. 2-56",600036219,"Základní škola a mateřská škola Jaroslava Seiferta, Praha 3, Vlkova 31/800",vyhlaska-hmp-19-2025_via-P6.pdf,2026-01-01
Praha 3,Italská,"sudá č. 36, 38",600036219,"Základní škola a mateřská škola Jaroslava Seiferta, Praha 3, Vlkova 31/800",vyhlaska-hmp-19-2025_via-P6.pdf,2026-01-01
Praha 3,Jeronýmova,,600036219,"Základní škola a mateřská škola Jaroslava Seiferta, Praha 3, Vlkova 31/800",vyhlaska-hmp-19-2025_via-P6.pdf,2026-01-01
Praha 3,Kostnické náměstí,,600036219,"Základní škola a mateřská škola Jaroslava Seiferta, Praha 3, Vlkova 31/800",vyhlaska-hmp-19-2025_via-P6.pdf,2026-01-01
Praha 3,Krásova,"lichá č. 11-39, sudá č. 10-36",600036219,"Základní škola a mateřská škola Jaroslava Seiferta, Praha 3, Vlkova 31/800",vyhlaska-hmp-19-2025_via-P6.pdf,2026-01-01
Praha 3,Orebitská,,600036219,"Základní škola a mateřská škola Jaroslava Seiferta, Praha 3, Vlkova 31/800",vyhlaska-hmp-19-2025_via-P6.pdf,2026-01-01
Praha 3,Přibyslavská,,600036219,"Základní škola a mateřská škola Jaroslava Seiferta, Praha 3, Vlkova 31/800",vyhlaska-hmp-19-2025_via-P6.pdf,2026-01-01
Praha 3,Příběnická,,600036219,"Základní škola a mateřská škola Jaroslava Seiferta, Praha 3, Vlkova 31/800",vyhlaska-hmp-19-2025_via-P6.pdf,2026-01-01
Praha 3,Seifertova,"lichá č. 1-67, sudá č. 2-24",600036219,"Základní škola a mateřská škola Jaroslava Seiferta, Praha 3, Vlkova 31/800",vyhlaska-hmp-19-2025_via-P6.pdf,2026-01-01
Praha 3,Siwiecova,,600036219,"Základní škola a mateřská škola Jaroslava Seiferta, Praha 3, Vlkova 31/800",vyhlaska-hmp-19-2025_via-P6.pdf,2026-01-01
Praha 3,U Rajské zahrady,"lichá č. 1-3, sudá č. 10-26",600036219,"Základní škola a mateřská škola Jaroslava Seiferta, Praha 3, Vlkova 31/800",vyhlaska-hmp-19-2025_via-P6.pdf,2026-01-01
Praha 3,U Viktorie,,600036219,"Základní škola a mateřská škola Jaroslava Seiferta, Praha 3, Vlkova 31/800",vyhlaska-hmp-19-2025_via-P6.pdf,2026-01-01
Praha 3,Vlkova,,600036219,"Základní škola a mateřská škola Jaroslava Seiferta, Praha 3, Vlkova 31/800",vyhlaska-hmp-19-2025_via-P6.pdf,2026-01-01
Praha 3,náměstí Winstona Churchilla,,600036219,"Základní škola a mateřská škola Jaroslava Seiferta, Praha 3, Vlkova 31/800",vyhlaska-hmp-19-2025_via-P6.pdf,2026-01-01
Praha 3,Řehořova,,600036219,"Základní škola a mateřská škola Jaroslava Seiferta, Praha 3, Vlkova 31/800",vyhlaska-hmp-19-2025_via-P6.pdf,2026-01-01
Praha 3,Hartigova,sudá č. 196-236,600036197,"Základní škola a mateřská škola Jarov, Praha 3, V Zahrádkách 48/1966",vyhlaska-hmp-19-2025_via-P6.pdf,2026-01-01
Praha 3,Květinková,"lichá č. l-11, sudá č. 2-12",600036197,"Základní škola a mateřská škola Jarov, Praha 3, V Zahrádkách 48/1966",vyhlaska-hmp-19-2025_via-P6.pdf,2026-01-01
Praha 3,Malešická,"lichá č. 47-59, sudá č. 24-74",600036197,"Základní škola a mateřská škola Jarov, Praha 3, V Zahrádkách 48/1966",vyhlaska-hmp-19-2025_via-P6.pdf,2026-01-01
Praha 3,Mezi domky,,600036197,"Základní škola a mateřská škola Jarov, Praha 3, V Zahrádkách 48/1966",vyhlaska-hmp-19-2025_via-P6.pdf,2026-01-01
Praha 3,Na Jarově,,600036197,"Základní škola a mateřská škola Jarov, Praha 3, V Zahrádkách 48/1966",vyhlaska-hmp-19-2025_via-P6.pdf,2026-01-01
Praha 3,Na Vackově,,600036197,"Základní škola a mateřská škola Jarov, Praha 3, V Zahrádkách 48/1966",vyhlaska-hmp-19-2025_via-P6.pdf,2026-01-01
Praha 3,Na Viktorce,,600036197,"Základní škola a mateřská škola Jarov, Praha 3, V Zahrádkách 48/1966",vyhlaska-hmp-19-2025_via-P6.pdf,2026-01-01
Praha 3,Na chmelnici,,600036197,"Základní škola a mateřská škola Jarov, Praha 3, V Zahrádkách 48/1966",vyhlaska-hmp-19-2025_via-P6.pdf,2026-01-01
Praha 3,Na mokřině,,600036197,"Základní škola a mateřská škola Jarov, Praha 3, V Zahrádkách 48/1966",vyhlaska-hmp-19-2025_via-P6.pdf,2026-01-01
Praha 3,Na rovnosti,,600036197,"Základní škola a mateřská škola Jarov, Praha 3, V Zahrádkách 48/1966",vyhlaska-hmp-19-2025_via-P6.pdf,2026-01-01
Praha 3,Olgy Havlové,"lichá č. 1-33, sudá č. 2-22",600036197,"Základní škola a mateřská škola Jarov, Praha 3, V Zahrádkách 48/1966",vyhlaska-hmp-19-2025_via-P6.pdf,2026-01-01
Praha 3,Plavínova,,600036197,"Základní škola a mateřská škola Jarov, Praha 3, V Zahrádkách 48/1966",vyhlaska-hmp-19-2025_via-P6.pdf,2026-01-01
Praha 3,Pod Jarovem,,600036197,"Základní škola a mateřská škola Jarov, Praha 3, V Zahrádkách 48/1966",vyhlaska-hmp-19-2025_via-P6.pdf,2026-01-01
Praha 3,Pod lipami,"lichá č. l-21, sudá č. 2-36 pro 2. stupeň patří tento školský obvod k Základní škole Pražačka, Praha 3, Nad Ohradou 25/1700",600036197,"Základní škola a mateřská škola Jarov, Praha 3, V Zahrádkách 48/1966",vyhlaska-hmp-19-2025_via-P6.pdf,2026-01-01
Praha 3,Schöfflerova,,600036197,"Základní škola a mateřská škola Jarov, Praha 3, V Zahrádkách 48/1966",vyhlaska-hmp-19-2025_via-P6.pdf,2026-01-01
Praha 3,U staré cihelny,,600036197,"Základní škola a mateřská škola Jarov, Praha 3, V Zahrádkách 48/1966",vyhlaska-hmp-19-2025_via-P6.pdf,2026-01-01
Praha 3,V Rozkvětu,,600036197,"Základní škola a mateřská škola Jarov, Praha 3, V Zahrádkách 48/1966",vyhlaska-hmp-19-2025_via-P6.pdf,2026-01-01
Praha 3,V Zeleni,,600036197,"Základní škola a mateřská škola Jarov, Praha 3, V Zahrádkách 48/1966",vyhlaska-hmp-19-2025_via-P6.pdf,2026-01-01
Praha 3,V zahrádkách,,600036197,"Základní škola a mateřská škola Jarov, Praha 3, V Zahrádkách 48/1966",vyhlaska-hmp-19-2025_via-P6.pdf,2026-01-01
Praha 3,Za Vackovem,,600036197,"Základní škola a mateřská škola Jarov, Praha 3, V Zahrádkách 48/1966",vyhlaska-hmp-19-2025_via-P6.pdf,2026-01-01
Praha 3,l. stupeň,,600036197,"Základní škola a mateřská škola Jarov, Praha 3, V Zahrádkách 48/1966",vyhlaska-hmp-19-2025_via-P6.pdf,2026-01-01
Praha 3,Baranova,,600036162,"Základní škola a mateřská škola, Praha 3, Chelčického 43/2614",vyhlaska-hmp-19-2025_via-P6.pdf,2026-01-01
Praha 3,Basilejské náměstí,7,600036162,"Základní škola a mateřská škola, Praha 3, Chelčického 43/2614",vyhlaska-hmp-19-2025_via-P6.pdf,2026-01-01
Praha 3,Bernasova,,600036162,"Základní škola a mateřská škola, Praha 3, Chelčického 43/2614",vyhlaska-hmp-19-2025_via-P6.pdf,2026-01-01
Praha 3,Blahoslavova,,600036162,"Základní škola a mateřská škola, Praha 3, Chelčického 43/2614",vyhlaska-hmp-19-2025_via-P6.pdf,2026-01-01
Praha 3,Domažlická,,600036162,"Základní škola a mateřská škola, Praha 3, Chelčického 43/2614",vyhlaska-hmp-19-2025_via-P6.pdf,2026-01-01
Praha 3,Hartigova,"lichá č. 15-101, sudá č. 30-106",600036162,"Základní škola a mateřská škola, Praha 3, Chelčického 43/2614",vyhlaska-hmp-19-2025_via-P6.pdf,2026-01-01
Praha 3,Hájkova,,600036162,"Základní škola a mateřská škola, Praha 3, Chelčického 43/2614",vyhlaska-hmp-19-2025_via-P6.pdf,2026-01-01
Praha 3,Jana Želivského,"2, 2 b, 2 c",600036162,"Základní škola a mateřská škola, Praha 3, Chelčického 43/2614",vyhlaska-hmp-19-2025_via-P6.pdf,2026-01-01
Praha 3,Jeseniova,"lichá č. 15-83, sudá č. 16-60",600036162,"Základní škola a mateřská škola, Praha 3, Chelčického 43/2614",vyhlaska-hmp-19-2025_via-P6.pdf,2026-01-01
Praha 3,Jičínská,lichá č. 9-51,600036162,"Základní škola a mateřská škola, Praha 3, Chelčického 43/2614",vyhlaska-hmp-19-2025_via-P6.pdf,2026-01-01
Praha 3,Kališnická,,600036162,"Základní škola a mateřská škola, Praha 3, Chelčického 43/2614",vyhlaska-hmp-19-2025_via-P6.pdf,2026-01-01
Praha 3,Ke kapslovně,,600036162,"Základní škola a mateřská škola, Praha 3, Chelčického 43/2614",vyhlaska-hmp-19-2025_via-P6.pdf,2026-01-01
Praha 3,Koldínova,,600036162,"Základní škola a mateřská škola, Praha 3, Chelčického 43/2614",vyhlaska-hmp-19-2025_via-P6.pdf,2026-01-01
Praha 3,Komenského náměstí,,600036162,"Základní škola a mateřská škola, Praha 3, Chelčického 43/2614",vyhlaska-hmp-19-2025_via-P6.pdf,2026-01-01
Praha 3,Křišťanova,,600036162,"Základní škola a mateřská škola, Praha 3, Chelčického 43/2614",vyhlaska-hmp-19-2025_via-P6.pdf,2026-01-01
Praha 3,Lucemburská,"lichá č. 27-49, sudá č. 32-48",600036162,"Základní škola a mateřská škola, Praha 3, Chelčického 43/2614",vyhlaska-hmp-19-2025_via-P6.pdf,2026-01-01
Praha 3,Lukášova,,600036162,"Základní škola a mateřská škola, Praha 3, Chelčického 43/2614",vyhlaska-hmp-19-2025_via-P6.pdf,2026-01-01
Praha 3,Malešická,"lichá č. 1-19, sudá č. 2-10",600036162,"Základní škola a mateřská škola, Praha 3, Chelčického 43/2614",vyhlaska-hmp-19-2025_via-P6.pdf,2026-01-01
Praha 3,Olšanská,,600036162,"Základní škola a mateřská škola, Praha 3, Chelčického 43/2614",vyhlaska-hmp-19-2025_via-P6.pdf,2026-01-01
Praha 3,Ostromečská,,600036162,"Základní škola a mateřská škola, Praha 3, Chelčického 43/2614",vyhlaska-hmp-19-2025_via-P6.pdf,2026-01-01
Praha 3,Pitterova,,600036162,"Základní škola a mateřská škola, Praha 3, Chelčického 43/2614",vyhlaska-hmp-19-2025_via-P6.pdf,2026-01-01
Praha 3,Pod Parukářkou,,600036162,"Základní škola a mateřská škola, Praha 3, Chelčického 43/2614",vyhlaska-hmp-19-2025_via-P6.pdf,2026-01-01
Praha 3,Přemyslovská,"lichá č. 29-45, sudá č. 28-48",600036162,"Základní škola a mateřská škola, Praha 3, Chelčického 43/2614",vyhlaska-hmp-19-2025_via-P6.pdf,2026-01-01
Praha 3,Radhošťská,sudá č. 2-26,600036162,"Základní škola a mateřská škola, Praha 3, Chelčického 43/2614",vyhlaska-hmp-19-2025_via-P6.pdf,2026-01-01
Praha 3,Roháčova,"lichá č. 21-115, sudá č. 24-96",600036162,"Základní škola a mateřská škola, Praha 3, Chelčického 43/2614",vyhlaska-hmp-19-2025_via-P6.pdf,2026-01-01
Praha 3,Sauerova,,600036162,"Základní škola a mateřská škola, Praha 3, Chelčického 43/2614",vyhlaska-hmp-19-2025_via-P6.pdf,2026-01-01
Praha 3,Sudoměřská,,600036162,"Základní škola a mateřská škola, Praha 3, Chelčického 43/2614",vyhlaska-hmp-19-2025_via-P6.pdf,2026-01-01
Praha 3,Tetauerova,,600036162,"Základní škola a mateřská škola, Praha 3, Chelčického 43/2614",vyhlaska-hmp-19-2025_via-P6.pdf,2026-01-01
Praha 3,Tovačovského,,600036162,"Základní škola a mateřská škola, Praha 3, Chelčického 43/2614",vyhlaska-hmp-19-2025_via-P6.pdf,2026-01-01
Praha 3,V kapslovně,,600036162,"Základní škola a mateřská škola, Praha 3, Chelčického 43/2614",vyhlaska-hmp-19-2025_via-P6.pdf,2026-01-01
Praha 3,Vinohradská,lichá č. 129-149,600036162,"Základní škola a mateřská škola, Praha 3, Chelčického 43/2614",vyhlaska-hmp-19-2025_via-P6.pdf,2026-01-01
Praha 3,Zvěřinova,,600036162,"Základní škola a mateřská škola, Praha 3, Chelčického 43/2614",vyhlaska-hmp-19-2025_via-P6.pdf,2026-01-01
Praha 3,náměstí Barikád,,600036162,"Základní škola a mateřská škola, Praha 3, Chelčického 43/2614",vyhlaska-hmp-19-2025_via-P6.pdf,2026-01-01
Praha 3,Černínova,,600036162,"Základní škola a mateřská škola, Praha 3, Chelčického 43/2614",vyhlaska-hmp-19-2025_via-P6.pdf,2026-01-01
Praha 3,Šrámkové,,600036162,"Základní škola a mateřská škola, Praha 3, Chelčického 43/2614",vyhlaska-hmp-19-2025_via-P6.pdf,2026-01-01
Praha 3,Žerotínova,,600036162,"Základní škola a mateřská škola, Praha 3, Chelčického 43/2614",vyhlaska-hmp-19-2025_via-P6.pdf,2026-01-01
Praha 3,Boleslavská,,600036111,"Základní škola a mateřská škola, Praha 3, nám. Jiřího z Lobkovic 22/121",vyhlaska-hmp-19-2025_via-P6.pdf,2026-01-01
Praha 3,Chrudimská,,600036111,"Základní škola a mateřská škola, Praha 3, nám. Jiřího z Lobkovic 22/121",vyhlaska-hmp-19-2025_via-P6.pdf,2026-01-01
Praha 3,Hollarovo náměstí,,600036111,"Základní škola a mateřská škola, Praha 3, nám. Jiřího z Lobkovic 22/121",vyhlaska-hmp-19-2025_via-P6.pdf,2026-01-01
Praha 3,Horní Stromky,,600036111,"Základní škola a mateřská škola, Praha 3, nám. Jiřího z Lobkovic 22/121",vyhlaska-hmp-19-2025_via-P6.pdf,2026-01-01
Praha 3,Hradecká,,600036111,"Základní škola a mateřská škola, Praha 3, nám. Jiřího z Lobkovic 22/121",vyhlaska-hmp-19-2025_via-P6.pdf,2026-01-01
Praha 3,Jičínská,"lichá č. 1-7 , sudá č. 2-12",600036111,"Základní škola a mateřská škola, Praha 3, nám. Jiřího z Lobkovic 22/121",vyhlaska-hmp-19-2025_via-P6.pdf,2026-01-01
Praha 3,Kolínská,,600036111,"Základní škola a mateřská škola, Praha 3, nám. Jiřího z Lobkovic 22/121",vyhlaska-hmp-19-2025_via-P6.pdf,2026-01-01
Praha 3,Korunní,lichá č. 67-133,600036111,"Základní škola a mateřská škola, Praha 3, nám. Jiřího z Lobkovic 22/121",vyhlaska-hmp-19-2025_via-P6.pdf,2026-01-01
Praha 3,Kouřimská,,600036111,"Základní škola a mateřská škola, Praha 3, nám. Jiřího z Lobkovic 22/121",vyhlaska-hmp-19-2025_via-P6.pdf,2026-01-01
Praha 3,Květná,,600036111,"Základní škola a mateřská škola, Praha 3, nám. Jiřího z Lobkovic 22/121",vyhlaska-hmp-19-2025_via-P6.pdf,2026-01-01
Praha 3,Libická,,600036111,"Základní škola a mateřská škola, Praha 3, nám. Jiřího z Lobkovic 22/121",vyhlaska-hmp-19-2025_via-P6.pdf,2026-01-01
Praha 3,Perunova,,600036111,"Základní škola a mateřská škola, Praha 3, nám. Jiřího z Lobkovic 22/121",vyhlaska-hmp-19-2025_via-P6.pdf,2026-01-01
Praha 3,Písecká,,600036111,"Základní škola a mateřská škola, Praha 3, nám. Jiřího z Lobkovic 22/121",vyhlaska-hmp-19-2025_via-P6.pdf,2026-01-01
Praha 3,Slezská,"lichá č. 49-129, sudá č. 92-146",600036111,"Základní škola a mateřská škola, Praha 3, nám. Jiřího z Lobkovic 22/121",vyhlaska-hmp-19-2025_via-P6.pdf,2026-01-01
Praha 3,Soběslavská,,600036111,"Základní škola a mateřská škola, Praha 3, nám. Jiřího z Lobkovic 22/121",vyhlaska-hmp-19-2025_via-P6.pdf,2026-01-01
Praha 3,U Vinohradské nemocnice,,600036111,"Základní škola a mateřská škola, Praha 3, nám. Jiřího z Lobkovic 22/121",vyhlaska-hmp-19-2025_via-P6.pdf,2026-01-01
Praha 3,U Vinohradského hřbitova,,600036111,"Základní škola a mateřská škola, Praha 3, nám. Jiřího z Lobkovic 22/121",vyhlaska-hmp-19-2025_via-P6.pdf,2026-01-01
Praha 3,V Horní Stromce,,600036111,"Základní škola a mateřská škola, Praha 3, nám. Jiřího z Lobkovic 22/121",vyhlaska-hmp-19-2025_via-P6.pdf,2026-01-01
Praha 3,Vinohradská,"lichá č. 151 -157, sudá č. 80- 200",600036111,"Základní škola a mateřská škola, Praha 3, nám. Jiřího z Lobkovic 22/121",vyhlaska-hmp-19-2025_via-P6.pdf,2026-01-01
Praha 3,Votická,,600036111,"Základní škola a mateřská škola, Praha 3, nám. Jiřího z Lobkovic 22/121",vyhlaska-hmp-19-2025_via-P6.pdf,2026-01-01
Praha 3,Zásmucká,,600036111,"Základní škola a mateřská škola, Praha 3, nám. Jiřího z Lobkovic 22/121",vyhlaska-hmp-19-2025_via-P6.pdf,2026-01-01
Praha 3,náměstí Jiřího z Lobkovic,,600036111,"Základní škola a mateřská škola, Praha 3, nám. Jiřího z Lobkovic 22/121",vyhlaska-hmp-19-2025_via-P6.pdf,2026-01-01
Praha 3,Čáslavská,,600036111,"Základní škola a mateřská škola, Praha 3, nám. Jiřího z Lobkovic 22/121",vyhlaska-hmp-19-2025_via-P6.pdf,2026-01-01
Praha 3,Šrobárova,lichá č. 1-73,600036111,"Základní škola a mateřská škola, Praha 3, nám. Jiřího z Lobkovic 22/121",vyhlaska-hmp-19-2025_via-P6.pdf,2026-01-01
Praha 3,Cimburkova,,600036146,"Základní škola, Praha 3, Cimburkova 18/600",vyhlaska-hmp-19-2025_via-P6.pdf,2026-01-01
Praha 3,Dalimilova,,600036146,"Základní škola, Praha 3, Cimburkova 18/600",vyhlaska-hmp-19-2025_via-P6.pdf,2026-01-01
Praha 3,Husitská,"lichá č. 33-51 , sudá č. 58-82",600036146,"Základní škola, Praha 3, Cimburkova 18/600",vyhlaska-hmp-19-2025_via-P6.pdf,2026-01-01
Praha 3,Milíčova,,600036146,"Základní škola, Praha 3, Cimburkova 18/600",vyhlaska-hmp-19-2025_via-P6.pdf,2026-01-01
Praha 3,Pernerova,"2, 2a, 2b",600036146,"Základní škola, Praha 3, Cimburkova 18/600",vyhlaska-hmp-19-2025_via-P6.pdf,2026-01-01
Praha 3,Pod Vítkovem,,600036146,"Základní škola, Praha 3, Cimburkova 18/600",vyhlaska-hmp-19-2025_via-P6.pdf,2026-01-01
Praha 3,Prvního pluku,,600036146,"Základní škola, Praha 3, Cimburkova 18/600",vyhlaska-hmp-19-2025_via-P6.pdf,2026-01-01
Praha 3,Trocnovská,,600036146,"Základní škola, Praha 3, Cimburkova 18/600",vyhlaska-hmp-19-2025_via-P6.pdf,2026-01-01
Praha 3,U božích bojovníků,,600036146,"Základní škola, Praha 3, Cimburkova 18/600",vyhlaska-hmp-19-2025_via-P6.pdf,2026-01-01
Praha 3,U památníku,,600036146,"Základní škola, Praha 3, Cimburkova 18/600",vyhlaska-hmp-19-2025_via-P6.pdf,2026-01-01
Praha 3,Štítného,"sudá 2-36, lichá 1-31",600036146,"Základní škola, Praha 3, Cimburkova 18/600",vyhlaska-hmp-19-2025_via-P6.pdf,2026-01-01
Praha 3,Ambrožova,,600036201,"Základní škola, Praha 3, Jeseniova 96/2400",vyhlaska-hmp-19-2025_via-P6.pdf,2026-01-01
Praha 3,Basilejské náměstí,"1-6, 8-10",600036201,"Základní škola, Praha 3, Jeseniova 96/2400",vyhlaska-hmp-19-2025_via-P6.pdf,2026-01-01
Praha 3,Biskupcova,"lichá č. 1-49, sudá č. 2-50",600036201,"Základní škola, Praha 3, Jeseniova 96/2400",vyhlaska-hmp-19-2025_via-P6.pdf,2026-01-01
Praha 3,Buchovcova,,600036201,"Základní škola, Praha 3, Jeseniova 96/2400",vyhlaska-hmp-19-2025_via-P6.pdf,2026-01-01
Praha 3,Hartigova,sudá č. 108-112,600036201,"Základní škola, Praha 3, Jeseniova 96/2400",vyhlaska-hmp-19-2025_via-P6.pdf,2026-01-01
Praha 3,Izraelská,,600036201,"Základní škola, Praha 3, Jeseniova 96/2400",vyhlaska-hmp-19-2025_via-P6.pdf,2026-01-01
Praha 3,Jana Želivského,"1, 3-41",600036201,"Základní škola, Praha 3, Jeseniova 96/2400",vyhlaska-hmp-19-2025_via-P6.pdf,2026-01-01
Praha 3,Jeseniova,"lichá č. 85-137, sudá č. 96-124",600036201,"Základní škola, Praha 3, Jeseniova 96/2400",vyhlaska-hmp-19-2025_via-P6.pdf,2026-01-01
Praha 3,Jilmová,,600036201,"Základní škola, Praha 3, Jeseniova 96/2400",vyhlaska-hmp-19-2025_via-P6.pdf,2026-01-01
Praha 3,K Červenému dvoru,,600036201,"Základní škola, Praha 3, Jeseniova 96/2400",vyhlaska-hmp-19-2025_via-P6.pdf,2026-01-01
Praha 3,Malešická,"lichá č. 21-45, sudá č. 12-22",600036201,"Základní škola, Praha 3, Jeseniova 96/2400",vyhlaska-hmp-19-2025_via-P6.pdf,2026-01-01
Praha 3,Na Parukářce,,600036201,"Základní škola, Praha 3, Jeseniova 96/2400",vyhlaska-hmp-19-2025_via-P6.pdf,2026-01-01
Praha 3,Na Třebešíně,,600036201,"Základní škola, Praha 3, Jeseniova 96/2400",vyhlaska-hmp-19-2025_via-P6.pdf,2026-01-01
Praha 3,Olgy Havlové,sudá č. 36-56,600036201,"Základní škola, Praha 3, Jeseniova 96/2400",vyhlaska-hmp-19-2025_via-P6.pdf,2026-01-01
Praha 3,Pod kapličkou,,600036201,"Základní škola, Praha 3, Jeseniova 96/2400",vyhlaska-hmp-19-2025_via-P6.pdf,2026-01-01
Praha 3,Rečkova,,600036201,"Základní škola, Praha 3, Jeseniova 96/2400",vyhlaska-hmp-19-2025_via-P6.pdf,2026-01-01
Praha 3,Tetauerova,,600036201,"Základní škola, Praha 3, Jeseniova 96/2400",vyhlaska-hmp-19-2025_via-P6.pdf,2026-01-01
Praha 3,U nákladového nádraží,,600036201,"Základní škola, Praha 3, Jeseniova 96/2400",vyhlaska-hmp-19-2025_via-P6.pdf,2026-01-01
Praha 3,U zásobní zahrady,,600036201,"Základní škola, Praha 3, Jeseniova 96/2400",vyhlaska-hmp-19-2025_via-P6.pdf,2026-01-01
Praha 3,Viklefova,,600036201,"Základní škola, Praha 3, Jeseniova 96/2400",vyhlaska-hmp-19-2025_via-P6.pdf,2026-01-01
Praha 3,Zelenky-Hajského,,600036201,"Základní škola, Praha 3, Jeseniova 96/2400",vyhlaska-hmp-19-2025_via-P6.pdf,2026-01-01
Praha 3,Zvěřinova,sudá č.,600036201,"Základní škola, Praha 3, Jeseniova 96/2400",vyhlaska-hmp-19-2025_via-P6.pdf,2026-01-01
Praha 3,Šrámkové,,600036201,"Základní škola, Praha 3, Jeseniova 96/2400",vyhlaska-hmp-19-2025_via-P6.pdf,2026-01-01
Praha 3,Bořivojova,"lichá č. 25-73, sudá č. 34-80",600036120,"Základní škola, Praha 3, Lupáčova 1/1200",vyhlaska-hmp-19-2025_via-P6.pdf,2026-01-01
Praha 3,Chelčického,,600036120,"Základní škola, Praha 3, Lupáčova 1/1200",vyhlaska-hmp-19-2025_via-P6.pdf,2026-01-01
Praha 3,Chlumova,,600036120,"Základní škola, Praha 3, Lupáčova 1/1200",vyhlaska-hmp-19-2025_via-P6.pdf,2026-01-01
Praha 3,Chvalova,,600036120,"Základní škola, Praha 3, Lupáčova 1/1200",vyhlaska-hmp-19-2025_via-P6.pdf,2026-01-01
Praha 3,Hartigova,"lichá č. 1-13, sudá č. 2-28",600036120,"Základní škola, Praha 3, Lupáčova 1/1200",vyhlaska-hmp-19-2025_via-P6.pdf,2026-01-01
Praha 3,Havlíčkovo náměstí,,600036120,"Základní škola, Praha 3, Lupáčova 1/1200",vyhlaska-hmp-19-2025_via-P6.pdf,2026-01-01
Praha 3,Husitská,"lichá č. 53-67, sudá č. 84-94",600036120,"Základní škola, Praha 3, Lupáčova 1/1200",vyhlaska-hmp-19-2025_via-P6.pdf,2026-01-01
Praha 3,Jeseniova,"lichá č. 1-13, sudá č. 2-14",600036120,"Základní škola, Praha 3, Lupáčova 1/1200",vyhlaska-hmp-19-2025_via-P6.pdf,2026-01-01
Praha 3,Kubelíkova,"lichá č. 43-61, sudá č. 44-66",600036120,"Základní škola, Praha 3, Lupáčova 1/1200",vyhlaska-hmp-19-2025_via-P6.pdf,2026-01-01
Praha 3,Lipanská,,600036120,"Základní škola, Praha 3, Lupáčova 1/1200",vyhlaska-hmp-19-2025_via-P6.pdf,2026-01-01
Praha 3,Lupáčova,,600036120,"Základní škola, Praha 3, Lupáčova 1/1200",vyhlaska-hmp-19-2025_via-P6.pdf,2026-01-01
Praha 3,Olšanské náměstí,,600036120,"Základní škola, Praha 3, Lupáčova 1/1200",vyhlaska-hmp-19-2025_via-P6.pdf,2026-01-01
Praha 3,Ondříčkova,lichá č. 19-39,600036120,"Základní škola, Praha 3, Lupáčova 1/1200",vyhlaska-hmp-19-2025_via-P6.pdf,2026-01-01
Praha 3,Prokopova,,600036120,"Základní škola, Praha 3, Lupáčova 1/1200",vyhlaska-hmp-19-2025_via-P6.pdf,2026-01-01
Praha 3,Prokopovo náměstí,,600036120,"Základní škola, Praha 3, Lupáčova 1/1200",vyhlaska-hmp-19-2025_via-P6.pdf,2026-01-01
Praha 3,Roháčova,"lichá č. 1-19, sudá č. 2-22",600036120,"Základní škola, Praha 3, Lupáčova 1/1200",vyhlaska-hmp-19-2025_via-P6.pdf,2026-01-01
Praha 3,Rokycanova,,600036120,"Základní škola, Praha 3, Lupáčova 1/1200",vyhlaska-hmp-19-2025_via-P6.pdf,2026-01-01
Praha 3,Sabinova,,600036120,"Základní škola, Praha 3, Lupáčova 1/1200",vyhlaska-hmp-19-2025_via-P6.pdf,2026-01-01
Praha 3,Seifertova,"lichá č. 69-97, sudá č. 26-50",600036120,"Základní škola, Praha 3, Lupáčova 1/1200",vyhlaska-hmp-19-2025_via-P6.pdf,2026-01-01
Praha 3,Sladkovského náměstí,,600036120,"Základní škola, Praha 3, Lupáčova 1/1200",vyhlaska-hmp-19-2025_via-P6.pdf,2026-01-01
Praha 3,Tachovské náměstí,,600036120,"Základní škola, Praha 3, Lupáčova 1/1200",vyhlaska-hmp-19-2025_via-P6.pdf,2026-01-01
Praha 3,Táboritská,,600036120,"Základní škola, Praha 3, Lupáčova 1/1200",vyhlaska-hmp-19-2025_via-P6.pdf,2026-01-01
Praha 3,Víta Nejedlého,,600036120,"Základní škola, Praha 3, Lupáčova 1/1200",vyhlaska-hmp-19-2025_via-P6.pdf,2026-01-01
Praha 3,Čajkovského,,600036120,"Základní škola, Praha 3, Lupáčova 1/1200",vyhlaska-hmp-19-2025_via-P6.pdf,2026-01-01
Praha 3,Českobratrská,,600036120,"Základní škola, Praha 3, Lupáčova 1/1200",vyhlaska-hmp-19-2025_via-P6.pdf,2026-01-01
Praha 3,Štítného,"lichá č. 33-37, sudá č. 38-42",600036120,"Základní škola, Praha 3, Lupáčova 1/1200",vyhlaska-hmp-19-2025_via-P6.pdf,2026-01-01
Praha 3,Blodkova,,600036138,"Základní škola, Praha 3, nám. Jiřího z Poděbrad 7,8/1685",vyhlaska-hmp-19-2025_via-P6.pdf,2026-01-01
Praha 3,Bořivojova,"lichá č. 1-23, sudá č. 2-16",600036138,"Základní škola, Praha 3, nám. Jiřího z Poděbrad 7,8/1685",vyhlaska-hmp-19-2025_via-P6.pdf,2026-01-01
Praha 3,Fibichova,,600036138,"Základní škola, Praha 3, nám. Jiřího z Poděbrad 7,8/1685",vyhlaska-hmp-19-2025_via-P6.pdf,2026-01-01
Praha 3,Jagellonská,,600036138,"Základní škola, Praha 3, nám. Jiřího z Poděbrad 7,8/1685",vyhlaska-hmp-19-2025_via-P6.pdf,2026-01-01
Praha 3,Ježkova,,600036138,"Základní škola, Praha 3, nám. Jiřího z Poděbrad 7,8/1685",vyhlaska-hmp-19-2025_via-P6.pdf,2026-01-01
Praha 3,Krásova,"lichá č. 1-9, sudá č. 2-8",600036138,"Základní škola, Praha 3, nám. Jiřího z Poděbrad 7,8/1685",vyhlaska-hmp-19-2025_via-P6.pdf,2026-01-01
Praha 3,Kubelíkova,"lichá č. 1-41, sudá č. 2-42",600036138,"Základní škola, Praha 3, nám. Jiřího z Poděbrad 7,8/1685",vyhlaska-hmp-19-2025_via-P6.pdf,2026-01-01
Praha 3,Křížkovského,,600036138,"Základní škola, Praha 3, nám. Jiřího z Poděbrad 7,8/1685",vyhlaska-hmp-19-2025_via-P6.pdf,2026-01-01
Praha 3,Laubova,,600036138,"Základní škola, Praha 3, nám. Jiřího z Poděbrad 7,8/1685",vyhlaska-hmp-19-2025_via-P6.pdf,2026-01-01
Praha 3,Lucemburská,"lichá č. 1-25, sudá č. 2-30",600036138,"Základní škola, Praha 3, nám. Jiřího z Poděbrad 7,8/1685",vyhlaska-hmp-19-2025_via-P6.pdf,2026-01-01
Praha 3,Mahlerovy sady,,600036138,"Základní škola, Praha 3, nám. Jiřího z Poděbrad 7,8/1685",vyhlaska-hmp-19-2025_via-P6.pdf,2026-01-01
Praha 3,Milešovská,,600036138,"Základní škola, Praha 3, nám. Jiřího z Poděbrad 7,8/1685",vyhlaska-hmp-19-2025_via-P6.pdf,2026-01-01
Praha 3,Nitranská,,600036138,"Základní škola, Praha 3, nám. Jiřího z Poděbrad 7,8/1685",vyhlaska-hmp-19-2025_via-P6.pdf,2026-01-01
Praha 3,Ondříčkova,"lichá č. 1-17, sudá č. 2-48",600036138,"Základní škola, Praha 3, nám. Jiřího z Poděbrad 7,8/1685",vyhlaska-hmp-19-2025_via-P6.pdf,2026-01-01
Praha 3,Orlická,,600036138,"Základní škola, Praha 3, nám. Jiřího z Poděbrad 7,8/1685",vyhlaska-hmp-19-2025_via-P6.pdf,2026-01-01
Praha 3,Pospíšilova,,600036138,"Základní škola, Praha 3, nám. Jiřího z Poděbrad 7,8/1685",vyhlaska-hmp-19-2025_via-P6.pdf,2026-01-01
Praha 3,Přemyslovská,"lichá č. 1-27, sudá č. 2-26",600036138,"Základní škola, Praha 3, nám. Jiřího z Poděbrad 7,8/1685",vyhlaska-hmp-19-2025_via-P6.pdf,2026-01-01
Praha 3,Radhošťská,lichá č. 1-29,600036138,"Základní škola, Praha 3, nám. Jiřího z Poděbrad 7,8/1685",vyhlaska-hmp-19-2025_via-P6.pdf,2026-01-01
Praha 3,Slavíkova,sudá č. 2-30,600036138,"Základní škola, Praha 3, nám. Jiřího z Poděbrad 7,8/1685",vyhlaska-hmp-19-2025_via-P6.pdf,2026-01-01
Praha 3,Slezská,"lichá č. 23-47, sudá č. 66-90",600036138,"Základní škola, Praha 3, nám. Jiřího z Poděbrad 7,8/1685",vyhlaska-hmp-19-2025_via-P6.pdf,2026-01-01
Praha 3,U Rajské zahrady,sudá č. 2-8,600036138,"Základní škola, Praha 3, nám. Jiřího z Poděbrad 7,8/1685",vyhlaska-hmp-19-2025_via-P6.pdf,2026-01-01
Praha 3,U Vodárny,sudá č. 2-16,600036138,"Základní škola, Praha 3, nám. Jiřího z Poděbrad 7,8/1685",vyhlaska-hmp-19-2025_via-P6.pdf,2026-01-01
Praha 3,Velehradská,,600036138,"Základní škola, Praha 3, nám. Jiřího z Poděbrad 7,8/1685",vyhlaska-hmp-19-2025_via-P6.pdf,2026-01-01
Praha 3,Vinohradská,"lichá č. 101-127, sudá č. 56- 78",600036138,"Základní škola, Praha 3, nám. Jiřího z Poděbrad 7,8/1685",vyhlaska-hmp-19-2025_via-P6.pdf,2026-01-01
Praha 3,Vozová,,600036138,"Základní škola, Praha 3, nám. Jiřího z Poděbrad 7,8/1685",vyhlaska-hmp-19-2025_via-P6.pdf,2026-01-01
Praha 3,Zvonařova,,600036138,"Základní škola, Praha 3, nám. Jiřího z Poděbrad 7,8/1685",vyhlaska-hmp-19-2025_via-P6.pdf,2026-01-01
Praha 3,náměstí Jiřího z Poděbrad,,600036138,"Základní škola, Praha 3, nám. Jiřího z Poděbrad 7,8/1685",vyhlaska-hmp-19-2025_via-P6.pdf,2026-01-01
Praha 3,Řipská,,600036138,"Základní škola, Praha 3, nám. Jiřího z Poděbrad 7,8/1685",vyhlaska-hmp-19-2025_via-P6.pdf,2026-01-01
Praha 3,Ševčíkova,,600036138,"Základní škola, Praha 3, nám. Jiřího z Poděbrad 7,8/1685",vyhlaska-hmp-19-2025_via-P6.pdf,2026-01-01
Praha 3,Škroupovo náměstí,,600036138,"Základní škola, Praha 3, nám. Jiřího z Poděbrad 7,8/1685",vyhlaska-hmp-19-2025_via-P6.pdf,2026-01-01
Praha 3,Žižkovo náměstí,,600036138,"Základní škola, Praha 3, nám. Jiřího z Poděbrad 7,8/1685",vyhlaska-hmp-19-2025_via-P6.pdf,2026-01-01
Praha 7,Bubenská,"sudá č. 10 – 20, lichá č. 31 – 55",600039374,"Fakultní základní škola PedF UK a Mateřská škola U Studánky Praha 7, Umělecká 8",vyhlaska-hmp-19-2025_via-P6.pdf,2026-01-01
Praha 7,Císařský ostrov,,600039374,"Fakultní základní škola PedF UK a Mateřská škola U Studánky Praha 7, Umělecká 8",vyhlaska-hmp-19-2025_via-P6.pdf,2026-01-01
Praha 7,Dukelských hrdinů,"sudá č. 40 – 56, lichá č. 51",600039374,"Fakultní základní škola PedF UK a Mateřská škola U Studánky Praha 7, Umělecká 8",vyhlaska-hmp-19-2025_via-P6.pdf,2026-01-01
Praha 7,Gerstnerova,,600039374,"Fakultní základní škola PedF UK a Mateřská škola U Studánky Praha 7, Umělecká 8",vyhlaska-hmp-19-2025_via-P6.pdf,2026-01-01
Praha 7,Janovského,"sudá č. 32 – 52, lichá č. 41 – 59",600039374,"Fakultní základní škola PedF UK a Mateřská škola U Studánky Praha 7, Umělecká 8",vyhlaska-hmp-19-2025_via-P6.pdf,2026-01-01
Praha 7,Kamenická,"sudá č. 38 – 56, lichá č. 39 – 51",600039374,"Fakultní základní škola PedF UK a Mateřská škola U Studánky Praha 7, Umělecká 8",vyhlaska-hmp-19-2025_via-P6.pdf,2026-01-01
Praha 7,Malířská,,600039374,"Fakultní základní škola PedF UK a Mateřská škola U Studánky Praha 7, Umělecká 8",vyhlaska-hmp-19-2025_via-P6.pdf,2026-01-01
Praha 7,Na šachtě,,600039374,"Fakultní základní škola PedF UK a Mateřská škola U Studánky Praha 7, Umělecká 8",vyhlaska-hmp-19-2025_via-P6.pdf,2026-01-01
Praha 7,Schnirchova,"sudá č. 18 – 32, lichá č. 15 –",600039374,"Fakultní základní škola PedF UK a Mateřská škola U Studánky Praha 7, Umělecká 8",vyhlaska-hmp-19-2025_via-P6.pdf,2026-01-01
Praha 7,Sochařská,,600039374,"Fakultní základní škola PedF UK a Mateřská škola U Studánky Praha 7, Umělecká 8",vyhlaska-hmp-19-2025_via-P6.pdf,2026-01-01
Praha 7,Strojnická,,600039374,"Fakultní základní škola PedF UK a Mateřská škola U Studánky Praha 7, Umělecká 8",vyhlaska-hmp-19-2025_via-P6.pdf,2026-01-01
Praha 7,U Výstaviště,,600039374,"Fakultní základní škola PedF UK a Mateřská škola U Studánky Praha 7, Umělecká 8",vyhlaska-hmp-19-2025_via-P6.pdf,2026-01-01
Praha 7,U akademie,,600039374,"Fakultní základní škola PedF UK a Mateřská škola U Studánky Praha 7, Umělecká 8",vyhlaska-hmp-19-2025_via-P6.pdf,2026-01-01
Praha 7,U smaltovny,"sudá č. 20 – 32, lichá č. 17 – 29",600039374,"Fakultní základní škola PedF UK a Mateřská škola U Studánky Praha 7, Umělecká 8",vyhlaska-hmp-19-2025_via-P6.pdf,2026-01-01
Praha 7,U studánky,,600039374,"Fakultní základní škola PedF UK a Mateřská škola U Studánky Praha 7, Umělecká 8",vyhlaska-hmp-19-2025_via-P6.pdf,2026-01-01
Praha 7,Umělecká,,600039374,"Fakultní základní škola PedF UK a Mateřská škola U Studánky Praha 7, Umělecká 8",vyhlaska-hmp-19-2025_via-P6.pdf,2026-01-01
Praha 7,Veletržní,sudá č. 2 – 50,600039374,"Fakultní základní škola PedF UK a Mateřská škola U Studánky Praha 7, Umělecká 8",vyhlaska-hmp-19-2025_via-P6.pdf,2026-01-01
Praha 7,Za elektrárnou,,600039374,"Fakultní základní škola PedF UK a Mateřská škola U Studánky Praha 7, Umělecká 8",vyhlaska-hmp-19-2025_via-P6.pdf,2026-01-01
Praha 7,Šimáčkova,,600039374,"Fakultní základní škola PedF UK a Mateřská škola U Studánky Praha 7, Umělecká 8",vyhlaska-hmp-19-2025_via-P6.pdf,2026-01-01
Praha 7,Bubenské nábřeží,"sudá č. 2 – 6, lichá č. 1 – 5",600039404,"Základní škola Fr. Plamínkové s rozšířenou výukou jazyků Praha 7, Františka Křížka 2",vyhlaska-hmp-19-2025_via-P6.pdf,2026-01-01
Praha 7,Dobrovského,,600039404,"Základní škola Fr. Plamínkové s rozšířenou výukou jazyků Praha 7, Františka Křížka 2",vyhlaska-hmp-19-2025_via-P6.pdf,2026-01-01
Praha 7,Dukelských hrdinů,lichá č. 1 – 17,600039404,"Základní škola Fr. Plamínkové s rozšířenou výukou jazyků Praha 7, Františka Křížka 2",vyhlaska-hmp-19-2025_via-P6.pdf,2026-01-01
Praha 7,Františka Křížka,"lichá č. 1 – 9, sudá č. 4 – 20,",600039404,"Základní škola Fr. Plamínkové s rozšířenou výukou jazyků Praha 7, Františka Křížka 2",vyhlaska-hmp-19-2025_via-P6.pdf,2026-01-01
Praha 7,Jirečkova,,600039404,"Základní škola Fr. Plamínkové s rozšířenou výukou jazyků Praha 7, Františka Křížka 2",vyhlaska-hmp-19-2025_via-P6.pdf,2026-01-01
Praha 7,Kamenická,"lichá č. 1 – 25, sudá č. 2 - 24",600039404,"Základní škola Fr. Plamínkové s rozšířenou výukou jazyků Praha 7, Františka Křížka 2",vyhlaska-hmp-19-2025_via-P6.pdf,2026-01-01
Praha 7,Kostelní,,600039404,"Základní škola Fr. Plamínkové s rozšířenou výukou jazyků Praha 7, Františka Křížka 2",vyhlaska-hmp-19-2025_via-P6.pdf,2026-01-01
Praha 7,Letenské sady,,600039404,"Základní škola Fr. Plamínkové s rozšířenou výukou jazyků Praha 7, Františka Křížka 2",vyhlaska-hmp-19-2025_via-P6.pdf,2026-01-01
Praha 7,Letohradská,,600039404,"Základní škola Fr. Plamínkové s rozšířenou výukou jazyků Praha 7, Františka Křížka 2",vyhlaska-hmp-19-2025_via-P6.pdf,2026-01-01
Praha 7,Muzejní,,600039404,"Základní škola Fr. Plamínkové s rozšířenou výukou jazyků Praha 7, Františka Křížka 2",vyhlaska-hmp-19-2025_via-P6.pdf,2026-01-01
Praha 7,Na ovčinách,,600039404,"Základní škola Fr. Plamínkové s rozšířenou výukou jazyků Praha 7, Františka Křížka 2",vyhlaska-hmp-19-2025_via-P6.pdf,2026-01-01
Praha 7,Nad štolou,,600039404,"Základní škola Fr. Plamínkové s rozšířenou výukou jazyků Praha 7, Františka Křížka 2",vyhlaska-hmp-19-2025_via-P6.pdf,2026-01-01
Praha 7,Ostrov Štvanice,,600039404,"Základní škola Fr. Plamínkové s rozšířenou výukou jazyků Praha 7, Františka Křížka 2",vyhlaska-hmp-19-2025_via-P6.pdf,2026-01-01
Praha 7,Ovenecká,"sudá č. 2 – 24, lichá č. 1 – 19",600039404,"Základní škola Fr. Plamínkové s rozšířenou výukou jazyků Praha 7, Františka Křížka 2",vyhlaska-hmp-19-2025_via-P6.pdf,2026-01-01
Praha 7,Skalecká,,600039404,"Základní škola Fr. Plamínkové s rozšířenou výukou jazyků Praha 7, Františka Křížka 2",vyhlaska-hmp-19-2025_via-P6.pdf,2026-01-01
Praha 7,U letenského sadu,,600039404,"Základní škola Fr. Plamínkové s rozšířenou výukou jazyků Praha 7, Františka Křížka 2",vyhlaska-hmp-19-2025_via-P6.pdf,2026-01-01
Praha 7,Veverkova,"sudá č. 2 – 16, lichá č. 1 – 13",600039404,"Základní škola Fr. Plamínkové s rozšířenou výukou jazyků Praha 7, Františka Křížka 2",vyhlaska-hmp-19-2025_via-P6.pdf,2026-01-01
Praha 7,Vinařská,,600039404,"Základní škola Fr. Plamínkové s rozšířenou výukou jazyků Praha 7, Františka Křížka 2",vyhlaska-hmp-19-2025_via-P6.pdf,2026-01-01
Praha 7,nábřeží Edvarda Beneše,č. 10,600039404,"Základní škola Fr. Plamínkové s rozšířenou výukou jazyků Praha 7, Františka Křížka 2",vyhlaska-hmp-19-2025_via-P6.pdf,2026-01-01
Praha 7,nábřeží Kapitána Jaroše,,600039404,"Základní škola Fr. Plamínkové s rozšířenou výukou jazyků Praha 7, Františka Křížka 2",vyhlaska-hmp-19-2025_via-P6.pdf,2026-01-01
Praha 7,Badeniho,č. 2 – 6,600039382,"Základní škola Praha 7, Korunovační 8",vyhlaska-hmp-19-2025_via-P6.pdf,2026-01-01
Praha 7,Havanská,,600039382,"Základní škola Praha 7, Korunovační 8",vyhlaska-hmp-19-2025_via-P6.pdf,2026-01-01
Praha 7,Jana Zajíce,,600039382,"Základní škola Praha 7, Korunovační 8",vyhlaska-hmp-19-2025_via-P6.pdf,2026-01-01
Praha 7,Keramická,,600039382,"Základní škola Praha 7, Korunovační 8",vyhlaska-hmp-19-2025_via-P6.pdf,2026-01-01
Praha 7,Korunovační,,600039382,"Základní škola Praha 7, Korunovační 8",vyhlaska-hmp-19-2025_via-P6.pdf,2026-01-01
Praha 7,Královská obora,,600039382,"Základní škola Praha 7, Korunovační 8",vyhlaska-hmp-19-2025_via-P6.pdf,2026-01-01
Praha 7,Letenské náměstí,,600039382,"Základní škola Praha 7, Korunovační 8",vyhlaska-hmp-19-2025_via-P6.pdf,2026-01-01
Praha 7,Milady Horákové,"sudá č. 66 – 98, lichá č. 69 – 95",600039382,"Základní škola Praha 7, Korunovační 8",vyhlaska-hmp-19-2025_via-P6.pdf,2026-01-01
Praha 7,Na výšinách,,600039382,"Základní škola Praha 7, Korunovační 8",vyhlaska-hmp-19-2025_via-P6.pdf,2026-01-01
Praha 7,Na Špejcharu,,600039382,"Základní škola Praha 7, Korunovační 8",vyhlaska-hmp-19-2025_via-P6.pdf,2026-01-01
Praha 7,Nad Královskou oborou,,600039382,"Základní škola Praha 7, Korunovační 8",vyhlaska-hmp-19-2025_via-P6.pdf,2026-01-01
Praha 7,Ovenecká,"sudá č. 26 – 46, lichá č. 21 – 47",600039382,"Základní škola Praha 7, Korunovační 8",vyhlaska-hmp-19-2025_via-P6.pdf,2026-01-01
Praha 7,Sládkova,,600039382,"Základní škola Praha 7, Korunovační 8",vyhlaska-hmp-19-2025_via-P6.pdf,2026-01-01
Praha 7,U Sparty,,600039382,"Základní škola Praha 7, Korunovační 8",vyhlaska-hmp-19-2025_via-P6.pdf,2026-01-01
Praha 7,U letenské vodárny,,600039382,"Základní škola Praha 7, Korunovační 8",vyhlaska-hmp-19-2025_via-P6.pdf,2026-01-01
Praha 7,Za Císařským mlýnem,,600039382,"Základní škola Praha 7, Korunovační 8",vyhlaska-hmp-19-2025_via-P6.pdf,2026-01-01
Praha 7,nábřeží Edvarda Beneše,č. 7,600039382,"Základní škola Praha 7, Korunovační 8",vyhlaska-hmp-19-2025_via-P6.pdf,2026-01-01
Praha 7,Čechova,,600039382,"Základní škola Praha 7, Korunovační 8",vyhlaska-hmp-19-2025_via-P6.pdf,2026-01-01
Praha 7,Šmeralova,,600039382,"Základní škola Praha 7, Korunovační 8",vyhlaska-hmp-19-2025_via-P6.pdf,2026-01-01
Praha 7,Antonínská,,600039391,"Základní škola Praha 7, Strossmayerovo náměstí 4",vyhlaska-hmp-19-2025_via-P6.pdf,2026-01-01
Praha 7,Bubenská,"sudá č. 2 – 8, lichá č. 1 – 29",600039391,"Základní škola Praha 7, Strossmayerovo náměstí 4",vyhlaska-hmp-19-2025_via-P6.pdf,2026-01-01
Praha 7,Dukelských hrdinů,"sudá č. 4 – 38, lichá č. 19 – 49",600039391,"Základní škola Praha 7, Strossmayerovo náměstí 4",vyhlaska-hmp-19-2025_via-P6.pdf,2026-01-01
Praha 7,Farského,,600039391,"Základní škola Praha 7, Strossmayerovo náměstí 4",vyhlaska-hmp-19-2025_via-P6.pdf,2026-01-01
Praha 7,Františka Křížka,"lichá č. 11 – 27, sudá č. 22 – 38",600039391,"Základní škola Praha 7, Strossmayerovo náměstí 4",vyhlaska-hmp-19-2025_via-P6.pdf,2026-01-01
Praha 7,Haškova,,600039391,"Základní škola Praha 7, Strossmayerovo náměstí 4",vyhlaska-hmp-19-2025_via-P6.pdf,2026-01-01
Praha 7,Heřmanova,,600039391,"Základní škola Praha 7, Strossmayerovo náměstí 4",vyhlaska-hmp-19-2025_via-P6.pdf,2026-01-01
Praha 7,Janovského,"sudá č. 2 – 30, lichá č. 1 – 39",600039391,"Základní škola Praha 7, Strossmayerovo náměstí 4",vyhlaska-hmp-19-2025_via-P6.pdf,2026-01-01
Praha 7,Kamenická,"lichá č. 27 – 37, sudá č. 26 – 36",600039391,"Základní škola Praha 7, Strossmayerovo náměstí 4",vyhlaska-hmp-19-2025_via-P6.pdf,2026-01-01
Praha 7,Milady Horákové,"sudá č. 2 – 62, lichá č. 1 – 67",600039391,"Základní škola Praha 7, Strossmayerovo náměstí 4",vyhlaska-hmp-19-2025_via-P6.pdf,2026-01-01
Praha 7,Pplk. Sochora,,600039391,"Základní škola Praha 7, Strossmayerovo náměstí 4",vyhlaska-hmp-19-2025_via-P6.pdf,2026-01-01
Praha 7,Schnirchova,"sudá č. 2 – 12, lichá č. 1 – 11",600039391,"Základní škola Praha 7, Strossmayerovo náměstí 4",vyhlaska-hmp-19-2025_via-P6.pdf,2026-01-01
Praha 7,Strossmayerovo náměstí,,600039391,"Základní škola Praha 7, Strossmayerovo náměstí 4",vyhlaska-hmp-19-2025_via-P6.pdf,2026-01-01
Praha 7,U smaltovny,"sudá č. 2 – 16, lichá č. 3 – 15",600039391,"Základní škola Praha 7, Strossmayerovo náměstí 4",vyhlaska-hmp-19-2025_via-P6.pdf,2026-01-01
Praha 7,Veletržní,lichá č. 1 – 75,600039391,"Základní škola Praha 7, Strossmayerovo náměstí 4",vyhlaska-hmp-19-2025_via-P6.pdf,2026-01-01
Praha 7,Veverkova,"sudá č. 18 – 28, lichá č. 15 – 37",600039391,"Základní škola Praha 7, Strossmayerovo náměstí 4",vyhlaska-hmp-19-2025_via-P6.pdf,2026-01-01
Praha 7,Řezáčovo náměstí,,600039391,"Základní škola Praha 7, Strossmayerovo náměstí 4",vyhlaska-hmp-19-2025_via-P6.pdf,2026-01-01
Praha 7,Šternberkova,,600039391,"Základní škola Praha 7, Strossmayerovo náměstí 4",vyhlaska-hmp-19-2025_via-P6.pdf,2026-01-01
Praha 7,Argentinská,"sudá č. 32 – 40, lichá č. 13 – 23",600039439,"Základní škola T. G. Masaryka Praha 7, Ortenovo náměstí 34",vyhlaska-hmp-19-2025_via-P6.pdf,2026-01-01
Praha 7,Bondyho,,600039439,"Základní škola T. G. Masaryka Praha 7, Ortenovo náměstí 34",vyhlaska-hmp-19-2025_via-P6.pdf,2026-01-01
Praha 7,Holešovické nábřeží,,600039439,"Základní škola T. G. Masaryka Praha 7, Ortenovo náměstí 34",vyhlaska-hmp-19-2025_via-P6.pdf,2026-01-01
Praha 7,Jablonského,,600039439,"Základní škola T. G. Masaryka Praha 7, Ortenovo náměstí 34",vyhlaska-hmp-19-2025_via-P6.pdf,2026-01-01
Praha 7,Jankovcova,"sudá č. 6 – 64, lichá č. 25 – 69",600039439,"Základní škola T. G. Masaryka Praha 7, Ortenovo náměstí 34",vyhlaska-hmp-19-2025_via-P6.pdf,2026-01-01
Praha 7,"Komunardů č. 42, lichá č. 41",59,600039439,"Základní škola T. G. Masaryka Praha 7, Ortenovo náměstí 34",vyhlaska-hmp-19-2025_via-P6.pdf,2026-01-01
Praha 7,Kouteckého,,600039439,"Základní škola T. G. Masaryka Praha 7, Ortenovo náměstí 34",vyhlaska-hmp-19-2025_via-P6.pdf,2026-01-01
Praha 7,Malá Plynární,,600039439,"Základní škola T. G. Masaryka Praha 7, Ortenovo náměstí 34",vyhlaska-hmp-19-2025_via-P6.pdf,2026-01-01
Praha 7,Na Maninách,"sudá č. 36 – 56, č. 29",600039439,"Základní škola T. G. Masaryka Praha 7, Ortenovo náměstí 34",vyhlaska-hmp-19-2025_via-P6.pdf,2026-01-01
Praha 7,Na zátorách,,600039439,"Základní škola T. G. Masaryka Praha 7, Ortenovo náměstí 34",vyhlaska-hmp-19-2025_via-P6.pdf,2026-01-01
Praha 7,Ortenovo náměstí,,600039439,"Základní škola T. G. Masaryka Praha 7, Ortenovo náměstí 34",vyhlaska-hmp-19-2025_via-P6.pdf,2026-01-01
Praha 7,Osadní,"sudá č. 26 – 40, lichá č. 39 – 45",600039439,"Základní škola T. G. Masaryka Praha 7, Ortenovo náměstí 34",vyhlaska-hmp-19-2025_via-P6.pdf,2026-01-01
Praha 7,Partyzánská,,600039439,"Základní škola T. G. Masaryka Praha 7, Ortenovo náměstí 34",vyhlaska-hmp-19-2025_via-P6.pdf,2026-01-01
Praha 7,Plynární,,600039439,"Základní škola T. G. Masaryka Praha 7, Ortenovo náměstí 34",vyhlaska-hmp-19-2025_via-P6.pdf,2026-01-01
Praha 7,Pod dráhou,,600039439,"Základní škola T. G. Masaryka Praha 7, Ortenovo náměstí 34",vyhlaska-hmp-19-2025_via-P6.pdf,2026-01-01
Praha 7,Poupětova,,600039439,"Základní škola T. G. Masaryka Praha 7, Ortenovo náměstí 34",vyhlaska-hmp-19-2025_via-P6.pdf,2026-01-01
Praha 7,Přístavní,lichá č. 35 – 55,600039439,"Základní škola T. G. Masaryka Praha 7, Ortenovo náměstí 34",vyhlaska-hmp-19-2025_via-P6.pdf,2026-01-01
Praha 7,Přívozní,,600039439,"Základní škola T. G. Masaryka Praha 7, Ortenovo náměstí 34",vyhlaska-hmp-19-2025_via-P6.pdf,2026-01-01
Praha 7,Rajská,,600039439,"Základní škola T. G. Masaryka Praha 7, Ortenovo náměstí 34",vyhlaska-hmp-19-2025_via-P6.pdf,2026-01-01
Praha 7,Sanderova,,600039439,"Základní škola T. G. Masaryka Praha 7, Ortenovo náměstí 34",vyhlaska-hmp-19-2025_via-P6.pdf,2026-01-01
Praha 7,U Pergamenky,,600039439,"Základní škola T. G. Masaryka Praha 7, Ortenovo náměstí 34",vyhlaska-hmp-19-2025_via-P6.pdf,2026-01-01
Praha 7,U Uranie,,600039439,"Základní škola T. G. Masaryka Praha 7, Ortenovo náměstí 34",vyhlaska-hmp-19-2025_via-P6.pdf,2026-01-01
Praha 7,U elektrárny,,600039439,"Základní škola T. G. Masaryka Praha 7, Ortenovo náměstí 34",vyhlaska-hmp-19-2025_via-P6.pdf,2026-01-01
Praha 7,U městských domů,,600039439,"Základní škola T. G. Masaryka Praha 7, Ortenovo náměstí 34",vyhlaska-hmp-19-2025_via-P6.pdf,2026-01-01
Praha 7,U měšťanského pivovaru,,600039439,"Základní škola T. G. Masaryka Praha 7, Ortenovo náměstí 34",vyhlaska-hmp-19-2025_via-P6.pdf,2026-01-01
Praha 7,U papírny,,600039439,"Základní škola T. G. Masaryka Praha 7, Ortenovo náměstí 34",vyhlaska-hmp-19-2025_via-P6.pdf,2026-01-01
Praha 7,U parního mlýna,,600039439,"Základní škola T. G. Masaryka Praha 7, Ortenovo náměstí 34",vyhlaska-hmp-19-2025_via-P6.pdf,2026-01-01
Praha 7,U průhonu,"sudá č. 44 – 64, lichá č. 1 – 31",600039439,"Základní škola T. G. Masaryka Praha 7, Ortenovo náměstí 34",vyhlaska-hmp-19-2025_via-P6.pdf,2026-01-01
Praha 7,U staré plynárny,,600039439,"Základní škola T. G. Masaryka Praha 7, Ortenovo náměstí 34",vyhlaska-hmp-19-2025_via-P6.pdf,2026-01-01
Praha 7,U vody,,600039439,"Základní škola T. G. Masaryka Praha 7, Ortenovo náměstí 34",vyhlaska-hmp-19-2025_via-P6.pdf,2026-01-01
Praha 7,V háji,"sudá č. 18 – 32, lichá č. 31 – 45",600039439,"Základní škola T. G. Masaryka Praha 7, Ortenovo náměstí 34",vyhlaska-hmp-19-2025_via-P6.pdf,2026-01-01
Praha 7,V přístavu,,600039439,"Základní škola T. G. Masaryka Praha 7, Ortenovo náměstí 34",vyhlaska-hmp-19-2025_via-P6.pdf,2026-01-01
Praha 7,V zákoutí,,600039439,"Základní škola T. G. Masaryka Praha 7, Ortenovo náměstí 34",vyhlaska-hmp-19-2025_via-P6.pdf,2026-01-01
Praha 7,V závětří,,600039439,"Základní škola T. G. Masaryka Praha 7, Ortenovo náměstí 34",vyhlaska-hmp-19-2025_via-P6.pdf,2026-01-01
Praha 7,Varhulíkové,,600039439,"Základní škola T. G. Masaryka Praha 7, Ortenovo náměstí 34",vyhlaska-hmp-19-2025_via-P6.pdf,2026-01-01
Praha 7,Vrbenského,,600039439,"Základní škola T. G. Masaryka Praha 7, Ortenovo náměstí 34",vyhlaska-hmp-19-2025_via-P6.pdf,2026-01-01
Praha 7,Za papírnou,,600039439,"Základní škola T. G. Masaryka Praha 7, Ortenovo náměstí 34",vyhlaska-hmp-19-2025_via-P6.pdf,2026-01-01
Praha 7,Železničářů,,600039439,"Základní škola T. G. Masaryka Praha 7, Ortenovo náměstí 34",vyhlaska-hmp-19-2025_via-P6.pdf,2026-01-01
Praha 7,Argentinská,"sudá č. 2 – 30, lichá č. 1 – 11",600039412,"Základní škola a Mateřská škola Praha 7, Tusarova 21",vyhlaska-hmp-19-2025_via-P6.pdf,2026-01-01
Praha 7,Bubenské nábřeží,"sudá č. 8 – 12, lichá č. 7 – 13",600039412,"Základní škola a Mateřská škola Praha 7, Tusarova 21",vyhlaska-hmp-19-2025_via-P6.pdf,2026-01-01
Praha 7,Dělnická,,600039412,"Základní škola a Mateřská škola Praha 7, Tusarova 21",vyhlaska-hmp-19-2025_via-P6.pdf,2026-01-01
Praha 7,Jankovcova,"sudá č. 2 – 4, lichá č. 1 – 23",600039412,"Základní škola a Mateřská škola Praha 7, Tusarova 21",vyhlaska-hmp-19-2025_via-P6.pdf,2026-01-01
Praha 7,Jateční,,600039412,"Základní škola a Mateřská škola Praha 7, Tusarova 21",vyhlaska-hmp-19-2025_via-P6.pdf,2026-01-01
Praha 7,Komunardů,"sudá č. 2 – 40, lichá č. 1 – 39",600039412,"Základní škola a Mateřská škola Praha 7, Tusarova 21",vyhlaska-hmp-19-2025_via-P6.pdf,2026-01-01
Praha 7,Na Maninách,"sudá č. 2 – 34, lichá č. 1 – 27",600039412,"Základní škola a Mateřská škola Praha 7, Tusarova 21",vyhlaska-hmp-19-2025_via-P6.pdf,2026-01-01
Praha 7,Osadní,"sudá č. 2 – 24, lichá č. 1 – 37",600039412,"Základní škola a Mateřská škola Praha 7, Tusarova 21",vyhlaska-hmp-19-2025_via-P6.pdf,2026-01-01
Praha 7,Přístavní,"sudá č. 2 – 48, lichá č. 1 – 33",600039412,"Základní škola a Mateřská škola Praha 7, Tusarova 21",vyhlaska-hmp-19-2025_via-P6.pdf,2026-01-01
Praha 7,Stupkova,,600039412,"Základní škola a Mateřská škola Praha 7, Tusarova 21",vyhlaska-hmp-19-2025_via-P6.pdf,2026-01-01
Praha 7,Tovární,,600039412,"Základní škola a Mateřská škola Praha 7, Tusarova 21",vyhlaska-hmp-19-2025_via-P6.pdf,2026-01-01
Praha 7,Tusarova,,600039412,"Základní škola a Mateřská škola Praha 7, Tusarova 21",vyhlaska-hmp-19-2025_via-P6.pdf,2026-01-01
Praha 7,U garáží,,600039412,"Základní škola a Mateřská škola Praha 7, Tusarova 21",vyhlaska-hmp-19-2025_via-P6.pdf,2026-01-01
Praha 7,U průhonu,sudá č. 2 – 42,600039412,"Základní škola a Mateřská škola Praha 7, Tusarova 21",vyhlaska-hmp-19-2025_via-P6.pdf,2026-01-01
Praha 7,U topíren,,600039412,"Základní škola a Mateřská škola Praha 7, Tusarova 21",vyhlaska-hmp-19-2025_via-P6.pdf,2026-01-01
Praha 7,V háji,"sudá č. 2 – 16, lichá č. 1 – 29",600039412,"Základní škola a Mateřská škola Praha 7, Tusarova 21",vyhlaska-hmp-19-2025_via-P6.pdf,2026-01-01
Praha 7,Za viaduktem,,600039412,"Základní škola a Mateřská škola Praha 7, Tusarova 21",vyhlaska-hmp-19-2025_via-P6.pdf,2026-01-01
Praha 8,Andrštova,,600039897,"Základní škola Bohumila Hrabala, Praha 8, Zenklova 52",vyhlaska-hmp-19-2025_via-P6.pdf,2026-01-01
Praha 8,Bednářská,,600039897,"Základní škola Bohumila Hrabala, Praha 8, Zenklova 52",vyhlaska-hmp-19-2025_via-P6.pdf,2026-01-01
Praha 8,Braunerova,,600039897,"Základní škola Bohumila Hrabala, Praha 8, Zenklova 52",vyhlaska-hmp-19-2025_via-P6.pdf,2026-01-01
Praha 8,Bryknarova,,600039897,"Základní škola Bohumila Hrabala, Praha 8, Zenklova 52",vyhlaska-hmp-19-2025_via-P6.pdf,2026-01-01
Praha 8,Budilova,,600039897,"Základní škola Bohumila Hrabala, Praha 8, Zenklova 52",vyhlaska-hmp-19-2025_via-P6.pdf,2026-01-01
Praha 8,Budínova,,600039897,"Základní škola Bohumila Hrabala, Praha 8, Zenklova 52",vyhlaska-hmp-19-2025_via-P6.pdf,2026-01-01
Praha 8,Bulovka,,600039897,"Základní škola Bohumila Hrabala, Praha 8, Zenklova 52",vyhlaska-hmp-19-2025_via-P6.pdf,2026-01-01
Praha 8,Chlumčanského,,600039897,"Základní škola Bohumila Hrabala, Praha 8, Zenklova 52",vyhlaska-hmp-19-2025_via-P6.pdf,2026-01-01
Praha 8,Chocholouškova,,600039897,"Základní škola Bohumila Hrabala, Praha 8, Zenklova 52",vyhlaska-hmp-19-2025_via-P6.pdf,2026-01-01
Praha 8,Elsnicovo náměstí,,600039897,"Základní škola Bohumila Hrabala, Praha 8, Zenklova 52",vyhlaska-hmp-19-2025_via-P6.pdf,2026-01-01
Praha 8,Františka Kadlece,,600039897,"Základní škola Bohumila Hrabala, Praha 8, Zenklova 52",vyhlaska-hmp-19-2025_via-P6.pdf,2026-01-01
Praha 8,Hejtmánkova,,600039897,"Základní škola Bohumila Hrabala, Praha 8, Zenklova 52",vyhlaska-hmp-19-2025_via-P6.pdf,2026-01-01
Praha 8,Horovo náměstí,,600039897,"Základní škola Bohumila Hrabala, Praha 8, Zenklova 52",vyhlaska-hmp-19-2025_via-P6.pdf,2026-01-01
Praha 8,Kandertova,,600039897,"Základní škola Bohumila Hrabala, Praha 8, Zenklova 52",vyhlaska-hmp-19-2025_via-P6.pdf,2026-01-01
Praha 8,Karla Hlaváčka,,600039897,"Základní škola Bohumila Hrabala, Praha 8, Zenklova 52",vyhlaska-hmp-19-2025_via-P6.pdf,2026-01-01
Praha 8,Kašparovo náměstí,,600039897,"Základní škola Bohumila Hrabala, Praha 8, Zenklova 52",vyhlaska-hmp-19-2025_via-P6.pdf,2026-01-01
Praha 8,Klihařská,,600039897,"Základní škola Bohumila Hrabala, Praha 8, Zenklova 52",vyhlaska-hmp-19-2025_via-P6.pdf,2026-01-01
Praha 8,Konšelská,,600039897,"Základní škola Bohumila Hrabala, Praha 8, Zenklova 52",vyhlaska-hmp-19-2025_via-P6.pdf,2026-01-01
Praha 8,Kotlaska,,600039897,"Základní škola Bohumila Hrabala, Praha 8, Zenklova 52",vyhlaska-hmp-19-2025_via-P6.pdf,2026-01-01
Praha 8,Krejčího,,600039897,"Základní škola Bohumila Hrabala, Praha 8, Zenklova 52",vyhlaska-hmp-19-2025_via-P6.pdf,2026-01-01
Praha 8,Kundratka,,600039897,"Základní škola Bohumila Hrabala, Praha 8, Zenklova 52",vyhlaska-hmp-19-2025_via-P6.pdf,2026-01-01
Praha 8,Lindnerova,,600039897,"Základní škola Bohumila Hrabala, Praha 8, Zenklova 52",vyhlaska-hmp-19-2025_via-P6.pdf,2026-01-01
Praha 8,Na Dědince,,600039897,"Základní škola Bohumila Hrabala, Praha 8, Zenklova 52",vyhlaska-hmp-19-2025_via-P6.pdf,2026-01-01
Praha 8,Na Korábě,,600039897,"Základní škola Bohumila Hrabala, Praha 8, Zenklova 52",vyhlaska-hmp-19-2025_via-P6.pdf,2026-01-01
Praha 8,Na Košince,,600039897,"Základní škola Bohumila Hrabala, Praha 8, Zenklova 52",vyhlaska-hmp-19-2025_via-P6.pdf,2026-01-01
Praha 8,Na Labuťce I,,600039897,"Základní škola Bohumila Hrabala, Praha 8, Zenklova 52",vyhlaska-hmp-19-2025_via-P6.pdf,2026-01-01
Praha 8,Na Labuťce II,,600039897,"Základní škola Bohumila Hrabala, Praha 8, Zenklova 52",vyhlaska-hmp-19-2025_via-P6.pdf,2026-01-01
Praha 8,Na Labuťce III,,600039897,"Základní škola Bohumila Hrabala, Praha 8, Zenklova 52",vyhlaska-hmp-19-2025_via-P6.pdf,2026-01-01
Praha 8,Na Labuťce IV,,600039897,"Základní škola Bohumila Hrabala, Praha 8, Zenklova 52",vyhlaska-hmp-19-2025_via-P6.pdf,2026-01-01
Praha 8,Na Libušáku,,600039897,"Základní škola Bohumila Hrabala, Praha 8, Zenklova 52",vyhlaska-hmp-19-2025_via-P6.pdf,2026-01-01
Praha 8,Na Rokytce,,600039897,"Základní škola Bohumila Hrabala, Praha 8, Zenklova 52",vyhlaska-hmp-19-2025_via-P6.pdf,2026-01-01
Praha 8,Na Truhlářce,,600039897,"Základní škola Bohumila Hrabala, Praha 8, Zenklova 52",vyhlaska-hmp-19-2025_via-P6.pdf,2026-01-01
Praha 8,Na hájku,,600039897,"Základní škola Bohumila Hrabala, Praha 8, Zenklova 52",vyhlaska-hmp-19-2025_via-P6.pdf,2026-01-01
Praha 8,Na rozhraní,liché č. 1,600039897,"Základní škola Bohumila Hrabala, Praha 8, Zenklova 52",vyhlaska-hmp-19-2025_via-P6.pdf,2026-01-01
Praha 8,Na srázu,,600039897,"Základní škola Bohumila Hrabala, Praha 8, Zenklova 52",vyhlaska-hmp-19-2025_via-P6.pdf,2026-01-01
Praha 8,Na stráži,"lichá č. 1 – 31, sudá č. 2 – 44",600039897,"Základní škola Bohumila Hrabala, Praha 8, Zenklova 52",vyhlaska-hmp-19-2025_via-P6.pdf,2026-01-01
Praha 8,Na sypkém,,600039897,"Základní škola Bohumila Hrabala, Praha 8, Zenklova 52",vyhlaska-hmp-19-2025_via-P6.pdf,2026-01-01
Praha 8,Na vartě,,600039897,"Základní škola Bohumila Hrabala, Praha 8, Zenklova 52",vyhlaska-hmp-19-2025_via-P6.pdf,2026-01-01
Praha 8,Na Šedivé,,600039897,"Základní škola Bohumila Hrabala, Praha 8, Zenklova 52",vyhlaska-hmp-19-2025_via-P6.pdf,2026-01-01
Praha 8,Na Šilbochu,,600039897,"Základní škola Bohumila Hrabala, Praha 8, Zenklova 52",vyhlaska-hmp-19-2025_via-P6.pdf,2026-01-01
Praha 8,Nad Bání,,600039897,"Základní škola Bohumila Hrabala, Praha 8, Zenklova 52",vyhlaska-hmp-19-2025_via-P6.pdf,2026-01-01
Praha 8,Nad Kotlaskou I,,600039897,"Základní škola Bohumila Hrabala, Praha 8, Zenklova 52",vyhlaska-hmp-19-2025_via-P6.pdf,2026-01-01
Praha 8,Nad Kotlaskou II,,600039897,"Základní škola Bohumila Hrabala, Praha 8, Zenklova 52",vyhlaska-hmp-19-2025_via-P6.pdf,2026-01-01
Praha 8,Nad Kotlaskou III,,600039897,"Základní škola Bohumila Hrabala, Praha 8, Zenklova 52",vyhlaska-hmp-19-2025_via-P6.pdf,2026-01-01
Praha 8,Nad Kotlaskou IV,,600039897,"Základní škola Bohumila Hrabala, Praha 8, Zenklova 52",vyhlaska-hmp-19-2025_via-P6.pdf,2026-01-01
Praha 8,Nad Kotlaskou V,,600039897,"Základní škola Bohumila Hrabala, Praha 8, Zenklova 52",vyhlaska-hmp-19-2025_via-P6.pdf,2026-01-01
Praha 8,Nad Kundratkou,,600039897,"Základní škola Bohumila Hrabala, Praha 8, Zenklova 52",vyhlaska-hmp-19-2025_via-P6.pdf,2026-01-01
Praha 8,Nad košinkou,,600039897,"Základní škola Bohumila Hrabala, Praha 8, Zenklova 52",vyhlaska-hmp-19-2025_via-P6.pdf,2026-01-01
Praha 8,Nad odbočkou,,600039897,"Základní škola Bohumila Hrabala, Praha 8, Zenklova 52",vyhlaska-hmp-19-2025_via-P6.pdf,2026-01-01
Praha 8,Nad Šetelkou,,600039897,"Základní škola Bohumila Hrabala, Praha 8, Zenklova 52",vyhlaska-hmp-19-2025_via-P6.pdf,2026-01-01
Praha 8,Pivovarnická,,600039897,"Základní škola Bohumila Hrabala, Praha 8, Zenklova 52",vyhlaska-hmp-19-2025_via-P6.pdf,2026-01-01
Praha 8,Pod Labuťkou,,600039897,"Základní škola Bohumila Hrabala, Praha 8, Zenklova 52",vyhlaska-hmp-19-2025_via-P6.pdf,2026-01-01
Praha 8,Pod bání,,600039897,"Základní škola Bohumila Hrabala, Praha 8, Zenklova 52",vyhlaska-hmp-19-2025_via-P6.pdf,2026-01-01
Praha 8,Pod Čertovou skálou,,600039897,"Základní škola Bohumila Hrabala, Praha 8, Zenklova 52",vyhlaska-hmp-19-2025_via-P6.pdf,2026-01-01
Praha 8,Podlipného,,600039897,"Základní škola Bohumila Hrabala, Praha 8, Zenklova 52",vyhlaska-hmp-19-2025_via-P6.pdf,2026-01-01
Praha 8,Podvinný mlýn,č. p. 246,600039897,"Základní škola Bohumila Hrabala, Praha 8, Zenklova 52",vyhlaska-hmp-19-2025_via-P6.pdf,2026-01-01
Praha 8,Povltavská,"sudá č. 4, 12, ev.č. 680",600039897,"Základní škola Bohumila Hrabala, Praha 8, Zenklova 52",vyhlaska-hmp-19-2025_via-P6.pdf,2026-01-01
Praha 8,Primátorská,,600039897,"Základní škola Bohumila Hrabala, Praha 8, Zenklova 52",vyhlaska-hmp-19-2025_via-P6.pdf,2026-01-01
Praha 8,Prosecká,"lichá č. 1 – 67, sudá č. 4 – 34",600039897,"Základní škola Bohumila Hrabala, Praha 8, Zenklova 52",vyhlaska-hmp-19-2025_via-P6.pdf,2026-01-01
Praha 8,Soví vršek,,600039897,"Základní škola Bohumila Hrabala, Praha 8, Zenklova 52",vyhlaska-hmp-19-2025_via-P6.pdf,2026-01-01
Praha 8,Srbova,,600039897,"Základní škola Bohumila Hrabala, Praha 8, Zenklova 52",vyhlaska-hmp-19-2025_via-P6.pdf,2026-01-01
Praha 8,Stejskalova,,600039897,"Základní škola Bohumila Hrabala, Praha 8, Zenklova 52",vyhlaska-hmp-19-2025_via-P6.pdf,2026-01-01
Praha 8,Stupňová,,600039897,"Základní škola Bohumila Hrabala, Praha 8, Zenklova 52",vyhlaska-hmp-19-2025_via-P6.pdf,2026-01-01
Praha 8,Střížkovská,sudá č. 8 – 64,600039897,"Základní škola Bohumila Hrabala, Praha 8, Zenklova 52",vyhlaska-hmp-19-2025_via-P6.pdf,2026-01-01
Praha 8,U Meteoru,,600039897,"Základní škola Bohumila Hrabala, Praha 8, Zenklova 52",vyhlaska-hmp-19-2025_via-P6.pdf,2026-01-01
Praha 8,U Pekařky,,600039897,"Základní škola Bohumila Hrabala, Praha 8, Zenklova 52",vyhlaska-hmp-19-2025_via-P6.pdf,2026-01-01
Praha 8,U Rokytky,,600039897,"Základní škola Bohumila Hrabala, Praha 8, Zenklova 52",vyhlaska-hmp-19-2025_via-P6.pdf,2026-01-01
Praha 8,U libeňského pivovaru,,600039897,"Základní škola Bohumila Hrabala, Praha 8, Zenklova 52",vyhlaska-hmp-19-2025_via-P6.pdf,2026-01-01
Praha 8,U libeňského zámku,,600039897,"Základní škola Bohumila Hrabala, Praha 8, Zenklova 52",vyhlaska-hmp-19-2025_via-P6.pdf,2026-01-01
Praha 8,U Českých loděnic,,600039897,"Základní škola Bohumila Hrabala, Praha 8, Zenklova 52",vyhlaska-hmp-19-2025_via-P6.pdf,2026-01-01
Praha 8,V Holešovičkách,sudá č. 2 – 52,600039897,"Základní škola Bohumila Hrabala, Praha 8, Zenklova 52",vyhlaska-hmp-19-2025_via-P6.pdf,2026-01-01
Praha 8,V zahradách,,600039897,"Základní škola Bohumila Hrabala, Praha 8, Zenklova 52",vyhlaska-hmp-19-2025_via-P6.pdf,2026-01-01
Praha 8,Valčíkova,"lichá č. 1 – 5, sudá č. 2 – 6",600039897,"Základní škola Bohumila Hrabala, Praha 8, Zenklova 52",vyhlaska-hmp-19-2025_via-P6.pdf,2026-01-01
Praha 8,Ve vrchu,,600039897,"Základní škola Bohumila Hrabala, Praha 8, Zenklova 52",vyhlaska-hmp-19-2025_via-P6.pdf,2026-01-01
Praha 8,Voctářova,"lichá č. 3 – 11, sudá č. 14 – 22",600039897,"Základní škola Bohumila Hrabala, Praha 8, Zenklova 52",vyhlaska-hmp-19-2025_via-P6.pdf,2026-01-01
Praha 8,Vosmíkových,,600039897,"Základní škola Bohumila Hrabala, Praha 8, Zenklova 52",vyhlaska-hmp-19-2025_via-P6.pdf,2026-01-01
Praha 8,Zenklova,"lichá č. 35 – 149, 167 – 169, sudá č. 52 – 196",600039897,"Základní škola Bohumila Hrabala, Praha 8, Zenklova 52",vyhlaska-hmp-19-2025_via-P6.pdf,2026-01-01
Praha 8,náměstí Dr. Václava Holého,,600039897,"Základní škola Bohumila Hrabala, Praha 8, Zenklova 52",vyhlaska-hmp-19-2025_via-P6.pdf,2026-01-01
Praha 8,náměstí Na stráži,,600039897,"Základní škola Bohumila Hrabala, Praha 8, Zenklova 52",vyhlaska-hmp-19-2025_via-P6.pdf,2026-01-01
Praha 8,Čertův vršek,,600039897,"Základní škola Bohumila Hrabala, Praha 8, Zenklova 52",vyhlaska-hmp-19-2025_via-P6.pdf,2026-01-01
Praha 8,Červená báň,,600039897,"Základní škola Bohumila Hrabala, Praha 8, Zenklova 52",vyhlaska-hmp-19-2025_via-P6.pdf,2026-01-01
Praha 8,Farky,,600039854,"Základní škola Mazurská, Praha 8, Svídnická 1a",vyhlaska-hmp-19-2025_via-P6.pdf,2026-01-01
Praha 8,Hnězdenská,"č. 2, 2a, 2b, 2c, 4, 4a, 4b, 4c",600039854,"Základní škola Mazurská, Praha 8, Svídnická 1a",vyhlaska-hmp-19-2025_via-P6.pdf,2026-01-01
Praha 8,Košalinská,,600039854,"Základní škola Mazurská, Praha 8, Svídnická 1a",vyhlaska-hmp-19-2025_via-P6.pdf,2026-01-01
Praha 8,Krynická,,600039854,"Základní škola Mazurská, Praha 8, Svídnická 1a",vyhlaska-hmp-19-2025_via-P6.pdf,2026-01-01
Praha 8,Lodžská,lichá č. 3 – 5,600039854,"Základní škola Mazurská, Praha 8, Svídnická 1a",vyhlaska-hmp-19-2025_via-P6.pdf,2026-01-01
Praha 8,Mazovská,,600039854,"Základní škola Mazurská, Praha 8, Svídnická 1a",vyhlaska-hmp-19-2025_via-P6.pdf,2026-01-01
Praha 8,Mazurská,,600039854,"Základní škola Mazurská, Praha 8, Svídnická 1a",vyhlaska-hmp-19-2025_via-P6.pdf,2026-01-01
Praha 8,Pomořanská,,600039854,"Základní škola Mazurská, Praha 8, Svídnická 1a",vyhlaska-hmp-19-2025_via-P6.pdf,2026-01-01
Praha 8,Radomská,,600039854,"Základní škola Mazurská, Praha 8, Svídnická 1a",vyhlaska-hmp-19-2025_via-P6.pdf,2026-01-01
Praha 8,Ratibořská,,600039854,"Základní škola Mazurská, Praha 8, Svídnická 1a",vyhlaska-hmp-19-2025_via-P6.pdf,2026-01-01
Praha 8,Svídnická,,600039854,"Základní škola Mazurská, Praha 8, Svídnická 1a",vyhlaska-hmp-19-2025_via-P6.pdf,2026-01-01
Praha 8,Tarnovská,,600039854,"Základní škola Mazurská, Praha 8, Svídnická 1a",vyhlaska-hmp-19-2025_via-P6.pdf,2026-01-01
Praha 8,U Pentlovky,,600039854,"Základní škola Mazurská, Praha 8, Svídnická 1a",vyhlaska-hmp-19-2025_via-P6.pdf,2026-01-01
Praha 8,U polikliniky,,600039854,"Základní škola Mazurská, Praha 8, Svídnická 1a",vyhlaska-hmp-19-2025_via-P6.pdf,2026-01-01
Praha 8,Zelenohorská,,600039854,"Základní škola Mazurská, Praha 8, Svídnická 1a",vyhlaska-hmp-19-2025_via-P6.pdf,2026-01-01
Praha 8,Zhořelecká,,600039854,"Základní škola Mazurská, Praha 8, Svídnická 1a",vyhlaska-hmp-19-2025_via-P6.pdf,2026-01-01
Praha 8,Řešovská,sudá č. 2 – 28,600039854,"Základní škola Mazurská, Praha 8, Svídnická 1a",vyhlaska-hmp-19-2025_via-P6.pdf,2026-01-01
Praha 8,Batličkova,,600039935,"Základní škola a mateřská škola Na Slovance, Praha 8, Bedřichovská 1",vyhlaska-hmp-19-2025_via-P6.pdf,2026-01-01
Praha 8,Bedřichovská,,600039935,"Základní škola a mateřská škola Na Slovance, Praha 8, Bedřichovská 1",vyhlaska-hmp-19-2025_via-P6.pdf,2026-01-01
Praha 8,Březenská,,600039935,"Základní škola a mateřská škola Na Slovance, Praha 8, Bedřichovská 1",vyhlaska-hmp-19-2025_via-P6.pdf,2026-01-01
Praha 8,Davídkova,"lichá č. 17 – 95, sudá č. 22 – 114",600039935,"Základní škola a mateřská škola Na Slovance, Praha 8, Bedřichovská 1",vyhlaska-hmp-19-2025_via-P6.pdf,2026-01-01
Praha 8,Dolejškova,,600039935,"Základní škola a mateřská škola Na Slovance, Praha 8, Bedřichovská 1",vyhlaska-hmp-19-2025_via-P6.pdf,2026-01-01
Praha 8,Děčínská,"liché č. 1, sudé č. 2",600039935,"Základní škola a mateřská škola Na Slovance, Praha 8, Bedřichovská 1",vyhlaska-hmp-19-2025_via-P6.pdf,2026-01-01
Praha 8,Habartická,č. p. 581,600039935,"Základní škola a mateřská škola Na Slovance, Praha 8, Bedřichovská 1",vyhlaska-hmp-19-2025_via-P6.pdf,2026-01-01
Praha 8,Jitravská,,600039935,"Základní škola a mateřská škola Na Slovance, Praha 8, Bedřichovská 1",vyhlaska-hmp-19-2025_via-P6.pdf,2026-01-01
Praha 8,Klínová,,600039935,"Základní škola a mateřská škola Na Slovance, Praha 8, Bedřichovská 1",vyhlaska-hmp-19-2025_via-P6.pdf,2026-01-01
Praha 8,Koláčkova,,600039935,"Základní škola a mateřská škola Na Slovance, Praha 8, Bedřichovská 1",vyhlaska-hmp-19-2025_via-P6.pdf,2026-01-01
Praha 8,Lhotákova,,600039935,"Základní škola a mateřská škola Na Slovance, Praha 8, Bedřichovská 1",vyhlaska-hmp-19-2025_via-P6.pdf,2026-01-01
Praha 8,Liberecká,"sudé č. ev. 12, č. p. 2491",600039935,"Základní škola a mateřská škola Na Slovance, Praha 8, Bedřichovská 1",vyhlaska-hmp-19-2025_via-P6.pdf,2026-01-01
Praha 8,Na Slovance,,600039935,"Základní škola a mateřská škola Na Slovance, Praha 8, Bedřichovská 1",vyhlaska-hmp-19-2025_via-P6.pdf,2026-01-01
Praha 8,Na dílcích,,600039935,"Základní škola a mateřská škola Na Slovance, Praha 8, Bedřichovská 1",vyhlaska-hmp-19-2025_via-P6.pdf,2026-01-01
Praha 8,Na jílu,,600039935,"Základní škola a mateřská škola Na Slovance, Praha 8, Bedřichovská 1",vyhlaska-hmp-19-2025_via-P6.pdf,2026-01-01
Praha 8,Na kopanině,,600039935,"Základní škola a mateřská škola Na Slovance, Praha 8, Bedřichovská 1",vyhlaska-hmp-19-2025_via-P6.pdf,2026-01-01
Praha 8,Na malém klínu,,600039935,"Základní škola a mateřská škola Na Slovance, Praha 8, Bedřichovská 1",vyhlaska-hmp-19-2025_via-P6.pdf,2026-01-01
Praha 8,Na štěpnici,,600039935,"Základní škola a mateřská škola Na Slovance, Praha 8, Bedřichovská 1",vyhlaska-hmp-19-2025_via-P6.pdf,2026-01-01
Praha 8,Nad Mazankou,,600039935,"Základní škola a mateřská škola Na Slovance, Praha 8, Bedřichovská 1",vyhlaska-hmp-19-2025_via-P6.pdf,2026-01-01
Praha 8,Nad Novou Libní,,600039935,"Základní škola a mateřská škola Na Slovance, Praha 8, Bedřichovská 1",vyhlaska-hmp-19-2025_via-P6.pdf,2026-01-01
Praha 8,Nad Okrouhlíkem,,600039935,"Základní škola a mateřská škola Na Slovance, Praha 8, Bedřichovská 1",vyhlaska-hmp-19-2025_via-P6.pdf,2026-01-01
Praha 8,Pod vlastním krovem,,600039935,"Základní škola a mateřská škola Na Slovance, Praha 8, Bedřichovská 1",vyhlaska-hmp-19-2025_via-P6.pdf,2026-01-01
Praha 8,Pod vodárenskou věží,,600039935,"Základní škola a mateřská škola Na Slovance, Praha 8, Bedřichovská 1",vyhlaska-hmp-19-2025_via-P6.pdf,2026-01-01
Praha 8,Rakousova,,600039935,"Základní škola a mateřská škola Na Slovance, Praha 8, Bedřichovská 1",vyhlaska-hmp-19-2025_via-P6.pdf,2026-01-01
Praha 8,Ryzlinková,,600039935,"Základní škola a mateřská škola Na Slovance, Praha 8, Bedřichovská 1",vyhlaska-hmp-19-2025_via-P6.pdf,2026-01-01
Praha 8,Společná,,600039935,"Základní škola a mateřská škola Na Slovance, Praha 8, Bedřichovská 1",vyhlaska-hmp-19-2025_via-P6.pdf,2026-01-01
Praha 8,Střelničná,sudá č. 10 - 50,600039935,"Základní škola a mateřská škola Na Slovance, Praha 8, Bedřichovská 1",vyhlaska-hmp-19-2025_via-P6.pdf,2026-01-01
Praha 8,Střížkovská,"lichá č. 1 – 31, sudá č. 66 – 114, č. p. 1",600039935,"Základní škola a mateřská škola Na Slovance, Praha 8, Bedřichovská 1",vyhlaska-hmp-19-2025_via-P6.pdf,2026-01-01
Praha 8,U Slovanky,,600039935,"Základní škola a mateřská škola Na Slovance, Praha 8, Bedřichovská 1",vyhlaska-hmp-19-2025_via-P6.pdf,2026-01-01
Praha 8,U kapliček,,600039935,"Základní škola a mateřská škola Na Slovance, Praha 8, Bedřichovská 1",vyhlaska-hmp-19-2025_via-P6.pdf,2026-01-01
Praha 8,Ve štěpnici,,600039935,"Základní škola a mateřská škola Na Slovance, Praha 8, Bedřichovská 1",vyhlaska-hmp-19-2025_via-P6.pdf,2026-01-01
Praha 8,Vinopalnická,,600039935,"Základní škola a mateřská škola Na Slovance, Praha 8, Bedřichovská 1",vyhlaska-hmp-19-2025_via-P6.pdf,2026-01-01
Praha 8,Wichterlova,,600039935,"Základní škola a mateřská škola Na Slovance, Praha 8, Bedřichovská 1",vyhlaska-hmp-19-2025_via-P6.pdf,2026-01-01
Praha 8,Za Slovankou,,600039935,"Základní škola a mateřská škola Na Slovance, Praha 8, Bedřichovská 1",vyhlaska-hmp-19-2025_via-P6.pdf,2026-01-01
Praha 8,Za vodárnou,,600039935,"Základní škola a mateřská škola Na Slovance, Praha 8, Bedřichovská 1",vyhlaska-hmp-19-2025_via-P6.pdf,2026-01-01
Praha 8,Zvonařovská,,600039935,"Základní škola a mateřská škola Na Slovance, Praha 8, Bedřichovská 1",vyhlaska-hmp-19-2025_via-P6.pdf,2026-01-01
Praha 8,Štěpničná,,600039935,"Základní škola a mateřská škola Na Slovance, Praha 8, Bedřichovská 1",vyhlaska-hmp-19-2025_via-P6.pdf,2026-01-01
Praha 8,K Olympiku,,600039889,"Základní škola a mateřská škola Petra Strozziho, Praha 8, Za Invalidovnou 3",vyhlaska-hmp-19-2025_via-P6.pdf,2026-01-01
Praha 8,Molákova,,600039889,"Základní škola a mateřská škola Petra Strozziho, Praha 8, Za Invalidovnou 3",vyhlaska-hmp-19-2025_via-P6.pdf,2026-01-01
Praha 8,Na střelnici,,600039889,"Základní škola a mateřská škola Petra Strozziho, Praha 8, Za Invalidovnou 3",vyhlaska-hmp-19-2025_via-P6.pdf,2026-01-01
Praha 8,Nekvasilova,,600039889,"Základní škola a mateřská škola Petra Strozziho, Praha 8, Za Invalidovnou 3",vyhlaska-hmp-19-2025_via-P6.pdf,2026-01-01
Praha 8,Sudkovy sady,,600039889,"Základní škola a mateřská škola Petra Strozziho, Praha 8, Za Invalidovnou 3",vyhlaska-hmp-19-2025_via-P6.pdf,2026-01-01
Praha 8,U Rustonky,,600039889,"Základní škola a mateřská škola Petra Strozziho, Praha 8, Za Invalidovnou 3",vyhlaska-hmp-19-2025_via-P6.pdf,2026-01-01
Praha 8,U Sluncové,,600039889,"Základní škola a mateřská škola Petra Strozziho, Praha 8, Za Invalidovnou 3",vyhlaska-hmp-19-2025_via-P6.pdf,2026-01-01
Praha 8,U invalidovny,,600039889,"Základní škola a mateřská škola Petra Strozziho, Praha 8, Za Invalidovnou 3",vyhlaska-hmp-19-2025_via-P6.pdf,2026-01-01
Praha 8,Za invalidovnou,,600039889,"Základní škola a mateřská škola Petra Strozziho, Praha 8, Za Invalidovnou 3",vyhlaska-hmp-19-2025_via-P6.pdf,2026-01-01
Praha 8,Švábky,,600039889,"Základní škola a mateřská škola Petra Strozziho, Praha 8, Za Invalidovnou 3",vyhlaska-hmp-19-2025_via-P6.pdf,2026-01-01
Praha 8,Bohnická,"lichá č. 29 – 87, sudá č. 8 – 50",600039773,"Základní škola a mateřská škola Ústavní, Praha 8, Hlivická 1",vyhlaska-hmp-19-2025_via-P6.pdf,2026-01-01
Praha 8,Hlivická,,600039773,"Základní škola a mateřská škola Ústavní, Praha 8, Hlivická 1",vyhlaska-hmp-19-2025_via-P6.pdf,2026-01-01
Praha 8,K Farkám,,600039773,"Základní škola a mateřská škola Ústavní, Praha 8, Hlivická 1",vyhlaska-hmp-19-2025_via-P6.pdf,2026-01-01
Praha 8,K pískovně,,600039773,"Základní škola a mateřská škola Ústavní, Praha 8, Hlivická 1",vyhlaska-hmp-19-2025_via-P6.pdf,2026-01-01
Praha 8,Katovická,,600039773,"Základní škola a mateřská škola Ústavní, Praha 8, Hlivická 1",vyhlaska-hmp-19-2025_via-P6.pdf,2026-01-01
Praha 8,Kostřínská,,600039773,"Základní škola a mateřská škola Ústavní, Praha 8, Hlivická 1",vyhlaska-hmp-19-2025_via-P6.pdf,2026-01-01
Praha 8,Lodžská,"lichá č. 13, 15, sudá č. 8 – 30",600039773,"Základní škola a mateřská škola Ústavní, Praha 8, Hlivická 1",vyhlaska-hmp-19-2025_via-P6.pdf,2026-01-01
Praha 8,Na Bendovce,,600039773,"Základní škola a mateřská škola Ústavní, Praha 8, Hlivická 1",vyhlaska-hmp-19-2025_via-P6.pdf,2026-01-01
Praha 8,Na pískovně,,600039773,"Základní škola a mateřská škola Ústavní, Praha 8, Hlivická 1",vyhlaska-hmp-19-2025_via-P6.pdf,2026-01-01
Praha 8,Nad Pentlovkou,,600039773,"Základní škola a mateřská škola Ústavní, Praha 8, Hlivická 1",vyhlaska-hmp-19-2025_via-P6.pdf,2026-01-01
Praha 8,Poznaňská,,600039773,"Základní škola a mateřská škola Ústavní, Praha 8, Hlivická 1",vyhlaska-hmp-19-2025_via-P6.pdf,2026-01-01
Praha 8,Před ústavem,,600039773,"Základní škola a mateřská škola Ústavní, Praha 8, Hlivická 1",vyhlaska-hmp-19-2025_via-P6.pdf,2026-01-01
Praha 8,Toruňská,,600039773,"Základní škola a mateřská škola Ústavní, Praha 8, Hlivická 1",vyhlaska-hmp-19-2025_via-P6.pdf,2026-01-01
Praha 8,U Drahaně,,600039773,"Základní škola a mateřská škola Ústavní, Praha 8, Hlivická 1",vyhlaska-hmp-19-2025_via-P6.pdf,2026-01-01
Praha 8,U Pazderek,,600039773,"Základní škola a mateřská škola Ústavní, Praha 8, Hlivická 1",vyhlaska-hmp-19-2025_via-P6.pdf,2026-01-01
Praha 8,U skalky,,600039773,"Základní škola a mateřská škola Ústavní, Praha 8, Hlivická 1",vyhlaska-hmp-19-2025_via-P6.pdf,2026-01-01
Praha 8,U velké skály,,600039773,"Základní škola a mateřská škola Ústavní, Praha 8, Hlivická 1",vyhlaska-hmp-19-2025_via-P6.pdf,2026-01-01
Praha 8,V Nových Bohnicích,,600039773,"Základní škola a mateřská škola Ústavní, Praha 8, Hlivická 1",vyhlaska-hmp-19-2025_via-P6.pdf,2026-01-01
Praha 8,Ve vrších,,600039773,"Základní škola a mateřská škola Ústavní, Praha 8, Hlivická 1",vyhlaska-hmp-19-2025_via-P6.pdf,2026-01-01
Praha 8,Vratislavská,,600039773,"Základní škola a mateřská škola Ústavní, Praha 8, Hlivická 1",vyhlaska-hmp-19-2025_via-P6.pdf,2026-01-01
Praha 8,Ústavní,,600039773,"Základní škola a mateřská škola Ústavní, Praha 8, Hlivická 1",vyhlaska-hmp-19-2025_via-P6.pdf,2026-01-01
Praha 8,Bohnická,"lichá č. 1 – 27, sudá č. 2 – 6",600039757,"Základní škola a mateřská škola, Praha 8, Dolákova 1",vyhlaska-hmp-19-2025_via-P6.pdf,2026-01-01
Praha 8,Cafourkova,,600039757,"Základní škola a mateřská škola, Praha 8, Dolákova 1",vyhlaska-hmp-19-2025_via-P6.pdf,2026-01-01
Praha 8,Dolákova,,600039757,"Základní škola a mateřská škola, Praha 8, Dolákova 1",vyhlaska-hmp-19-2025_via-P6.pdf,2026-01-01
Praha 8,Eledrova,,600039757,"Základní škola a mateřská škola, Praha 8, Dolákova 1",vyhlaska-hmp-19-2025_via-P6.pdf,2026-01-01
Praha 8,Feřtekova,,600039757,"Základní škola a mateřská škola, Praha 8, Dolákova 1",vyhlaska-hmp-19-2025_via-P6.pdf,2026-01-01
Praha 8,Hackerova,,600039757,"Základní škola a mateřská škola, Praha 8, Dolákova 1",vyhlaska-hmp-19-2025_via-P6.pdf,2026-01-01
Praha 8,Hanouškova,,600039757,"Základní škola a mateřská škola, Praha 8, Dolákova 1",vyhlaska-hmp-19-2025_via-P6.pdf,2026-01-01
Praha 8,Kusého,,600039757,"Základní škola a mateřská škola, Praha 8, Dolákova 1",vyhlaska-hmp-19-2025_via-P6.pdf,2026-01-01
Praha 8,V Zámcích,,600039757,"Základní škola a mateřská škola, Praha 8, Dolákova 1",vyhlaska-hmp-19-2025_via-P6.pdf,2026-01-01
Praha 8,Řešovská,lichá č. 1 – 9,600039757,"Základní škola a mateřská škola, Praha 8, Dolákova 1",vyhlaska-hmp-19-2025_via-P6.pdf,2026-01-01
Praha 8,Březinova,,600039803,"Základní škola a mateřská škola, Praha 8, Lyčkovo náměstí 6",vyhlaska-hmp-19-2025_via-P6.pdf,2026-01-01
Praha 8,Husitská,liché č. 1a,600039803,"Základní škola a mateřská škola, Praha 8, Lyčkovo náměstí 6",vyhlaska-hmp-19-2025_via-P6.pdf,2026-01-01
Praha 8,Hybešova,,600039803,"Základní škola a mateřská škola, Praha 8, Lyčkovo náměstí 6",vyhlaska-hmp-19-2025_via-P6.pdf,2026-01-01
Praha 8,Jirsíkova,,600039803,"Základní škola a mateřská škola, Praha 8, Lyčkovo náměstí 6",vyhlaska-hmp-19-2025_via-P6.pdf,2026-01-01
Praha 8,Kaizlovy sady,,600039803,"Základní škola a mateřská škola, Praha 8, Lyčkovo náměstí 6",vyhlaska-hmp-19-2025_via-P6.pdf,2026-01-01
Praha 8,Karlínské náměstí,,600039803,"Základní škola a mateřská škola, Praha 8, Lyčkovo náměstí 6",vyhlaska-hmp-19-2025_via-P6.pdf,2026-01-01
Praha 8,Ke Štvanici,,600039803,"Základní škola a mateřská škola, Praha 8, Lyčkovo náměstí 6",vyhlaska-hmp-19-2025_via-P6.pdf,2026-01-01
Praha 8,Kollárova,,600039803,"Základní škola a mateřská škola, Praha 8, Lyčkovo náměstí 6",vyhlaska-hmp-19-2025_via-P6.pdf,2026-01-01
Praha 8,Korybutova,,600039803,"Základní škola a mateřská škola, Praha 8, Lyčkovo náměstí 6",vyhlaska-hmp-19-2025_via-P6.pdf,2026-01-01
Praha 8,Kubova,,600039803,"Základní škola a mateřská škola, Praha 8, Lyčkovo náměstí 6",vyhlaska-hmp-19-2025_via-P6.pdf,2026-01-01
Praha 8,Křižíkova,,600039803,"Základní škola a mateřská škola, Praha 8, Lyčkovo náměstí 6",vyhlaska-hmp-19-2025_via-P6.pdf,2026-01-01
Praha 8,Lyčkovo náměstí,,600039803,"Základní škola a mateřská škola, Praha 8, Lyčkovo náměstí 6",vyhlaska-hmp-19-2025_via-P6.pdf,2026-01-01
Praha 8,Malého,,600039803,"Základní škola a mateřská škola, Praha 8, Lyčkovo náměstí 6",vyhlaska-hmp-19-2025_via-P6.pdf,2026-01-01
Praha 8,Na Florenci,liché č. 37,600039803,"Základní škola a mateřská škola, Praha 8, Lyčkovo náměstí 6",vyhlaska-hmp-19-2025_via-P6.pdf,2026-01-01
Praha 8,Na poříčí,sudá č. 52 – 54,600039803,"Základní škola a mateřská škola, Praha 8, Lyčkovo náměstí 6",vyhlaska-hmp-19-2025_via-P6.pdf,2026-01-01
Praha 8,Na Špitálsku,,600039803,"Základní škola a mateřská škola, Praha 8, Lyčkovo náměstí 6",vyhlaska-hmp-19-2025_via-P6.pdf,2026-01-01
Praha 8,Peckova,,600039803,"Základní škola a mateřská škola, Praha 8, Lyčkovo náměstí 6",vyhlaska-hmp-19-2025_via-P6.pdf,2026-01-01
Praha 8,Pernerova,,600039803,"Základní škola a mateřská škola, Praha 8, Lyčkovo náměstí 6",vyhlaska-hmp-19-2025_via-P6.pdf,2026-01-01
Praha 8,Petra Slezáka,,600039803,"Základní škola a mateřská škola, Praha 8, Lyčkovo náměstí 6",vyhlaska-hmp-19-2025_via-P6.pdf,2026-01-01
Praha 8,Pobřežní,,600039803,"Základní škola a mateřská škola, Praha 8, Lyčkovo náměstí 6",vyhlaska-hmp-19-2025_via-P6.pdf,2026-01-01
Praha 8,Pod výtopnou,,600039803,"Základní škola a mateřská škola, Praha 8, Lyčkovo náměstí 6",vyhlaska-hmp-19-2025_via-P6.pdf,2026-01-01
Praha 8,Prvního pluku,,600039803,"Základní škola a mateřská škola, Praha 8, Lyčkovo náměstí 6",vyhlaska-hmp-19-2025_via-P6.pdf,2026-01-01
Praha 8,Sokolovská,"lichá č. 1 – 115, sudá č. 12 – 134",600039803,"Základní škola a mateřská škola, Praha 8, Lyčkovo náměstí 6",vyhlaska-hmp-19-2025_via-P6.pdf,2026-01-01
Praha 8,Sovova,,600039803,"Základní škola a mateřská škola, Praha 8, Lyčkovo náměstí 6",vyhlaska-hmp-19-2025_via-P6.pdf,2026-01-01
Praha 8,Thámova,,600039803,"Základní škola a mateřská škola, Praha 8, Lyčkovo náměstí 6",vyhlaska-hmp-19-2025_via-P6.pdf,2026-01-01
Praha 8,U nádražní lávky,,600039803,"Základní škola a mateřská škola, Praha 8, Lyčkovo náměstí 6",vyhlaska-hmp-19-2025_via-P6.pdf,2026-01-01
Praha 8,Urxova,,600039803,"Základní škola a mateřská škola, Praha 8, Lyčkovo náměstí 6",vyhlaska-hmp-19-2025_via-P6.pdf,2026-01-01
Praha 8,Vítkova,,600039803,"Základní škola a mateřská škola, Praha 8, Lyčkovo náměstí 6",vyhlaska-hmp-19-2025_via-P6.pdf,2026-01-01
Praha 8,Za Poříčskou branou,,600039803,"Základní škola a mateřská škola, Praha 8, Lyčkovo náměstí 6",vyhlaska-hmp-19-2025_via-P6.pdf,2026-01-01
Praha 8,Šaldova,,600039803,"Základní škola a mateřská škola, Praha 8, Lyčkovo náměstí 6",vyhlaska-hmp-19-2025_via-P6.pdf,2026-01-01
Praha 8,Bořanovická,,600039871,"Základní škola a mateřská škola, Praha 8, U Školské zahrady 4",vyhlaska-hmp-19-2025_via-P6.pdf,2026-01-01
Praha 8,Březiněveská,,600039871,"Základní škola a mateřská škola, Praha 8, U Školské zahrady 4",vyhlaska-hmp-19-2025_via-P6.pdf,2026-01-01
Praha 8,Chaberská,"lichá č. 1 – 25, sudá č. 2 – 20",600039871,"Základní škola a mateřská škola, Praha 8, U Školské zahrady 4",vyhlaska-hmp-19-2025_via-P6.pdf,2026-01-01
Praha 8,Horňátecká,sudá č. 2 – 32,600039871,"Základní škola a mateřská škola, Praha 8, U Školské zahrady 4",vyhlaska-hmp-19-2025_via-P6.pdf,2026-01-01
Praha 8,K Okrouhlíku,,600039871,"Základní škola a mateřská škola, Praha 8, U Školské zahrady 4",vyhlaska-hmp-19-2025_via-P6.pdf,2026-01-01
Praha 8,Ke Stírce,,600039871,"Základní škola a mateřská škola, Praha 8, U Školské zahrady 4",vyhlaska-hmp-19-2025_via-P6.pdf,2026-01-01
Praha 8,Ke koupališti,,600039871,"Základní škola a mateřská škola, Praha 8, U Školské zahrady 4",vyhlaska-hmp-19-2025_via-P6.pdf,2026-01-01
Praha 8,Klapkova,"lichá č. 1 – 55, sudá č. 2 – 62",600039871,"Základní škola a mateřská škola, Praha 8, U Školské zahrady 4",vyhlaska-hmp-19-2025_via-P6.pdf,2026-01-01
Praha 8,Kobyliské náměstí,"lichá č. 5 – 9, sudá č. 4 –",600039871,"Základní škola a mateřská škola, Praha 8, U Školské zahrady 4",vyhlaska-hmp-19-2025_via-P6.pdf,2026-01-01
Praha 8,Malý Okrouhlík,,600039871,"Základní škola a mateřská škola, Praha 8, U Školské zahrady 4",vyhlaska-hmp-19-2025_via-P6.pdf,2026-01-01
Praha 8,Na Kopytářce,,600039871,"Základní škola a mateřská škola, Praha 8, U Školské zahrady 4",vyhlaska-hmp-19-2025_via-P6.pdf,2026-01-01
Praha 8,Na Okrouhlíku,,600039871,"Základní škola a mateřská škola, Praha 8, U Školské zahrady 4",vyhlaska-hmp-19-2025_via-P6.pdf,2026-01-01
Praha 8,Na Stírce,,600039871,"Základní škola a mateřská škola, Praha 8, U Školské zahrady 4",vyhlaska-hmp-19-2025_via-P6.pdf,2026-01-01
Praha 8,Na hlinách,,600039871,"Základní škola a mateřská škola, Praha 8, U Školské zahrady 4",vyhlaska-hmp-19-2025_via-P6.pdf,2026-01-01
Praha 8,Na pecích,,600039871,"Základní škola a mateřská škola, Praha 8, U Školské zahrady 4",vyhlaska-hmp-19-2025_via-P6.pdf,2026-01-01
Praha 8,Na pěšinách,,600039871,"Základní škola a mateřská škola, Praha 8, U Školské zahrady 4",vyhlaska-hmp-19-2025_via-P6.pdf,2026-01-01
Praha 8,Nad koupalištěm,,600039871,"Základní škola a mateřská škola, Praha 8, U Školské zahrady 4",vyhlaska-hmp-19-2025_via-P6.pdf,2026-01-01
Praha 8,Nad Šutkou,sudá č. 6 – 24,600039871,"Základní škola a mateřská škola, Praha 8, U Školské zahrady 4",vyhlaska-hmp-19-2025_via-P6.pdf,2026-01-01
Praha 8,Náhorní,,600039871,"Základní škola a mateřská škola, Praha 8, U Školské zahrady 4",vyhlaska-hmp-19-2025_via-P6.pdf,2026-01-01
Praha 8,Okrouhlická,,600039871,"Základní škola a mateřská škola, Praha 8, U Školské zahrady 4",vyhlaska-hmp-19-2025_via-P6.pdf,2026-01-01
Praha 8,Pakoměřická,,600039871,"Základní škola a mateřská škola, Praha 8, U Školské zahrady 4",vyhlaska-hmp-19-2025_via-P6.pdf,2026-01-01
Praha 8,Pod Stírkou,,600039871,"Základní škola a mateřská škola, Praha 8, U Školské zahrady 4",vyhlaska-hmp-19-2025_via-P6.pdf,2026-01-01
Praha 8,Pod hliništěm,,600039871,"Základní škola a mateřská škola, Praha 8, U Školské zahrady 4",vyhlaska-hmp-19-2025_via-P6.pdf,2026-01-01
Praha 8,Pod náměstím,,600039871,"Základní škola a mateřská škola, Praha 8, U Školské zahrady 4",vyhlaska-hmp-19-2025_via-P6.pdf,2026-01-01
Praha 8,Pod statky,,600039871,"Základní škola a mateřská škola, Praha 8, U Školské zahrady 4",vyhlaska-hmp-19-2025_via-P6.pdf,2026-01-01
Praha 8,Pod sídlištěm,,600039871,"Základní škola a mateřská škola, Praha 8, U Školské zahrady 4",vyhlaska-hmp-19-2025_via-P6.pdf,2026-01-01
Praha 8,Přemyšlenská,"lichá č. 43 – 83, sudá č. 42 –",600039871,"Základní škola a mateřská škola, Praha 8, U Školské zahrady 4",vyhlaska-hmp-19-2025_via-P6.pdf,2026-01-01
Praha 8,Rolnická,,600039871,"Základní škola a mateřská škola, Praha 8, U Školské zahrady 4",vyhlaska-hmp-19-2025_via-P6.pdf,2026-01-01
Praha 8,Rozšířená,,600039871,"Základní škola a mateřská škola, Praha 8, U Školské zahrady 4",vyhlaska-hmp-19-2025_via-P6.pdf,2026-01-01
Praha 8,Střelničná,"lichá č. 1 – 17, sudá č. 4 – 8",600039871,"Základní škola a mateřská škola, Praha 8, U Školské zahrady 4",vyhlaska-hmp-19-2025_via-P6.pdf,2026-01-01
Praha 8,U Stírky,,600039871,"Základní škola a mateřská škola, Praha 8, U Školské zahrady 4",vyhlaska-hmp-19-2025_via-P6.pdf,2026-01-01
Praha 8,U měšťanských škol,,600039871,"Základní škola a mateřská škola, Praha 8, U Školské zahrady 4",vyhlaska-hmp-19-2025_via-P6.pdf,2026-01-01
Praha 8,U nádrže,,600039871,"Základní škola a mateřská škola, Praha 8, U Školské zahrady 4",vyhlaska-hmp-19-2025_via-P6.pdf,2026-01-01
Praha 8,U třešňovky,,600039871,"Základní škola a mateřská škola, Praha 8, U Školské zahrady 4",vyhlaska-hmp-19-2025_via-P6.pdf,2026-01-01
Praha 8,U školské zahrady,,600039871,"Základní škola a mateřská škola, Praha 8, U Školské zahrady 4",vyhlaska-hmp-19-2025_via-P6.pdf,2026-01-01
Praha 8,V brance,,600039871,"Základní škola a mateřská škola, Praha 8, U Školské zahrady 4",vyhlaska-hmp-19-2025_via-P6.pdf,2026-01-01
Praha 8,Vršní,"lichá č. 3 – 47, sudá č. 2 – 42",600039871,"Základní škola a mateřská škola, Praha 8, U Školské zahrady 4",vyhlaska-hmp-19-2025_via-P6.pdf,2026-01-01
Praha 8,Zdibská,,600039871,"Základní škola a mateřská škola, Praha 8, U Školské zahrady 4",vyhlaska-hmp-19-2025_via-P6.pdf,2026-01-01
Praha 8,Zenklova,"lichá č. 211 – 225, sudá č. 210 – 242",600039871,"Základní škola a mateřská škola, Praha 8, U Školské zahrady 4",vyhlaska-hmp-19-2025_via-P6.pdf,2026-01-01
Praha 8,Čumpelíkova,lichá č. 1 – 21,600039871,"Základní škola a mateřská škola, Praha 8, U Školské zahrady 4",vyhlaska-hmp-19-2025_via-P6.pdf,2026-01-01
Praha 8,Bešťákova,,600039749,"Základní škola, Praha 8, Burešova 14",vyhlaska-hmp-19-2025_via-P6.pdf,2026-01-01
Praha 8,Binarova,,600039749,"Základní škola, Praha 8, Burešova 14",vyhlaska-hmp-19-2025_via-P6.pdf,2026-01-01
Praha 8,Bojasova,,600039749,"Základní škola, Praha 8, Burešova 14",vyhlaska-hmp-19-2025_via-P6.pdf,2026-01-01
Praha 8,Burešova,,600039749,"Základní škola, Praha 8, Burešova 14",vyhlaska-hmp-19-2025_via-P6.pdf,2026-01-01
Praha 8,Bínova,,600039749,"Základní škola, Praha 8, Burešova 14",vyhlaska-hmp-19-2025_via-P6.pdf,2026-01-01
Praha 8,Chabařovická,,600039749,"Základní škola, Praha 8, Burešova 14",vyhlaska-hmp-19-2025_via-P6.pdf,2026-01-01
Praha 8,Davídkova,lichá č. 119 – 133,600039749,"Základní škola, Praha 8, Burešova 14",vyhlaska-hmp-19-2025_via-P6.pdf,2026-01-01
Praha 8,Drahorádova,,600039749,"Základní škola, Praha 8, Burešova 14",vyhlaska-hmp-19-2025_via-P6.pdf,2026-01-01
Praha 8,Famfulíkova,,600039749,"Základní škola, Praha 8, Burešova 14",vyhlaska-hmp-19-2025_via-P6.pdf,2026-01-01
Praha 8,Frýdlantská,,600039749,"Základní škola, Praha 8, Burešova 14",vyhlaska-hmp-19-2025_via-P6.pdf,2026-01-01
Praha 8,Hlaváčova,,600039749,"Základní škola, Praha 8, Burešova 14",vyhlaska-hmp-19-2025_via-P6.pdf,2026-01-01
Praha 8,Hrubého,,600039749,"Základní škola, Praha 8, Burešova 14",vyhlaska-hmp-19-2025_via-P6.pdf,2026-01-01
Praha 8,K zahradnictví,,600039749,"Základní škola, Praha 8, Burešova 14",vyhlaska-hmp-19-2025_via-P6.pdf,2026-01-01
Praha 8,Kaňkovského,,600039749,"Základní škola, Praha 8, Burešova 14",vyhlaska-hmp-19-2025_via-P6.pdf,2026-01-01
Praha 8,Kurkova,,600039749,"Základní škola, Praha 8, Burešova 14",vyhlaska-hmp-19-2025_via-P6.pdf,2026-01-01
Praha 8,Kyselova,,600039749,"Základní škola, Praha 8, Burešova 14",vyhlaska-hmp-19-2025_via-P6.pdf,2026-01-01
Praha 8,Opálkova,,600039749,"Základní škola, Praha 8, Burešova 14",vyhlaska-hmp-19-2025_via-P6.pdf,2026-01-01
Praha 8,Rajmonova,,600039749,"Základní škola, Praha 8, Burešova 14",vyhlaska-hmp-19-2025_via-P6.pdf,2026-01-01
Praha 8,Roudnická,,600039749,"Základní škola, Praha 8, Burešova 14",vyhlaska-hmp-19-2025_via-P6.pdf,2026-01-01
Praha 8,Sebuzínská,,600039749,"Základní škola, Praha 8, Burešova 14",vyhlaska-hmp-19-2025_via-P6.pdf,2026-01-01
Praha 8,Slancova,,600039749,"Základní škola, Praha 8, Burešova 14",vyhlaska-hmp-19-2025_via-P6.pdf,2026-01-01
Praha 8,Střekovská,,600039749,"Základní škola, Praha 8, Burešova 14",vyhlaska-hmp-19-2025_via-P6.pdf,2026-01-01
Praha 8,Střelničná,lichá č. 31 - 55,600039749,"Základní škola, Praha 8, Burešova 14",vyhlaska-hmp-19-2025_via-P6.pdf,2026-01-01
Praha 8,Tanvaldská,,600039749,"Základní škola, Praha 8, Burešova 14",vyhlaska-hmp-19-2025_via-P6.pdf,2026-01-01
Praha 8,Taussigova,,600039749,"Základní škola, Praha 8, Burešova 14",vyhlaska-hmp-19-2025_via-P6.pdf,2026-01-01
Praha 8,Třebenická,,600039749,"Základní škola, Praha 8, Burešova 14",vyhlaska-hmp-19-2025_via-P6.pdf,2026-01-01
Praha 8,Vodochodská,,600039749,"Základní škola, Praha 8, Burešova 14",vyhlaska-hmp-19-2025_via-P6.pdf,2026-01-01
Praha 8,Za střelnicí,,600039749,"Základní škola, Praha 8, Burešova 14",vyhlaska-hmp-19-2025_via-P6.pdf,2026-01-01
Praha 8,Černého,,600039749,"Základní škola, Praha 8, Burešova 14",vyhlaska-hmp-19-2025_via-P6.pdf,2026-01-01
Praha 8,Červenkova,,600039749,"Základní škola, Praha 8, Burešova 14",vyhlaska-hmp-19-2025_via-P6.pdf,2026-01-01
Praha 8,Česákova,,600039749,"Základní škola, Praha 8, Burešova 14",vyhlaska-hmp-19-2025_via-P6.pdf,2026-01-01
Praha 8,Čumpelíkova,sudá č. 2 – 8,600039749,"Základní škola, Praha 8, Burešova 14",vyhlaska-hmp-19-2025_via-P6.pdf,2026-01-01
Praha 8,Šiškova,,600039749,"Základní škola, Praha 8, Burešova 14",vyhlaska-hmp-19-2025_via-P6.pdf,2026-01-01
Praha 8,Štíbrova,,600039749,"Základní škola, Praha 8, Burešova 14",vyhlaska-hmp-19-2025_via-P6.pdf,2026-01-01
Praha 8,Bukolská,,600039765,"Základní škola, Praha 8, Glowackého 6",vyhlaska-hmp-19-2025_via-P6.pdf,2026-01-01
Praha 8,Bydhošťská,,600039765,"Základní škola, Praha 8, Glowackého 6",vyhlaska-hmp-19-2025_via-P6.pdf,2026-01-01
Praha 8,Dunajecká,,600039765,"Základní škola, Praha 8, Glowackého 6",vyhlaska-hmp-19-2025_via-P6.pdf,2026-01-01
Praha 8,Dřínová,,600039765,"Základní škola, Praha 8, Glowackého 6",vyhlaska-hmp-19-2025_via-P6.pdf,2026-01-01
Praha 8,Gdaňská,,600039765,"Základní škola, Praha 8, Glowackého 6",vyhlaska-hmp-19-2025_via-P6.pdf,2026-01-01
Praha 8,Glowackého,,600039765,"Základní škola, Praha 8, Glowackého 6",vyhlaska-hmp-19-2025_via-P6.pdf,2026-01-01
Praha 8,Hnězdenská č. 6,30,600039765,"Základní škola, Praha 8, Glowackého 6",vyhlaska-hmp-19-2025_via-P6.pdf,2026-01-01
Praha 8,K Haltýři,,600039765,"Základní škola, Praha 8, Glowackého 6",vyhlaska-hmp-19-2025_via-P6.pdf,2026-01-01
Praha 8,K Velké skále,,600039765,"Základní škola, Praha 8, Glowackého 6",vyhlaska-hmp-19-2025_via-P6.pdf,2026-01-01
Praha 8,Krosenská,,600039765,"Základní škola, Praha 8, Glowackého 6",vyhlaska-hmp-19-2025_via-P6.pdf,2026-01-01
Praha 8,Lehnická,,600039765,"Základní škola, Praha 8, Glowackého 6",vyhlaska-hmp-19-2025_via-P6.pdf,2026-01-01
Praha 8,Lešenská,,600039765,"Základní škola, Praha 8, Glowackého 6",vyhlaska-hmp-19-2025_via-P6.pdf,2026-01-01
Praha 8,Lindavská,,600039765,"Základní škola, Praha 8, Glowackého 6",vyhlaska-hmp-19-2025_via-P6.pdf,2026-01-01
Praha 8,Lublinská,,600039765,"Základní škola, Praha 8, Glowackého 6",vyhlaska-hmp-19-2025_via-P6.pdf,2026-01-01
Praha 8,Nad Vavrouškou,,600039765,"Základní škola, Praha 8, Glowackého 6",vyhlaska-hmp-19-2025_via-P6.pdf,2026-01-01
Praha 8,Notečská,,600039765,"Základní škola, Praha 8, Glowackého 6",vyhlaska-hmp-19-2025_via-P6.pdf,2026-01-01
Praha 8,Olštýnská,,600039765,"Základní škola, Praha 8, Glowackého 6",vyhlaska-hmp-19-2025_via-P6.pdf,2026-01-01
Praha 8,Opolská,,600039765,"Základní škola, Praha 8, Glowackého 6",vyhlaska-hmp-19-2025_via-P6.pdf,2026-01-01
Praha 8,Podhajská pole,,600039765,"Základní škola, Praha 8, Glowackého 6",vyhlaska-hmp-19-2025_via-P6.pdf,2026-01-01
Praha 8,Sopotská,,600039765,"Základní škola, Praha 8, Glowackého 6",vyhlaska-hmp-19-2025_via-P6.pdf,2026-01-01
Praha 8,Sosnovecká,,600039765,"Základní škola, Praha 8, Glowackého 6",vyhlaska-hmp-19-2025_via-P6.pdf,2026-01-01
Praha 8,Tařicová,,600039765,"Základní škola, Praha 8, Glowackého 6",vyhlaska-hmp-19-2025_via-P6.pdf,2026-01-01
Praha 8,Těšínská,,600039765,"Základní škola, Praha 8, Glowackého 6",vyhlaska-hmp-19-2025_via-P6.pdf,2026-01-01
Praha 8,Velká skála,,600039765,"Základní škola, Praha 8, Glowackého 6",vyhlaska-hmp-19-2025_via-P6.pdf,2026-01-01
Praha 8,Vřesová,,600039765,"Základní škola, Praha 8, Glowackého 6",vyhlaska-hmp-19-2025_via-P6.pdf,2026-01-01
Praha 8,Čimická,"lichá č. 41 – 43, sudá č. 92 – 106",600039765,"Základní škola, Praha 8, Glowackého 6",vyhlaska-hmp-19-2025_via-P6.pdf,2026-01-01
Praha 8,Štětínská,,600039765,"Základní škola, Praha 8, Glowackého 6",vyhlaska-hmp-19-2025_via-P6.pdf,2026-01-01
Praha 8,Balabánova,,600039919,"Základní škola, Praha 8, Hovorčovická 11",vyhlaska-hmp-19-2025_via-P6.pdf,2026-01-01
Praha 8,Benákova,,600039919,"Základní škola, Praha 8, Hovorčovická 11",vyhlaska-hmp-19-2025_via-P6.pdf,2026-01-01
Praha 8,Bergerova,,600039919,"Základní škola, Praha 8, Hovorčovická 11",vyhlaska-hmp-19-2025_via-P6.pdf,2026-01-01
Praha 8,Bohnice,č. p. 213,600039919,"Základní škola, Praha 8, Hovorčovická 11",vyhlaska-hmp-19-2025_via-P6.pdf,2026-01-01
Praha 8,Bášťská,,600039919,"Základní škola, Praha 8, Hovorčovická 11",vyhlaska-hmp-19-2025_via-P6.pdf,2026-01-01
Praha 8,Chotovická,,600039919,"Základní škola, Praha 8, Hovorčovická 11",vyhlaska-hmp-19-2025_via-P6.pdf,2026-01-01
Praha 8,Havlínova,,600039919,"Základní škola, Praha 8, Hovorčovická 11",vyhlaska-hmp-19-2025_via-P6.pdf,2026-01-01
Praha 8,Horňátecká,lichá č. 1 – 25,600039919,"Základní škola, Praha 8, Hovorčovická 11",vyhlaska-hmp-19-2025_via-P6.pdf,2026-01-01
Praha 8,Hovorčovická,,600039919,"Základní škola, Praha 8, Hovorčovická 11",vyhlaska-hmp-19-2025_via-P6.pdf,2026-01-01
Praha 8,Klíčanská,,600039919,"Základní škola, Praha 8, Hovorčovická 11",vyhlaska-hmp-19-2025_via-P6.pdf,2026-01-01
Praha 8,Košťálkova,,600039919,"Základní škola, Praha 8, Hovorčovická 11",vyhlaska-hmp-19-2025_via-P6.pdf,2026-01-01
Praha 8,Libišská,,600039919,"Základní škola, Praha 8, Hovorčovická 11",vyhlaska-hmp-19-2025_via-P6.pdf,2026-01-01
Praha 8,Luhovská,,600039919,"Základní škola, Praha 8, Hovorčovická 11",vyhlaska-hmp-19-2025_via-P6.pdf,2026-01-01
Praha 8,Maškova,,600039919,"Základní škola, Praha 8, Hovorčovická 11",vyhlaska-hmp-19-2025_via-P6.pdf,2026-01-01
Praha 8,Mirovická,,600039919,"Základní škola, Praha 8, Hovorčovická 11",vyhlaska-hmp-19-2025_via-P6.pdf,2026-01-01
Praha 8,Neratovická,,600039919,"Základní škola, Praha 8, Hovorčovická 11",vyhlaska-hmp-19-2025_via-P6.pdf,2026-01-01
Praha 8,Paláskova,,600039919,"Základní škola, Praha 8, Hovorčovická 11",vyhlaska-hmp-19-2025_via-P6.pdf,2026-01-01
Praha 8,Pohnertova,,600039919,"Základní škola, Praha 8, Hovorčovická 11",vyhlaska-hmp-19-2025_via-P6.pdf,2026-01-01
Praha 8,Přemyšlenská,"lichá č. 1 – 15, sudá č. 2 – 38",600039919,"Základní škola, Praha 8, Hovorčovická 11",vyhlaska-hmp-19-2025_via-P6.pdf,2026-01-01
Praha 8,Služská,,600039919,"Základní škola, Praha 8, Hovorčovická 11",vyhlaska-hmp-19-2025_via-P6.pdf,2026-01-01
Praha 8,Trousilova,,600039919,"Základní škola, Praha 8, Hovorčovická 11",vyhlaska-hmp-19-2025_via-P6.pdf,2026-01-01
Praha 8,Třeboradická,,600039919,"Základní škola, Praha 8, Hovorčovická 11",vyhlaska-hmp-19-2025_via-P6.pdf,2026-01-01
Praha 8,Veleňská,,600039919,"Základní škola, Praha 8, Hovorčovická 11",vyhlaska-hmp-19-2025_via-P6.pdf,2026-01-01
Praha 8,Zlonínská,,600039919,"Základní škola, Praha 8, Hovorčovická 11",vyhlaska-hmp-19-2025_via-P6.pdf,2026-01-01
Praha 8,Čimická,sudá č. 2 – 90,600039919,"Základní škola, Praha 8, Hovorčovická 11",vyhlaska-hmp-19-2025_via-P6.pdf,2026-01-01
Praha 8,Beřkovická,,600039790,"Základní škola, Praha 8, Libčická 10",vyhlaska-hmp-19-2025_via-P6.pdf,2026-01-01
Praha 8,Brandýská,,600039790,"Základní škola, Praha 8, Libčická 10",vyhlaska-hmp-19-2025_via-P6.pdf,2026-01-01
Praha 8,Byšická,,600039790,"Základní škola, Praha 8, Libčická 10",vyhlaska-hmp-19-2025_via-P6.pdf,2026-01-01
Praha 8,Chlumínská,,600039790,"Základní škola, Praha 8, Libčická 10",vyhlaska-hmp-19-2025_via-P6.pdf,2026-01-01
Praha 8,Chorušická,,600039790,"Základní škola, Praha 8, Libčická 10",vyhlaska-hmp-19-2025_via-P6.pdf,2026-01-01
Praha 8,Chvatěrubská,,600039790,"Základní škola, Praha 8, Libčická 10",vyhlaska-hmp-19-2025_via-P6.pdf,2026-01-01
Praha 8,Do údolí,,600039790,"Základní škola, Praha 8, Libčická 10",vyhlaska-hmp-19-2025_via-P6.pdf,2026-01-01
Praha 8,Dopraváků,"liché č. 15, sudé č. 6",600039790,"Základní škola, Praha 8, Libčická 10",vyhlaska-hmp-19-2025_via-P6.pdf,2026-01-01
Praha 8,Drahanská,,600039790,"Základní škola, Praha 8, Libčická 10",vyhlaska-hmp-19-2025_via-P6.pdf,2026-01-01
Praha 8,Fořtova,,600039790,"Základní škola, Praha 8, Libčická 10",vyhlaska-hmp-19-2025_via-P6.pdf,2026-01-01
Praha 8,Hanzlíkova,,600039790,"Základní škola, Praha 8, Libčická 10",vyhlaska-hmp-19-2025_via-P6.pdf,2026-01-01
Praha 8,Hrašeho,,600039790,"Základní škola, Praha 8, Libčická 10",vyhlaska-hmp-19-2025_via-P6.pdf,2026-01-01
Praha 8,Jestřebická,,600039790,"Základní škola, Praha 8, Libčická 10",vyhlaska-hmp-19-2025_via-P6.pdf,2026-01-01
Praha 8,K Drahani,"lichá č. 11 – 13, č. p. 815, sudé č. 12",600039790,"Základní škola, Praha 8, Libčická 10",vyhlaska-hmp-19-2025_via-P6.pdf,2026-01-01
Praha 8,K Ládví,,600039790,"Základní škola, Praha 8, Libčická 10",vyhlaska-hmp-19-2025_via-P6.pdf,2026-01-01
Praha 8,K mlýnu,,600039790,"Základní škola, Praha 8, Libčická 10",vyhlaska-hmp-19-2025_via-P6.pdf,2026-01-01
Praha 8,K polím,,600039790,"Základní škola, Praha 8, Libčická 10",vyhlaska-hmp-19-2025_via-P6.pdf,2026-01-01
Praha 8,K rybníku,,600039790,"Základní škola, Praha 8, Libčická 10",vyhlaska-hmp-19-2025_via-P6.pdf,2026-01-01
Praha 8,K větrolamu,,600039790,"Základní škola, Praha 8, Libčická 10",vyhlaska-hmp-19-2025_via-P6.pdf,2026-01-01
Praha 8,Ke hřišti,,600039790,"Základní škola, Praha 8, Libčická 10",vyhlaska-hmp-19-2025_via-P6.pdf,2026-01-01
Praha 8,Korycanská,,600039790,"Základní škola, Praha 8, Libčická 10",vyhlaska-hmp-19-2025_via-P6.pdf,2026-01-01
Praha 8,Kočova,,600039790,"Základní škola, Praha 8, Libčická 10",vyhlaska-hmp-19-2025_via-P6.pdf,2026-01-01
Praha 8,Křivenická,,600039790,"Základní škola, Praha 8, Libčická 10",vyhlaska-hmp-19-2025_via-P6.pdf,2026-01-01
Praha 8,Libeňská,,600039790,"Základní škola, Praha 8, Libčická 10",vyhlaska-hmp-19-2025_via-P6.pdf,2026-01-01
Praha 8,Libčická,,600039790,"Základní škola, Praha 8, Libčická 10",vyhlaska-hmp-19-2025_via-P6.pdf,2026-01-01
Praha 8,Lužecká,,600039790,"Základní škola, Praha 8, Libčická 10",vyhlaska-hmp-19-2025_via-P6.pdf,2026-01-01
Praha 8,Mikovická,,600039790,"Základní škola, Praha 8, Libčická 10",vyhlaska-hmp-19-2025_via-P6.pdf,2026-01-01
Praha 8,Minická,,600039790,"Základní škola, Praha 8, Libčická 10",vyhlaska-hmp-19-2025_via-P6.pdf,2026-01-01
Praha 8,Mlazická,,600039790,"Základní škola, Praha 8, Libčická 10",vyhlaska-hmp-19-2025_via-P6.pdf,2026-01-01
Praha 8,Na hranicích,,600039790,"Základní škola, Praha 8, Libčická 10",vyhlaska-hmp-19-2025_via-P6.pdf,2026-01-01
Praha 8,Na průhonu,,600039790,"Základní škola, Praha 8, Libčická 10",vyhlaska-hmp-19-2025_via-P6.pdf,2026-01-01
Praha 8,Na zámkách,,600039790,"Základní škola, Praha 8, Libčická 10",vyhlaska-hmp-19-2025_via-P6.pdf,2026-01-01
Praha 8,Nedomická,,600039790,"Základní škola, Praha 8, Libčická 10",vyhlaska-hmp-19-2025_via-P6.pdf,2026-01-01
Praha 8,Okořská,,600039790,"Základní škola, Praha 8, Libčická 10",vyhlaska-hmp-19-2025_via-P6.pdf,2026-01-01
Praha 8,Ouholická,,600039790,"Základní škola, Praha 8, Libčická 10",vyhlaska-hmp-19-2025_via-P6.pdf,2026-01-01
Praha 8,Pekařova,,600039790,"Základní škola, Praha 8, Libčická 10",vyhlaska-hmp-19-2025_via-P6.pdf,2026-01-01
Praha 8,Pešinova,,600039790,"Základní škola, Praha 8, Libčická 10",vyhlaska-hmp-19-2025_via-P6.pdf,2026-01-01
Praha 8,Pod Čimickým hájem,,600039790,"Základní škola, Praha 8, Libčická 10",vyhlaska-hmp-19-2025_via-P6.pdf,2026-01-01
Praha 8,Přívorská,,600039790,"Základní škola, Praha 8, Libčická 10",vyhlaska-hmp-19-2025_via-P6.pdf,2026-01-01
Praha 8,Rousovická,,600039790,"Základní škola, Praha 8, Libčická 10",vyhlaska-hmp-19-2025_via-P6.pdf,2026-01-01
Praha 8,Skálova,,600039790,"Základní škola, Praha 8, Libčická 10",vyhlaska-hmp-19-2025_via-P6.pdf,2026-01-01
Praha 8,Spádná,,600039790,"Základní škola, Praha 8, Libčická 10",vyhlaska-hmp-19-2025_via-P6.pdf,2026-01-01
Praha 8,Strážnická,,600039790,"Základní škola, Praha 8, Libčická 10",vyhlaska-hmp-19-2025_via-P6.pdf,2026-01-01
Praha 8,Tišická,,600039790,"Základní škola, Praha 8, Libčická 10",vyhlaska-hmp-19-2025_via-P6.pdf,2026-01-01
Praha 8,Turská,,600039790,"Základní škola, Praha 8, Libčická 10",vyhlaska-hmp-19-2025_via-P6.pdf,2026-01-01
Praha 8,Vehlovická,,600039790,"Základní škola, Praha 8, Libčická 10",vyhlaska-hmp-19-2025_via-P6.pdf,2026-01-01
Praha 8,Vidimská,,600039790,"Základní škola, Praha 8, Libčická 10",vyhlaska-hmp-19-2025_via-P6.pdf,2026-01-01
Praha 8,Vidovická,,600039790,"Základní škola, Praha 8, Libčická 10",vyhlaska-hmp-19-2025_via-P6.pdf,2026-01-01
Praha 8,Vraňanská,,600039790,"Základní škola, Praha 8, Libčická 10",vyhlaska-hmp-19-2025_via-P6.pdf,2026-01-01
Praha 8,Vánková,,600039790,"Základní škola, Praha 8, Libčická 10",vyhlaska-hmp-19-2025_via-P6.pdf,2026-01-01
Praha 8,Větrná,,600039790,"Základní škola, Praha 8, Libčická 10",vyhlaska-hmp-19-2025_via-P6.pdf,2026-01-01
Praha 8,Zaječická,,600039790,"Základní škola, Praha 8, Libčická 10",vyhlaska-hmp-19-2025_via-P6.pdf,2026-01-01
Praha 8,Zlončická,,600039790,"Základní škola, Praha 8, Libčická 10",vyhlaska-hmp-19-2025_via-P6.pdf,2026-01-01
Praha 8,Čimická,"lichá č. 61 a 111 – 189, sudá č. 108 – 158",600039790,"Základní škola, Praha 8, Libčická 10",vyhlaska-hmp-19-2025_via-P6.pdf,2026-01-01
Praha 8,Řepínská,,600039790,"Základní škola, Praha 8, Libčická 10",vyhlaska-hmp-19-2025_via-P6.pdf,2026-01-01
Praha 8,Žalovská,,600039790,"Základní škola, Praha 8, Libčická 10",vyhlaska-hmp-19-2025_via-P6.pdf,2026-01-01
Praha 8,Bublíkova,,600039811,"Základní škola, Praha 8, Na Šutce 28",vyhlaska-hmp-19-2025_via-P6.pdf,2026-01-01
Praha 8,Gabčíkova,,600039811,"Základní škola, Praha 8, Na Šutce 28",vyhlaska-hmp-19-2025_via-P6.pdf,2026-01-01
Praha 8,K sadu,,600039811,"Základní škola, Praha 8, Na Šutce 28",vyhlaska-hmp-19-2025_via-P6.pdf,2026-01-01
Praha 8,Kobyliské náměstí,"lichá č. 1, 3, 11, sudá č. 2, 10",600039811,"Základní škola, Praha 8, Na Šutce 28",vyhlaska-hmp-19-2025_via-P6.pdf,2026-01-01
Praha 8,Kubišova,,600039811,"Základní škola, Praha 8, Na Šutce 28",vyhlaska-hmp-19-2025_via-P6.pdf,2026-01-01
Praha 8,Květinářská,,600039811,"Základní škola, Praha 8, Na Šutce 28",vyhlaska-hmp-19-2025_via-P6.pdf,2026-01-01
Praha 8,Na Jabloňce,,600039811,"Základní škola, Praha 8, Na Šutce 28",vyhlaska-hmp-19-2025_via-P6.pdf,2026-01-01
Praha 8,Na Kindlovce,,600039811,"Základní škola, Praha 8, Na Šutce 28",vyhlaska-hmp-19-2025_via-P6.pdf,2026-01-01
Praha 8,Na Zedníkové,,600039811,"Základní škola, Praha 8, Na Šutce 28",vyhlaska-hmp-19-2025_via-P6.pdf,2026-01-01
Praha 8,Na dlážděnce,,600039811,"Základní škola, Praha 8, Na Šutce 28",vyhlaska-hmp-19-2025_via-P6.pdf,2026-01-01
Praha 8,Na přesypu,,600039811,"Základní škola, Praha 8, Na Šutce 28",vyhlaska-hmp-19-2025_via-P6.pdf,2026-01-01
Praha 8,Na úbočí,,600039811,"Základní škola, Praha 8, Na Šutce 28",vyhlaska-hmp-19-2025_via-P6.pdf,2026-01-01
Praha 8,Na Šutce,,600039811,"Základní škola, Praha 8, Na Šutce 28",vyhlaska-hmp-19-2025_via-P6.pdf,2026-01-01
Praha 8,Nad Hercovkou,,600039811,"Základní škola, Praha 8, Na Šutce 28",vyhlaska-hmp-19-2025_via-P6.pdf,2026-01-01
Praha 8,Nad Popelářkou,,600039811,"Základní škola, Praha 8, Na Šutce 28",vyhlaska-hmp-19-2025_via-P6.pdf,2026-01-01
Praha 8,Nad Rokoskou,,600039811,"Základní škola, Praha 8, Na Šutce 28",vyhlaska-hmp-19-2025_via-P6.pdf,2026-01-01
Praha 8,Nad Trojou,,600039811,"Základní škola, Praha 8, Na Šutce 28",vyhlaska-hmp-19-2025_via-P6.pdf,2026-01-01
Praha 8,Nad strání,,600039811,"Základní škola, Praha 8, Na Šutce 28",vyhlaska-hmp-19-2025_via-P6.pdf,2026-01-01
Praha 8,Nad záložnou,,600039811,"Základní škola, Praha 8, Na Šutce 28",vyhlaska-hmp-19-2025_via-P6.pdf,2026-01-01
Praha 8,Nad Šutkou,lichá č. 5 – 21,600039811,"Základní škola, Praha 8, Na Šutce 28",vyhlaska-hmp-19-2025_via-P6.pdf,2026-01-01
Praha 8,Pod Dlážděnkou,,600039811,"Základní škola, Praha 8, Na Šutce 28",vyhlaska-hmp-19-2025_via-P6.pdf,2026-01-01
Praha 8,Pod Kuchyňkou,,600039811,"Základní škola, Praha 8, Na Šutce 28",vyhlaska-hmp-19-2025_via-P6.pdf,2026-01-01
Praha 8,Pod Kynclovkou,,600039811,"Základní škola, Praha 8, Na Šutce 28",vyhlaska-hmp-19-2025_via-P6.pdf,2026-01-01
Praha 8,Pod Písečnou,,600039811,"Základní škola, Praha 8, Na Šutce 28",vyhlaska-hmp-19-2025_via-P6.pdf,2026-01-01
Praha 8,Pod Vlachovkou,,600039811,"Základní škola, Praha 8, Na Šutce 28",vyhlaska-hmp-19-2025_via-P6.pdf,2026-01-01
Praha 8,Pod lisem,,600039811,"Základní škola, Praha 8, Na Šutce 28",vyhlaska-hmp-19-2025_via-P6.pdf,2026-01-01
Praha 8,Pod přesypem,,600039811,"Základní škola, Praha 8, Na Šutce 28",vyhlaska-hmp-19-2025_via-P6.pdf,2026-01-01
Praha 8,Pomezní,,600039811,"Základní škola, Praha 8, Na Šutce 28",vyhlaska-hmp-19-2025_via-P6.pdf,2026-01-01
Praha 8,Povltavská,sudá č. 20 – 32,600039811,"Základní škola, Praha 8, Na Šutce 28",vyhlaska-hmp-19-2025_via-P6.pdf,2026-01-01
Praha 8,Pátkova,,600039811,"Základní škola, Praha 8, Na Šutce 28",vyhlaska-hmp-19-2025_via-P6.pdf,2026-01-01
Praha 8,Písečná,,600039811,"Základní škola, Praha 8, Na Šutce 28",vyhlaska-hmp-19-2025_via-P6.pdf,2026-01-01
Praha 8,Přádova,,600039811,"Základní škola, Praha 8, Na Šutce 28",vyhlaska-hmp-19-2025_via-P6.pdf,2026-01-01
Praha 8,S. K. Neumanna,,600039811,"Základní škola, Praha 8, Na Šutce 28",vyhlaska-hmp-19-2025_via-P6.pdf,2026-01-01
Praha 8,Trojská,"lichá č. 1 – 127, sudá č. 2 – 80",600039811,"Základní škola, Praha 8, Na Šutce 28",vyhlaska-hmp-19-2025_via-P6.pdf,2026-01-01
Praha 8,U Hercovky,,600039811,"Základní škola, Praha 8, Na Šutce 28",vyhlaska-hmp-19-2025_via-P6.pdf,2026-01-01
Praha 8,U Vlachovky,,600039811,"Základní škola, Praha 8, Na Šutce 28",vyhlaska-hmp-19-2025_via-P6.pdf,2026-01-01
Praha 8,U dětského domova,,600039811,"Základní škola, Praha 8, Na Šutce 28",vyhlaska-hmp-19-2025_via-P6.pdf,2026-01-01
Praha 8,U sloupu,,600039811,"Základní škola, Praha 8, Na Šutce 28",vyhlaska-hmp-19-2025_via-P6.pdf,2026-01-01
Praha 8,Uzavřená,,600039811,"Základní škola, Praha 8, Na Šutce 28",vyhlaska-hmp-19-2025_via-P6.pdf,2026-01-01
Praha 8,V Holešovičkách,"lichá č. 1 – 43, 67",600039811,"Základní škola, Praha 8, Na Šutce 28",vyhlaska-hmp-19-2025_via-P6.pdf,2026-01-01
Praha 8,V podvrší,,600039811,"Základní škola, Praha 8, Na Šutce 28",vyhlaska-hmp-19-2025_via-P6.pdf,2026-01-01
Praha 8,Valčíkova,"lichá č. 7 – 21, sudá č. 8 – 24",600039811,"Základní škola, Praha 8, Na Šutce 28",vyhlaska-hmp-19-2025_via-P6.pdf,2026-01-01
Praha 8,Vzestupná,,600039811,"Základní škola, Praha 8, Na Šutce 28",vyhlaska-hmp-19-2025_via-P6.pdf,2026-01-01
Praha 8,Zahradnická,,600039811,"Základní škola, Praha 8, Na Šutce 28",vyhlaska-hmp-19-2025_via-P6.pdf,2026-01-01
Praha 8,Zenklova,lichá č. 173 – 205,600039811,"Základní škola, Praha 8, Na Šutce 28",vyhlaska-hmp-19-2025_via-P6.pdf,2026-01-01
Praha 8,Čimická,lichá č. 1 – 39,600039811,"Základní škola, Praha 8, Na Šutce 28",vyhlaska-hmp-19-2025_via-P6.pdf,2026-01-01
Praha 8,Boudníkova,,600039820,"Základní škola, Praha 8, Palmovka 8",vyhlaska-hmp-19-2025_via-P6.pdf,2026-01-01
Praha 8,Breitfeldova,,600039820,"Základní škola, Praha 8, Palmovka 8",vyhlaska-hmp-19-2025_via-P6.pdf,2026-01-01
Praha 8,Carnapova,,600039820,"Základní škola, Praha 8, Palmovka 8",vyhlaska-hmp-19-2025_via-P6.pdf,2026-01-01
Praha 8,Derridova,,600039820,"Základní škola, Praha 8, Palmovka 8",vyhlaska-hmp-19-2025_via-P6.pdf,2026-01-01
Praha 8,Hegelova,,600039820,"Základní škola, Praha 8, Palmovka 8",vyhlaska-hmp-19-2025_via-P6.pdf,2026-01-01
Praha 8,Hejdánkova,,600039820,"Základní škola, Praha 8, Palmovka 8",vyhlaska-hmp-19-2025_via-P6.pdf,2026-01-01
Praha 8,Heydukova,,600039820,"Základní škola, Praha 8, Palmovka 8",vyhlaska-hmp-19-2025_via-P6.pdf,2026-01-01
Praha 8,Hobbesova,,600039820,"Základní škola, Praha 8, Palmovka 8",vyhlaska-hmp-19-2025_via-P6.pdf,2026-01-01
Praha 8,Husserlova,,600039820,"Základní škola, Praha 8, Palmovka 8",vyhlaska-hmp-19-2025_via-P6.pdf,2026-01-01
Praha 8,J. L. Fischera,,600039820,"Základní škola, Praha 8, Palmovka 8",vyhlaska-hmp-19-2025_via-P6.pdf,2026-01-01
Praha 8,Kantova,,600039820,"Základní škola, Praha 8, Palmovka 8",vyhlaska-hmp-19-2025_via-P6.pdf,2026-01-01
Praha 8,Karolinská,,600039820,"Základní škola, Praha 8, Palmovka 8",vyhlaska-hmp-19-2025_via-P6.pdf,2026-01-01
Praha 8,Ke Kouli,,600039820,"Základní škola, Praha 8, Palmovka 8",vyhlaska-hmp-19-2025_via-P6.pdf,2026-01-01
Praha 8,Kelsenova,,600039820,"Základní škola, Praha 8, Palmovka 8",vyhlaska-hmp-19-2025_via-P6.pdf,2026-01-01
Praha 8,Kohákova,,600039820,"Základní škola, Praha 8, Palmovka 8",vyhlaska-hmp-19-2025_via-P6.pdf,2026-01-01
Praha 8,Koželužská,,600039820,"Základní škola, Praha 8, Palmovka 8",vyhlaska-hmp-19-2025_via-P6.pdf,2026-01-01
Praha 8,Levinasova,,600039820,"Základní škola, Praha 8, Palmovka 8",vyhlaska-hmp-19-2025_via-P6.pdf,2026-01-01
Praha 8,Libeňský ostrov,,600039820,"Základní škola, Praha 8, Palmovka 8",vyhlaska-hmp-19-2025_via-P6.pdf,2026-01-01
Praha 8,Ludmilina,,600039820,"Základní škola, Praha 8, Palmovka 8",vyhlaska-hmp-19-2025_via-P6.pdf,2026-01-01
Praha 8,Menclova,,600039820,"Základní škola, Praha 8, Palmovka 8",vyhlaska-hmp-19-2025_via-P6.pdf,2026-01-01
Praha 8,Millova,,600039820,"Základní škola, Praha 8, Palmovka 8",vyhlaska-hmp-19-2025_via-P6.pdf,2026-01-01
Praha 8,Na hrázi,,600039820,"Základní škola, Praha 8, Palmovka 8",vyhlaska-hmp-19-2025_via-P6.pdf,2026-01-01
Praha 8,Na kopečku,,600039820,"Základní škola, Praha 8, Palmovka 8",vyhlaska-hmp-19-2025_via-P6.pdf,2026-01-01
Praha 8,Na žertvách,,600039820,"Základní škola, Praha 8, Palmovka 8",vyhlaska-hmp-19-2025_via-P6.pdf,2026-01-01
Praha 8,Novákových,,600039820,"Základní škola, Praha 8, Palmovka 8",vyhlaska-hmp-19-2025_via-P6.pdf,2026-01-01
Praha 8,Palmovka,,600039820,"Základní škola, Praha 8, Palmovka 8",vyhlaska-hmp-19-2025_via-P6.pdf,2026-01-01
Praha 8,Paloušova,,600039820,"Základní škola, Praha 8, Palmovka 8",vyhlaska-hmp-19-2025_via-P6.pdf,2026-01-01
Praha 8,Pod Hájkem,,600039820,"Základní škola, Praha 8, Palmovka 8",vyhlaska-hmp-19-2025_via-P6.pdf,2026-01-01
Praha 8,Pod Kotlaskou,,600039820,"Základní škola, Praha 8, Palmovka 8",vyhlaska-hmp-19-2025_via-P6.pdf,2026-01-01
Praha 8,Pod plynojemem,,600039820,"Základní škola, Praha 8, Palmovka 8",vyhlaska-hmp-19-2025_via-P6.pdf,2026-01-01
Praha 8,Rohanské nábřeží,,600039820,"Základní škola, Praha 8, Palmovka 8",vyhlaska-hmp-19-2025_via-P6.pdf,2026-01-01
Praha 8,Rohanský ostrov,,600039820,"Základní škola, Praha 8, Palmovka 8",vyhlaska-hmp-19-2025_via-P6.pdf,2026-01-01
Praha 8,Ronkova,,600039820,"Základní škola, Praha 8, Palmovka 8",vyhlaska-hmp-19-2025_via-P6.pdf,2026-01-01
Praha 8,Schorova,,600039820,"Základní škola, Praha 8, Palmovka 8",vyhlaska-hmp-19-2025_via-P6.pdf,2026-01-01
Praha 8,Scrutonova,,600039820,"Základní škola, Praha 8, Palmovka 8",vyhlaska-hmp-19-2025_via-P6.pdf,2026-01-01
Praha 8,Smrčkova,,600039820,"Základní škola, Praha 8, Palmovka 8",vyhlaska-hmp-19-2025_via-P6.pdf,2026-01-01
Praha 8,Sokolova,,600039820,"Základní škola, Praha 8, Palmovka 8",vyhlaska-hmp-19-2025_via-P6.pdf,2026-01-01
Praha 8,Sokolovská,"lichá č. 117 – 163, sudá č. 136 – 212",600039820,"Základní škola, Praha 8, Palmovka 8",vyhlaska-hmp-19-2025_via-P6.pdf,2026-01-01
Praha 8,Světova,,600039820,"Základní škola, Praha 8, Palmovka 8",vyhlaska-hmp-19-2025_via-P6.pdf,2026-01-01
Praha 8,Tkalcovská,,600039820,"Základní škola, Praha 8, Palmovka 8",vyhlaska-hmp-19-2025_via-P6.pdf,2026-01-01
Praha 8,Turnovská,,600039820,"Základní škola, Praha 8, Palmovka 8",vyhlaska-hmp-19-2025_via-P6.pdf,2026-01-01
Praha 8,U Balabenky,,600039820,"Základní škola, Praha 8, Palmovka 8",vyhlaska-hmp-19-2025_via-P6.pdf,2026-01-01
Praha 8,U Libeňského mostu,,600039820,"Základní škola, Praha 8, Palmovka 8",vyhlaska-hmp-19-2025_via-P6.pdf,2026-01-01
Praha 8,U Mlýnského kanálu,,600039820,"Základní škola, Praha 8, Palmovka 8",vyhlaska-hmp-19-2025_via-P6.pdf,2026-01-01
Praha 8,U pošty,,600039820,"Základní škola, Praha 8, Palmovka 8",vyhlaska-hmp-19-2025_via-P6.pdf,2026-01-01
Praha 8,U synagogy,,600039820,"Základní škola, Praha 8, Palmovka 8",vyhlaska-hmp-19-2025_via-P6.pdf,2026-01-01
Praha 8,V mezihoří,,600039820,"Základní škola, Praha 8, Palmovka 8",vyhlaska-hmp-19-2025_via-P6.pdf,2026-01-01
Praha 8,Vacínova,,600039820,"Základní škola, Praha 8, Palmovka 8",vyhlaska-hmp-19-2025_via-P6.pdf,2026-01-01
Praha 8,Voctářova,sudá č. 6 – 12,600039820,"Základní škola, Praha 8, Palmovka 8",vyhlaska-hmp-19-2025_via-P6.pdf,2026-01-01
Praha 8,Vojenova,,600039820,"Základní škola, Praha 8, Palmovka 8",vyhlaska-hmp-19-2025_via-P6.pdf,2026-01-01
Praha 8,Wittgensteinova,,600039820,"Základní škola, Praha 8, Palmovka 8",vyhlaska-hmp-19-2025_via-P6.pdf,2026-01-01
Praha 8,Za Karlínským přístavem,,600039820,"Základní škola, Praha 8, Palmovka 8",vyhlaska-hmp-19-2025_via-P6.pdf,2026-01-01
Praha 8,Zenklova,"lichá č. 3 – 33, sudá č. 2 – 42",600039820,"Základní škola, Praha 8, Palmovka 8",vyhlaska-hmp-19-2025_via-P6.pdf,2026-01-01
Praha 8,Zábranská,,600039820,"Základní škola, Praha 8, Palmovka 8",vyhlaska-hmp-19-2025_via-P6.pdf,2026-01-01
Praha 8,Zátkova,,600039820,"Základní škola, Praha 8, Palmovka 8",vyhlaska-hmp-19-2025_via-P6.pdf,2026-01-01
Praha 8,náměstí Bohumila Hrabala,,600039820,"Základní škola, Praha 8, Palmovka 8",vyhlaska-hmp-19-2025_via-P6.pdf,2026-01-01
Praha 8,Štorchova,,600039820,"Základní škola, Praha 8, Palmovka 8",vyhlaska-hmp-19-2025_via-P6.pdf,2026-01-01
Praha 8,Akátová,,600039901,"Základní škola, Praha 8, Žernosecká 3",vyhlaska-hmp-19-2025_via-P6.pdf,2026-01-01
Praha 8,Březová,,600039901,"Základní škola, Praha 8, Žernosecká 3",vyhlaska-hmp-19-2025_via-P6.pdf,2026-01-01
Praha 8,Chaberská,"lichá č. 27 – 57, sudá č. 22 – 28",600039901,"Základní škola, Praha 8, Žernosecká 3",vyhlaska-hmp-19-2025_via-P6.pdf,2026-01-01
Praha 8,Formánkova,,600039901,"Základní škola, Praha 8, Žernosecká 3",vyhlaska-hmp-19-2025_via-P6.pdf,2026-01-01
Praha 8,Havránkova,,600039901,"Základní škola, Praha 8, Žernosecká 3",vyhlaska-hmp-19-2025_via-P6.pdf,2026-01-01
Praha 8,Janečkova,,600039901,"Základní škola, Praha 8, Žernosecká 3",vyhlaska-hmp-19-2025_via-P6.pdf,2026-01-01
Praha 8,Javorová,,600039901,"Základní škola, Praha 8, Žernosecká 3",vyhlaska-hmp-19-2025_via-P6.pdf,2026-01-01
Praha 8,Jedlová,,600039901,"Základní škola, Praha 8, Žernosecká 3",vyhlaska-hmp-19-2025_via-P6.pdf,2026-01-01
Praha 8,Jelínkova,,600039901,"Základní škola, Praha 8, Žernosecká 3",vyhlaska-hmp-19-2025_via-P6.pdf,2026-01-01
Praha 8,K ovčínu,"lichá č. 1 – 55, sudá č. 2 – 44",600039901,"Základní škola, Praha 8, Žernosecká 3",vyhlaska-hmp-19-2025_via-P6.pdf,2026-01-01
Praha 8,Kaštanová,,600039901,"Základní škola, Praha 8, Žernosecká 3",vyhlaska-hmp-19-2025_via-P6.pdf,2026-01-01
Praha 8,Klapkova,"lichá č. 57 – 85, sudá č. 64 – 108",600039901,"Základní škola, Praha 8, Žernosecká 3",vyhlaska-hmp-19-2025_via-P6.pdf,2026-01-01
Praha 8,Klecanská,,600039901,"Základní škola, Praha 8, Žernosecká 3",vyhlaska-hmp-19-2025_via-P6.pdf,2026-01-01
Praha 8,Kubíkova,,600039901,"Základní škola, Praha 8, Žernosecká 3",vyhlaska-hmp-19-2025_via-P6.pdf,2026-01-01
Praha 8,Líbeznická,,600039901,"Základní škola, Praha 8, Žernosecká 3",vyhlaska-hmp-19-2025_via-P6.pdf,2026-01-01
Praha 8,Mašínova,,600039901,"Základní škola, Praha 8, Žernosecká 3",vyhlaska-hmp-19-2025_via-P6.pdf,2026-01-01
Praha 8,Modřínová,,600039901,"Základní škola, Praha 8, Žernosecká 3",vyhlaska-hmp-19-2025_via-P6.pdf,2026-01-01
Praha 8,Máslovická,,600039901,"Základní škola, Praha 8, Žernosecká 3",vyhlaska-hmp-19-2025_via-P6.pdf,2026-01-01
Praha 8,Na Ládví,,600039901,"Základní škola, Praha 8, Žernosecká 3",vyhlaska-hmp-19-2025_via-P6.pdf,2026-01-01
Praha 8,Na rozvodí,,600039901,"Základní škola, Praha 8, Žernosecká 3",vyhlaska-hmp-19-2025_via-P6.pdf,2026-01-01
Praha 8,Ořechová,,600039901,"Základní škola, Praha 8, Žernosecká 3",vyhlaska-hmp-19-2025_via-P6.pdf,2026-01-01
Praha 8,Petra Bezruče,,600039901,"Základní škola, Praha 8, Žernosecká 3",vyhlaska-hmp-19-2025_via-P6.pdf,2026-01-01
Praha 8,Pod hvězdárnou,"lichá č. 3 – 5, sudá č. 2 – 8",600039901,"Základní škola, Praha 8, Žernosecká 3",vyhlaska-hmp-19-2025_via-P6.pdf,2026-01-01
Praha 8,Předbořská,,600039901,"Základní škola, Praha 8, Žernosecká 3",vyhlaska-hmp-19-2025_via-P6.pdf,2026-01-01
Praha 8,Sedlecká,,600039901,"Základní škola, Praha 8, Žernosecká 3",vyhlaska-hmp-19-2025_via-P6.pdf,2026-01-01
Praha 8,U pískovny,,600039901,"Základní škola, Praha 8, Žernosecká 3",vyhlaska-hmp-19-2025_via-P6.pdf,2026-01-01
Praha 8,U větrolamu,"sudá č. 2b, č. p. 1702",600039901,"Základní škola, Praha 8, Žernosecká 3",vyhlaska-hmp-19-2025_via-P6.pdf,2026-01-01
Praha 8,Učitelská,,600039901,"Základní škola, Praha 8, Žernosecká 3",vyhlaska-hmp-19-2025_via-P6.pdf,2026-01-01
Praha 8,Veltěžská,,600039901,"Základní škola, Praha 8, Žernosecká 3",vyhlaska-hmp-19-2025_via-P6.pdf,2026-01-01
Praha 8,Vršní,sudá č. 44 – 64,600039901,"Základní škola, Praha 8, Žernosecká 3",vyhlaska-hmp-19-2025_via-P6.pdf,2026-01-01
Praha 8,Větrušická,,600039901,"Základní škola, Praha 8, Žernosecká 3",vyhlaska-hmp-19-2025_via-P6.pdf,2026-01-01
Praha 8,Ústecká,"lichá č. ev. 3, č. p. 1849",600039901,"Základní škola, Praha 8, Žernosecká 3",vyhlaska-hmp-19-2025_via-P6.pdf,2026-01-01
Praha 8,Čumpelíkova,lichá č. 23 – 43,600039901,"Základní škola, Praha 8, Žernosecká 3",vyhlaska-hmp-19-2025_via-P6.pdf,2026-01-01
Praha 8,Ďáblická,"lichá č. 1 – 39a, sudé č. 2, č. p. 555, č. p. 595, č. p. 963, č. p. 965",600039901,"Základní škola, Praha 8, Žernosecká 3",vyhlaska-hmp-19-2025_via-P6.pdf,2026-01-01
Praha 8,Šimůnkova,,600039901,"Základní škola, Praha 8, Žernosecká 3",vyhlaska-hmp-19-2025_via-P6.pdf,2026-01-01
Praha 8,Žernosecká,,600039901,"Základní škola, Praha 8, Žernosecká 3",vyhlaska-hmp-19-2025_via-P6.pdf,2026-01-01
Praha 9,Bohušovická,,600040534,Základní škola Litvínovská 500,p9_spadova-vyhlaska-1.1.2026.docx,2026-01-01
Praha 9,Bílinská,,600040534,Základní škola Litvínovská 500,p9_spadova-vyhlaska-1.1.2026.docx,2026-01-01
Praha 9,Chrastavská,,600040534,Základní škola Litvínovská 500,p9_spadova-vyhlaska-1.1.2026.docx,2026-01-01
Praha 9,Dvoudílná,,600040534,Základní škola Litvínovská 500,p9_spadova-vyhlaska-1.1.2026.docx,2026-01-01
Praha 9,Děčínská,,600040534,Základní škola Litvínovská 500,p9_spadova-vyhlaska-1.1.2026.docx,2026-01-01
Praha 9,Habartická,,600040534,Základní škola Litvínovská 500,p9_spadova-vyhlaska-1.1.2026.docx,2026-01-01
Praha 9,Hejnická,,600040534,Základní škola Litvínovská 500,p9_spadova-vyhlaska-1.1.2026.docx,2026-01-01
Praha 9,Jablonecká,"č. o. sudá: 2-36, lichá: 1-9, č. p.: 698-711, 715-719, 722-725",600040534,Základní škola Litvínovská 500,p9_spadova-vyhlaska-1.1.2026.docx,2026-01-01
Praha 9,Jitravská,596/20,600040534,Základní škola Litvínovská 500,p9_spadova-vyhlaska-1.1.2026.docx,2026-01-01
Praha 9,K lipám,,600040534,Základní škola Litvínovská 500,p9_spadova-vyhlaska-1.1.2026.docx,2026-01-01
Praha 9,K Šafránce,,600040534,Základní škola Litvínovská 500,p9_spadova-vyhlaska-1.1.2026.docx,2026-01-01
Praha 9,Levínská,,600040534,Základní škola Litvínovská 500,p9_spadova-vyhlaska-1.1.2026.docx,2026-01-01
Praha 9,Litoměřická,"č. o. sudá: 26 - 44, lichá: 15 - 35, č. p.: 36, 62, 64, 73, 74, 76 - 78, 213, 222, 433, 480, 509, 726, 819, 833, 834, 839",600040534,Základní škola Litvínovská 500,p9_spadova-vyhlaska-1.1.2026.docx,2026-01-01
Praha 9,Litvínovská,"č. o. sudá: 22 – 52, lichá: 5 – 17 č. p.: 285–291, 300, 485, 490, 491, 500, 518 – 527, 821, 875",600040534,Základní škola Litvínovská 500,p9_spadova-vyhlaska-1.1.2026.docx,2026-01-01
Praha 9,Na pokraji,,600040534,Základní škola Litvínovská 500,p9_spadova-vyhlaska-1.1.2026.docx,2026-01-01
Praha 9,Na samotě,,600040534,Základní škola Litvínovská 500,p9_spadova-vyhlaska-1.1.2026.docx,2026-01-01
Praha 9,Na stráži,,600040534,Základní škola Litvínovská 500,p9_spadova-vyhlaska-1.1.2026.docx,2026-01-01
Praha 9,Na vyhlídce,"č. o. sudá: 2 – 46, lichá: 1 – 5, č. p.: 386 – 402, 410, 411, 463, 844, 849, 870",600040534,Základní škola Litvínovská 500,p9_spadova-vyhlaska-1.1.2026.docx,2026-01-01
Praha 9,Nad Kundratkou,,600040534,Základní škola Litvínovská 500,p9_spadova-vyhlaska-1.1.2026.docx,2026-01-01
Praha 9,Přeťatá,,600040534,Základní škola Litvínovská 500,p9_spadova-vyhlaska-1.1.2026.docx,2026-01-01
Praha 9,Rumburská,,600040534,Základní škola Litvínovská 500,p9_spadova-vyhlaska-1.1.2026.docx,2026-01-01
Praha 9,Střížkovská,,600040534,Základní škola Litvínovská 500,p9_spadova-vyhlaska-1.1.2026.docx,2026-01-01
Praha 9,Teplická,,600040534,Základní škola Litvínovská 500,p9_spadova-vyhlaska-1.1.2026.docx,2026-01-01
Praha 9,Trojmezní,,600040534,Základní škola Litvínovská 500,p9_spadova-vyhlaska-1.1.2026.docx,2026-01-01
Praha 9,Vysočanská,"č. o. lichá: 65 – 117, č. p.: 231 – 243, 484, 492, 546 – 556",600040534,Základní škola Litvínovská 500,p9_spadova-vyhlaska-1.1.2026.docx,2026-01-01
Praha 9,Za statkem,,600040534,Základní škola Litvínovská 500,p9_spadova-vyhlaska-1.1.2026.docx,2026-01-01
Praha 9,Žitenická,,600040534,Základní škola Litvínovská 500,p9_spadova-vyhlaska-1.1.2026.docx,2026-01-01
Praha 9,Cihlářská,,600040542,Základní škola Litvínovská 600,p9_spadova-vyhlaska-1.1.2026.docx,2026-01-01
Praha 9,Gessnerova,,600040542,Základní škola Litvínovská 600,p9_spadova-vyhlaska-1.1.2026.docx,2026-01-01
Praha 9,Jandova,"630/14, 319/7",600040542,Základní škola Litvínovská 600,p9_spadova-vyhlaska-1.1.2026.docx,2026-01-01
Praha 9,Ke Klíčovu,,600040542,Základní škola Litvínovská 600,p9_spadova-vyhlaska-1.1.2026.docx,2026-01-01
Praha 9,Klíčovská,,600040542,Základní škola Litvínovská 600,p9_spadova-vyhlaska-1.1.2026.docx,2026-01-01
Praha 9,Kojetická,,600040542,Základní škola Litvínovská 600,p9_spadova-vyhlaska-1.1.2026.docx,2026-01-01
Praha 9,Kopečná,,600040542,Základní škola Litvínovská 600,p9_spadova-vyhlaska-1.1.2026.docx,2026-01-01
Praha 9,Letňanská,,600040542,Základní škola Litvínovská 600,p9_spadova-vyhlaska-1.1.2026.docx,2026-01-01
Praha 9,Libočanská,,600040542,Základní škola Litvínovská 600,p9_spadova-vyhlaska-1.1.2026.docx,2026-01-01
Praha 9,Litoměřická,"č. o. sudá: 2-22, lichá: 5-9, č. p.: 405, 574, 575, 577 - 585, 821, 822, 879 Litvínovská č. o. sudá: 2 - 20, lichá: 1-3, č. p.: 587 - 596, 600, 609",600040542,Základní škola Litvínovská 600,p9_spadova-vyhlaska-1.1.2026.docx,2026-01-01
Praha 9,Na Jetelce,,600040542,Základní škola Litvínovská 600,p9_spadova-vyhlaska-1.1.2026.docx,2026-01-01
Praha 9,Na Krocínce,,600040542,Základní škola Litvínovská 600,p9_spadova-vyhlaska-1.1.2026.docx,2026-01-01
Praha 9,Na Prosecké vyhlídce,,600040542,Základní škola Litvínovská 600,p9_spadova-vyhlaska-1.1.2026.docx,2026-01-01
Praha 9,Na Proseku,,600040542,Základní škola Litvínovská 600,p9_spadova-vyhlaska-1.1.2026.docx,2026-01-01
Praha 9,Na Vysočanských vinicích,,600040542,Základní škola Litvínovská 600,p9_spadova-vyhlaska-1.1.2026.docx,2026-01-01
Praha 9,Na rozhraní,,600040542,Základní škola Litvínovská 600,p9_spadova-vyhlaska-1.1.2026.docx,2026-01-01
Praha 9,"Na vyhlídce č. o.: sudá: 52-78, lichá: 9-23 č. p.: 2, 45, 47, 48, 61, 72, 74, 81, 82, 88, 100, 105, 271, 286, 408, 446","450, 814, 823, 827",600040542,Základní škola Litvínovská 600,p9_spadova-vyhlaska-1.1.2026.docx,2026-01-01
Praha 9,Nad Flajšnerkou,,600040542,Základní škola Litvínovská 600,p9_spadova-vyhlaska-1.1.2026.docx,2026-01-01
Praha 9,Nad Jetelkou,,600040542,Základní škola Litvínovská 600,p9_spadova-vyhlaska-1.1.2026.docx,2026-01-01
Praha 9,Nad Kelerkou,,600040542,Základní škola Litvínovská 600,p9_spadova-vyhlaska-1.1.2026.docx,2026-01-01
Praha 9,Nad Klíčovem,,600040542,Základní škola Litvínovská 600,p9_spadova-vyhlaska-1.1.2026.docx,2026-01-01
Praha 9,Nad Krocínkou,,600040542,Základní škola Litvínovská 600,p9_spadova-vyhlaska-1.1.2026.docx,2026-01-01
Praha 9,Nad šestikopy,,600040542,Základní škola Litvínovská 600,p9_spadova-vyhlaska-1.1.2026.docx,2026-01-01
Praha 9,Návarovská,,600040542,Základní škola Litvínovská 600,p9_spadova-vyhlaska-1.1.2026.docx,2026-01-01
Praha 9,Obvodová,,600040542,Základní škola Litvínovská 600,p9_spadova-vyhlaska-1.1.2026.docx,2026-01-01
Praha 9,Odkolkova,,600040542,Základní škola Litvínovská 600,p9_spadova-vyhlaska-1.1.2026.docx,2026-01-01
Praha 9,Okřínecká,,600040542,Základní škola Litvínovská 600,p9_spadova-vyhlaska-1.1.2026.docx,2026-01-01
Praha 9,Pod Krocínkou,,600040542,Základní škola Litvínovská 600,p9_spadova-vyhlaska-1.1.2026.docx,2026-01-01
Praha 9,Prosecká,"(vyjma 348/139, 343/143, 673/131,)",600040542,Základní škola Litvínovská 600,p9_spadova-vyhlaska-1.1.2026.docx,2026-01-01
Praha 9,Pískovcová,,600040542,Základní škola Litvínovská 600,p9_spadova-vyhlaska-1.1.2026.docx,2026-01-01
Praha 9,Satalická,,600040542,Základní škola Litvínovská 600,p9_spadova-vyhlaska-1.1.2026.docx,2026-01-01
Praha 9,Stoupající,,600040542,Základní škola Litvínovská 600,p9_spadova-vyhlaska-1.1.2026.docx,2026-01-01
Praha 9,Trmická,,600040542,Základní škola Litvínovská 600,p9_spadova-vyhlaska-1.1.2026.docx,2026-01-01
Praha 9,U Voborníků,,600040542,Základní škola Litvínovská 600,p9_spadova-vyhlaska-1.1.2026.docx,2026-01-01
Praha 9,U mateřské školy,,600040542,Základní škola Litvínovská 600,p9_spadova-vyhlaska-1.1.2026.docx,2026-01-01
Praha 9,U prosecké školy,,600040542,Základní škola Litvínovská 600,p9_spadova-vyhlaska-1.1.2026.docx,2026-01-01
Praha 9,U proseckého kostela,,600040542,Základní škola Litvínovská 600,p9_spadova-vyhlaska-1.1.2026.docx,2026-01-01
Praha 9,U vysočanského cukrovaru,,600040542,Základní škola Litvínovská 600,p9_spadova-vyhlaska-1.1.2026.docx,2026-01-01
Praha 9,Valečovská,,600040542,Základní škola Litvínovská 600,p9_spadova-vyhlaska-1.1.2026.docx,2026-01-01
Praha 9,Veltruská,,600040542,Základní škola Litvínovská 600,p9_spadova-vyhlaska-1.1.2026.docx,2026-01-01
Praha 9,Vysočanská,"č. o. sudá: 2 – 4, lichá: 1 – 63, č. p.: 22, 35, 123, 308 – 313, 320, 321, 480, 561 – 574, 831",600040542,Základní škola Litvínovská 600,p9_spadova-vyhlaska-1.1.2026.docx,2026-01-01
Praha 9,Zubrnická,,600040542,Základní škola Litvínovská 600,p9_spadova-vyhlaska-1.1.2026.docx,2026-01-01
Praha 9,Čakovická,,600040542,Základní škola Litvínovská 600,p9_spadova-vyhlaska-1.1.2026.docx,2026-01-01
Praha 9,Borecká,,600040526,Základní škola Novoborská,p9_spadova-vyhlaska-1.1.2026.docx,2026-01-01
Praha 9,Brázdimská,,600040526,Základní škola Novoborská,p9_spadova-vyhlaska-1.1.2026.docx,2026-01-01
Praha 9,Ctěnická,,600040526,Základní škola Novoborská,p9_spadova-vyhlaska-1.1.2026.docx,2026-01-01
Praha 9,Cvikovská,,600040526,Základní škola Novoborská,p9_spadova-vyhlaska-1.1.2026.docx,2026-01-01
Praha 9,Desenská,,600040526,Základní škola Novoborská,p9_spadova-vyhlaska-1.1.2026.docx,2026-01-01
Praha 9,Harrachovská,,600040526,Základní škola Novoborská,p9_spadova-vyhlaska-1.1.2026.docx,2026-01-01
Praha 9,Hlavenecká,,600040526,Základní škola Novoborská,p9_spadova-vyhlaska-1.1.2026.docx,2026-01-01
Praha 9,Jablonecká,"č. o. sudá: 40 - 66, lichá: 11 - 37, č. p.: 352 - 365, 409 - 420, 713, 714",600040526,Základní škola Novoborská,p9_spadova-vyhlaska-1.1.2026.docx,2026-01-01
Praha 9,Jetřichovická,,600040526,Základní škola Novoborská,p9_spadova-vyhlaska-1.1.2026.docx,2026-01-01
Praha 9,Jiřetínská,,600040526,Základní škola Novoborská,p9_spadova-vyhlaska-1.1.2026.docx,2026-01-01
Praha 9,Jiřická,,600040526,Základní škola Novoborská,p9_spadova-vyhlaska-1.1.2026.docx,2026-01-01
Praha 9,Kytlická,,600040526,Základní škola Novoborská,p9_spadova-vyhlaska-1.1.2026.docx,2026-01-01
Praha 9,Lovosická,,600040526,Základní škola Novoborská,p9_spadova-vyhlaska-1.1.2026.docx,2026-01-01
Praha 9,Makedonská,,600040526,Základní škola Novoborská,p9_spadova-vyhlaska-1.1.2026.docx,2026-01-01
Praha 9,Martinovská,,600040526,Základní škola Novoborská,p9_spadova-vyhlaska-1.1.2026.docx,2026-01-01
Praha 9,Mimoňská,,600040526,Základní škola Novoborská,p9_spadova-vyhlaska-1.1.2026.docx,2026-01-01
Praha 9,Miškovická,,600040526,Základní škola Novoborská,p9_spadova-vyhlaska-1.1.2026.docx,2026-01-01
Praha 9,Mratínská,,600040526,Základní škola Novoborská,p9_spadova-vyhlaska-1.1.2026.docx,2026-01-01
Praha 9,Měšická,,600040526,Základní škola Novoborská,p9_spadova-vyhlaska-1.1.2026.docx,2026-01-01
Praha 9,Novoborská,,600040526,Základní škola Novoborská,p9_spadova-vyhlaska-1.1.2026.docx,2026-01-01
Praha 9,Poleradská,,600040526,Základní škola Novoborská,p9_spadova-vyhlaska-1.1.2026.docx,2026-01-01
Praha 9,Prosecká,"348/139, 343/143, 673/131",600040526,Základní škola Novoborská,p9_spadova-vyhlaska-1.1.2026.docx,2026-01-01
Praha 9,Přezletická,,600040526,Základní škola Novoborská,p9_spadova-vyhlaska-1.1.2026.docx,2026-01-01
Praha 9,Rudečská,,600040526,Základní škola Novoborská,p9_spadova-vyhlaska-1.1.2026.docx,2026-01-01
Praha 9,Varnsdorfská,,600040526,Základní škola Novoborská,p9_spadova-vyhlaska-1.1.2026.docx,2026-01-01
Praha 9,Verneřická,,600040526,Základní škola Novoborská,p9_spadova-vyhlaska-1.1.2026.docx,2026-01-01
Praha 9,Zakšínská,,600040526,Základní škola Novoborská,p9_spadova-vyhlaska-1.1.2026.docx,2026-01-01
Praha 9,Zárybská,,600040526,Základní škola Novoborská,p9_spadova-vyhlaska-1.1.2026.docx,2026-01-01
Praha 9,Zásadská,,600040526,Základní škola Novoborská,p9_spadova-vyhlaska-1.1.2026.docx,2026-01-01
Praha 9,Českolipská,,600040526,Základní škola Novoborská,p9_spadova-vyhlaska-1.1.2026.docx,2026-01-01
Praha 9,Šluknovská,,600040526,Základní škola Novoborská,p9_spadova-vyhlaska-1.1.2026.docx,2026-01-01
Praha 9,Žandovská,,600040526,Základní škola Novoborská,p9_spadova-vyhlaska-1.1.2026.docx,2026-01-01
Praha 9,Blechova,,691017379,Základní škola a Mateřská škola Elektra,p9_spadova-vyhlaska-1.1.2026.docx,2026-01-01
Praha 9,Domalípova,,691017379,Základní škola a Mateřská škola Elektra,p9_spadova-vyhlaska-1.1.2026.docx,2026-01-01
Praha 9,Hloubětínská vinice,,691017379,Základní škola a Mateřská škola Elektra,p9_spadova-vyhlaska-1.1.2026.docx,2026-01-01
Praha 9,Ivana Hlinky,,691017379,Základní škola a Mateřská škola Elektra,p9_spadova-vyhlaska-1.1.2026.docx,2026-01-01
Praha 9,Jana Přibíka,,691017379,Základní škola a Mateřská škola Elektra,p9_spadova-vyhlaska-1.1.2026.docx,2026-01-01
Praha 9,K náhonu,,691017379,Základní škola a Mateřská škola Elektra,p9_spadova-vyhlaska-1.1.2026.docx,2026-01-01
Praha 9,Kabešova,,691017379,Základní škola a Mateřská škola Elektra,p9_spadova-vyhlaska-1.1.2026.docx,2026-01-01
Praha 9,Kbelská,,691017379,Základní škola a Mateřská škola Elektra,p9_spadova-vyhlaska-1.1.2026.docx,2026-01-01
Praha 9,Kolmá,,691017379,Základní škola a Mateřská škola Elektra,p9_spadova-vyhlaska-1.1.2026.docx,2026-01-01
Praha 9,Kurandova,,691017379,Základní škola a Mateřská škola Elektra,p9_spadova-vyhlaska-1.1.2026.docx,2026-01-01
Praha 9,Mezitraťová,137/46,691017379,Základní škola a Mateřská škola Elektra,p9_spadova-vyhlaska-1.1.2026.docx,2026-01-01
Praha 9,Modrého,,691017379,Základní škola a Mateřská škola Elektra,p9_spadova-vyhlaska-1.1.2026.docx,2026-01-01
Praha 9,Na výběžku,,691017379,Základní škola a Mateřská škola Elektra,p9_spadova-vyhlaska-1.1.2026.docx,2026-01-01
Praha 9,Nademlejnská,,691017379,Základní škola a Mateřská škola Elektra,p9_spadova-vyhlaska-1.1.2026.docx,2026-01-01
Praha 9,Nepelova,,691017379,Základní škola a Mateřská škola Elektra,p9_spadova-vyhlaska-1.1.2026.docx,2026-01-01
Praha 9,Pod Harfou,,691017379,Základní škola a Mateřská škola Elektra,p9_spadova-vyhlaska-1.1.2026.docx,2026-01-01
Praha 9,Podkovářská,,691017379,Základní škola a Mateřská škola Elektra,p9_spadova-vyhlaska-1.1.2026.docx,2026-01-01
Praha 9,Poděbradská,,691017379,Základní škola a Mateřská škola Elektra,p9_spadova-vyhlaska-1.1.2026.docx,2026-01-01
Praha 9,Smržových,,691017379,Základní škola a Mateřská škola Elektra,p9_spadova-vyhlaska-1.1.2026.docx,2026-01-01
Praha 9,Sousedíkova,,691017379,Základní škola a Mateřská škola Elektra,p9_spadova-vyhlaska-1.1.2026.docx,2026-01-01
Praha 9,Svatošových,,691017379,Základní škola a Mateřská škola Elektra,p9_spadova-vyhlaska-1.1.2026.docx,2026-01-01
Praha 9,U Elektry,,691017379,Základní škola a Mateřská škola Elektra,p9_spadova-vyhlaska-1.1.2026.docx,2026-01-01
Praha 9,U Sany,,691017379,Základní škola a Mateřská škola Elektra,p9_spadova-vyhlaska-1.1.2026.docx,2026-01-01
Praha 9,U Tesly,,691017379,Základní škola a Mateřská škola Elektra,p9_spadova-vyhlaska-1.1.2026.docx,2026-01-01
Praha 9,V Předním Hloubětíně,,691017379,Základní škola a Mateřská škola Elektra,p9_spadova-vyhlaska-1.1.2026.docx,2026-01-01
Praha 9,Aloisovská,,600040551,Základní škola a Mateřská škola Na Balabence,p9_spadova-vyhlaska-1.1.2026.docx,2026-01-01
Praha 9,Bratří Dohalských,,600040551,Základní škola a Mateřská škola Na Balabence,p9_spadova-vyhlaska-1.1.2026.docx,2026-01-01
Praha 9,Bukačova,,600040551,Základní škola a Mateřská škola Na Balabence,p9_spadova-vyhlaska-1.1.2026.docx,2026-01-01
Praha 9,Cedrová,,600040551,Základní škola a Mateřská škola Na Balabence,p9_spadova-vyhlaska-1.1.2026.docx,2026-01-01
Praha 9,Celniční,,600040551,Základní škola a Mateřská škola Na Balabence,p9_spadova-vyhlaska-1.1.2026.docx,2026-01-01
Praha 9,Drahobejlova,,600040551,Základní škola a Mateřská škola Na Balabence,p9_spadova-vyhlaska-1.1.2026.docx,2026-01-01
Praha 9,Gerstelova,,600040551,Základní škola a Mateřská škola Na Balabence,p9_spadova-vyhlaska-1.1.2026.docx,2026-01-01
Praha 9,Horní Hrdlořezská,,600040551,Základní škola a Mateřská škola Na Balabence,p9_spadova-vyhlaska-1.1.2026.docx,2026-01-01
Praha 9,Hrdlořezská,,600040551,Základní škola a Mateřská škola Na Balabence,p9_spadova-vyhlaska-1.1.2026.docx,2026-01-01
Praha 9,Jahodnická,,600040551,Základní škola a Mateřská škola Na Balabence,p9_spadova-vyhlaska-1.1.2026.docx,2026-01-01
Praha 9,Jasanová,,600040551,Základní škola a Mateřská škola Na Balabence,p9_spadova-vyhlaska-1.1.2026.docx,2026-01-01
Praha 9,Jednostranná,,600040551,Základní škola a Mateřská škola Na Balabence,p9_spadova-vyhlaska-1.1.2026.docx,2026-01-01
Praha 9,Jeřábová,,600040551,Základní škola a Mateřská škola Na Balabence,p9_spadova-vyhlaska-1.1.2026.docx,2026-01-01
Praha 9,Jívová,,600040551,Základní škola a Mateřská škola Na Balabence,p9_spadova-vyhlaska-1.1.2026.docx,2026-01-01
Praha 9,K Fišpance,,600040551,Základní škola a Mateřská škola Na Balabence,p9_spadova-vyhlaska-1.1.2026.docx,2026-01-01
Praha 9,K Moravině,,600040551,Základní škola a Mateřská škola Na Balabence,p9_spadova-vyhlaska-1.1.2026.docx,2026-01-01
Praha 9,K trati,,600040551,Základní škola a Mateřská škola Na Balabence,p9_spadova-vyhlaska-1.1.2026.docx,2026-01-01
Praha 9,Kdoulová,,600040551,Základní škola a Mateřská škola Na Balabence,p9_spadova-vyhlaska-1.1.2026.docx,2026-01-01
Praha 9,Ke Skleníkům,,600040551,Základní škola a Mateřská škola Na Balabence,p9_spadova-vyhlaska-1.1.2026.docx,2026-01-01
Praha 9,Klenová,,600040551,Základní škola a Mateřská škola Na Balabence,p9_spadova-vyhlaska-1.1.2026.docx,2026-01-01
Praha 9,Klečákova,,600040551,Základní škola a Mateřská škola Na Balabence,p9_spadova-vyhlaska-1.1.2026.docx,2026-01-01
Praha 9,Kolčavka,,600040551,Základní škola a Mateřská škola Na Balabence,p9_spadova-vyhlaska-1.1.2026.docx,2026-01-01
Praha 9,Kovanecká,,600040551,Základní škola a Mateřská škola Na Balabence,p9_spadova-vyhlaska-1.1.2026.docx,2026-01-01
Praha 9,Kovářská,,600040551,Základní škola a Mateřská škola Na Balabence,p9_spadova-vyhlaska-1.1.2026.docx,2026-01-01
Praha 9,Krátkého,175/8,600040551,Základní škola a Mateřská škola Na Balabence,p9_spadova-vyhlaska-1.1.2026.docx,2026-01-01
Praha 9,Kurta Konráda,,600040551,Základní škola a Mateřská škola Na Balabence,p9_spadova-vyhlaska-1.1.2026.docx,2026-01-01
Praha 9,Lihovarská,,600040551,Základní škola a Mateřská škola Na Balabence,p9_spadova-vyhlaska-1.1.2026.docx,2026-01-01
Praha 9,Lisabonská,,600040551,Základní škola a Mateřská škola Na Balabence,p9_spadova-vyhlaska-1.1.2026.docx,2026-01-01
Praha 9,Lísková,,600040551,Základní škola a Mateřská škola Na Balabence,p9_spadova-vyhlaska-1.1.2026.docx,2026-01-01
Praha 9,Malletova,,600040551,Základní škola a Mateřská škola Na Balabence,p9_spadova-vyhlaska-1.1.2026.docx,2026-01-01
Praha 9,Malá Skloněná,,600040551,Základní škola a Mateřská škola Na Balabence,p9_spadova-vyhlaska-1.1.2026.docx,2026-01-01
Praha 9,Mandloňová,,600040551,Základní škola a Mateřská škola Na Balabence,p9_spadova-vyhlaska-1.1.2026.docx,2026-01-01
Praha 9,Matějkova,,600040551,Základní škola a Mateřská škola Na Balabence,p9_spadova-vyhlaska-1.1.2026.docx,2026-01-01
Praha 9,Mezilehlá,,600040551,Základní škola a Mateřská škola Na Balabence,p9_spadova-vyhlaska-1.1.2026.docx,2026-01-01
Praha 9,Mezitraťová,(vyjma 137/46),600040551,Základní škola a Mateřská škola Na Balabence,p9_spadova-vyhlaska-1.1.2026.docx,2026-01-01
Praha 9,Na Břehu,"270/5, 579/3, 260/1, 267/1a, 897/1b, 897/1c",600040551,Základní škola a Mateřská škola Na Balabence,p9_spadova-vyhlaska-1.1.2026.docx,2026-01-01
Praha 9,Na Harfě,,600040551,Základní škola a Mateřská škola Na Balabence,p9_spadova-vyhlaska-1.1.2026.docx,2026-01-01
Praha 9,Na Táboře,,600040551,Základní škola a Mateřská škola Na Balabence,p9_spadova-vyhlaska-1.1.2026.docx,2026-01-01
Praha 9,Na hloubětínské vinici,,600040551,Základní škola a Mateřská škola Na Balabence,p9_spadova-vyhlaska-1.1.2026.docx,2026-01-01
Praha 9,Na lukách,,600040551,Základní škola a Mateřská škola Na Balabence,p9_spadova-vyhlaska-1.1.2026.docx,2026-01-01
Praha 9,Na rozcestí,,600040551,Základní škola a Mateřská škola Na Balabence,p9_spadova-vyhlaska-1.1.2026.docx,2026-01-01
Praha 9,Nad Kolčavkou,,600040551,Základní škola a Mateřská škola Na Balabence,p9_spadova-vyhlaska-1.1.2026.docx,2026-01-01
Praha 9,Nad Smetankou,,600040551,Základní škola a Mateřská škola Na Balabence,p9_spadova-vyhlaska-1.1.2026.docx,2026-01-01
Praha 9,Nad libeňským nádražím,,600040551,Základní škola a Mateřská škola Na Balabence,p9_spadova-vyhlaska-1.1.2026.docx,2026-01-01
Praha 9,Nad potokem,,600040551,Základní škola a Mateřská škola Na Balabence,p9_spadova-vyhlaska-1.1.2026.docx,2026-01-01
Praha 9,Nepilova,,600040551,Základní škola a Mateřská škola Na Balabence,p9_spadova-vyhlaska-1.1.2026.docx,2026-01-01
Praha 9,Novovysočanská,,600040551,Základní škola a Mateřská škola Na Balabence,p9_spadova-vyhlaska-1.1.2026.docx,2026-01-01
Praha 9,Náměstí Na Balabence,,600040551,Základní škola a Mateřská škola Na Balabence,p9_spadova-vyhlaska-1.1.2026.docx,2026-01-01
Praha 9,Ocelářská,,600040551,Základní škola a Mateřská škola Na Balabence,p9_spadova-vyhlaska-1.1.2026.docx,2026-01-01
Praha 9,Odlehlá,,600040551,Základní škola a Mateřská škola Na Balabence,p9_spadova-vyhlaska-1.1.2026.docx,2026-01-01
Praha 9,Paříkova,,600040551,Základní škola a Mateřská škola Na Balabence,p9_spadova-vyhlaska-1.1.2026.docx,2026-01-01
Praha 9,Pešlova,,600040551,Základní škola a Mateřská škola Na Balabence,p9_spadova-vyhlaska-1.1.2026.docx,2026-01-01
Praha 9,Piskáčkových,,600040551,Základní škola a Mateřská škola Na Balabence,p9_spadova-vyhlaska-1.1.2026.docx,2026-01-01
Praha 9,Pod Balkánem,,600040551,Základní škola a Mateřská škola Na Balabence,p9_spadova-vyhlaska-1.1.2026.docx,2026-01-01
Praha 9,Pod Smetankou,,600040551,Základní škola a Mateřská škola Na Balabence,p9_spadova-vyhlaska-1.1.2026.docx,2026-01-01
Praha 9,Pod Táborem,,600040551,Základní škola a Mateřská škola Na Balabence,p9_spadova-vyhlaska-1.1.2026.docx,2026-01-01
Praha 9,Pod hloubětínskou zastávkou,,600040551,Základní škola a Mateřská škola Na Balabence,p9_spadova-vyhlaska-1.1.2026.docx,2026-01-01
Praha 9,Pod náspem,,600040551,Základní škola a Mateřská škola Na Balabence,p9_spadova-vyhlaska-1.1.2026.docx,2026-01-01
Praha 9,Pod šancemi,,600040551,Základní škola a Mateřská škola Na Balabence,p9_spadova-vyhlaska-1.1.2026.docx,2026-01-01
Praha 9,Podnádražní,,600040551,Základní škola a Mateřská škola Na Balabence,p9_spadova-vyhlaska-1.1.2026.docx,2026-01-01
Praha 9,Podvinný mlýn,,600040551,Základní škola a Mateřská škola Na Balabence,p9_spadova-vyhlaska-1.1.2026.docx,2026-01-01
Praha 9,Pokorného,,600040551,Základní škola a Mateřská škola Na Balabence,p9_spadova-vyhlaska-1.1.2026.docx,2026-01-01
Praha 9,Prokopka,,600040551,Základní škola a Mateřská škola Na Balabence,p9_spadova-vyhlaska-1.1.2026.docx,2026-01-01
Praha 9,Pámelníková,,600040551,Základní škola a Mateřská škola Na Balabence,p9_spadova-vyhlaska-1.1.2026.docx,2026-01-01
Praha 9,Před mosty,,600040551,Základní škola a Mateřská škola Na Balabence,p9_spadova-vyhlaska-1.1.2026.docx,2026-01-01
Praha 9,Rubeška,,600040551,Základní škola a Mateřská škola Na Balabence,p9_spadova-vyhlaska-1.1.2026.docx,2026-01-01
Praha 9,Skloněná,,600040551,Základní škola a Mateřská škola Na Balabence,p9_spadova-vyhlaska-1.1.2026.docx,2026-01-01
Praha 9,Smrková,,600040551,Základní škola a Mateřská škola Na Balabence,p9_spadova-vyhlaska-1.1.2026.docx,2026-01-01
Praha 9,Sokolovská,"č. o. sudá: 222-304, lichá: 165 - 199 č. p. 226, 227, 262, 282, 342, 488, 504, 748, 810, 867, 892, 899, 901-905, 961, 965-969, 971-974, 986, 1017,1019/312a, 1069, 1070, 1165, 1166, 1205 - 1207, 1251 - 1253, 1279, 1297, 1313, 1314, 1324, 1418, 1439, 1511, 1605, 1805, 1806, 1955, 1996, 2408, 58, 42, 351, 352, 979, 198, 194, 187, 270",600040551,Základní škola a Mateřská škola Na Balabence,p9_spadova-vyhlaska-1.1.2026.docx,2026-01-01
Praha 9,Spojovací,,600040551,Základní škola a Mateřská škola Na Balabence,p9_spadova-vyhlaska-1.1.2026.docx,2026-01-01
Praha 9,Stará Spojovací,,600040551,Základní škola a Mateřská škola Na Balabence,p9_spadova-vyhlaska-1.1.2026.docx,2026-01-01
Praha 9,U Harfy,,600040551,Základní škola a Mateřská škola Na Balabence,p9_spadova-vyhlaska-1.1.2026.docx,2026-01-01
Praha 9,U Kloubových domů,,600040551,Základní škola a Mateřská škola Na Balabence,p9_spadova-vyhlaska-1.1.2026.docx,2026-01-01
Praha 9,U Smetanky,,600040551,Základní škola a Mateřská škola Na Balabence,p9_spadova-vyhlaska-1.1.2026.docx,2026-01-01
Praha 9,U Vinných sklepů,,600040551,Základní škola a Mateřská škola Na Balabence,p9_spadova-vyhlaska-1.1.2026.docx,2026-01-01
Praha 9,U nové školy,,600040551,Základní škola a Mateřská škola Na Balabence,p9_spadova-vyhlaska-1.1.2026.docx,2026-01-01
Praha 9,U schodů,,600040551,Základní škola a Mateřská škola Na Balabence,p9_spadova-vyhlaska-1.1.2026.docx,2026-01-01
Praha 9,U skládky,,600040551,Základní škola a Mateřská škola Na Balabence,p9_spadova-vyhlaska-1.1.2026.docx,2026-01-01
Praha 9,U svobodárny,,600040551,Základní škola a Mateřská škola Na Balabence,p9_spadova-vyhlaska-1.1.2026.docx,2026-01-01
Praha 9,U školičky,,600040551,Základní škola a Mateřská škola Na Balabence,p9_spadova-vyhlaska-1.1.2026.docx,2026-01-01
Praha 9,Učňovská,,600040551,Základní škola a Mateřská škola Na Balabence,p9_spadova-vyhlaska-1.1.2026.docx,2026-01-01
Praha 9,V Mezivrší,,600040551,Základní škola a Mateřská škola Na Balabence,p9_spadova-vyhlaska-1.1.2026.docx,2026-01-01
Praha 9,V Třešňovce,,600040551,Základní škola a Mateřská škola Na Balabence,p9_spadova-vyhlaska-1.1.2026.docx,2026-01-01
Praha 9,Vysočanské náměstí,,600040551,Základní škola a Mateřská škola Na Balabence,p9_spadova-vyhlaska-1.1.2026.docx,2026-01-01
Praha 9,Za Krejcárkem,,600040551,Základní škola a Mateřská škola Na Balabence,p9_spadova-vyhlaska-1.1.2026.docx,2026-01-01
Praha 9,Za mosty,,600040551,Základní škola a Mateřská škola Na Balabence,p9_spadova-vyhlaska-1.1.2026.docx,2026-01-01
Praha 9,Čelákovická,,600040551,Základní škola a Mateřská škola Na Balabence,p9_spadova-vyhlaska-1.1.2026.docx,2026-01-01
Praha 9,Čerpadlová,,600040551,Základní škola a Mateřská škola Na Balabence,p9_spadova-vyhlaska-1.1.2026.docx,2026-01-01
Praha 9,Českobrodská,,600040551,Základní škola a Mateřská škola Na Balabence,p9_spadova-vyhlaska-1.1.2026.docx,2026-01-01
Praha 9,Českomoravská,,600040551,Základní škola a Mateřská škola Na Balabence,p9_spadova-vyhlaska-1.1.2026.docx,2026-01-01
Praha 9,Čihákova,,600040551,Základní škola a Mateřská škola Na Balabence,p9_spadova-vyhlaska-1.1.2026.docx,2026-01-01
Praha 9,Čuprova,,600040551,Základní škola a Mateřská škola Na Balabence,p9_spadova-vyhlaska-1.1.2026.docx,2026-01-01
Praha 9,Bassova,,600040569,Základní škola Špitálská,p9_spadova-vyhlaska-1.1.2026.docx,2026-01-01
Praha 9,Fafkových,,600040569,Základní škola Špitálská,p9_spadova-vyhlaska-1.1.2026.docx,2026-01-01
Praha 9,Freyova,,600040569,Základní škola Špitálská,p9_spadova-vyhlaska-1.1.2026.docx,2026-01-01
Praha 9,Granitova,,600040569,Základní škola Špitálská,p9_spadova-vyhlaska-1.1.2026.docx,2026-01-01
Praha 9,Hejlových,,600040569,Základní škola Špitálská,p9_spadova-vyhlaska-1.1.2026.docx,2026-01-01
Praha 9,Hindlova,,600040569,Základní škola Špitálská,p9_spadova-vyhlaska-1.1.2026.docx,2026-01-01
Praha 9,Jandova,"(vyjma 630/14, 319/7)",600040569,Základní škola Špitálská,p9_spadova-vyhlaska-1.1.2026.docx,2026-01-01
Praha 9,K Žižkovu,,600040569,Základní škola Špitálská,p9_spadova-vyhlaska-1.1.2026.docx,2026-01-01
Praha 9,Kaliberové,,600040569,Základní škola Špitálská,p9_spadova-vyhlaska-1.1.2026.docx,2026-01-01
Praha 9,Kolbenova,,600040569,Základní škola Špitálská,p9_spadova-vyhlaska-1.1.2026.docx,2026-01-01
Praha 9,Krátkého,(vyjma 175/8),600040569,Základní škola Špitálská,p9_spadova-vyhlaska-1.1.2026.docx,2026-01-01
Praha 9,Laponská,,600040569,Základní škola Špitálská,p9_spadova-vyhlaska-1.1.2026.docx,2026-01-01
Praha 9,Levobřežní,,600040569,Základní škola Špitálská,p9_spadova-vyhlaska-1.1.2026.docx,2026-01-01
Praha 9,Mlékárenská,,600040569,Základní škola Špitálská,p9_spadova-vyhlaska-1.1.2026.docx,2026-01-01
Praha 9,Moravcových,,600040569,Základní škola Špitálská,p9_spadova-vyhlaska-1.1.2026.docx,2026-01-01
Praha 9,Na Břehu,"(vyjma 270/5, 579/3, 260/1, 267/1a, 897/1b, 897/1c)",600040569,Základní škola Špitálská,p9_spadova-vyhlaska-1.1.2026.docx,2026-01-01
Praha 9,Na černé strouze,,600040569,Základní škola Špitálská,p9_spadova-vyhlaska-1.1.2026.docx,2026-01-01
Praha 9,Nad Vysočany,,600040569,Základní škola Špitálská,p9_spadova-vyhlaska-1.1.2026.docx,2026-01-01
Praha 9,Nemocniční,,600040569,Základní škola Špitálská,p9_spadova-vyhlaska-1.1.2026.docx,2026-01-01
Praha 9,Novoškolská,,600040569,Základní škola Špitálská,p9_spadova-vyhlaska-1.1.2026.docx,2026-01-01
Praha 9,Oktábcových,,600040569,Základní škola Špitálská,p9_spadova-vyhlaska-1.1.2026.docx,2026-01-01
Praha 9,Park Krále Alexandra,,600040569,Základní škola Špitálská,p9_spadova-vyhlaska-1.1.2026.docx,2026-01-01
Praha 9,Pechmanových,,600040569,Základní škola Špitálská,p9_spadova-vyhlaska-1.1.2026.docx,2026-01-01
Praha 9,Pod pekárnami,,600040569,Základní škola Špitálská,p9_spadova-vyhlaska-1.1.2026.docx,2026-01-01
Praha 9,Pod strojírnami,,600040569,Základní škola Špitálská,p9_spadova-vyhlaska-1.1.2026.docx,2026-01-01
Praha 9,Poštovská,,600040569,Základní škola Špitálská,p9_spadova-vyhlaska-1.1.2026.docx,2026-01-01
Praha 9,Prouzova,,600040569,Základní škola Špitálská,p9_spadova-vyhlaska-1.1.2026.docx,2026-01-01
Praha 9,Revellova,,600040569,Základní škola Špitálská,p9_spadova-vyhlaska-1.1.2026.docx,2026-01-01
Praha 9,Saarinenova,,600040569,Základní škola Špitálská,p9_spadova-vyhlaska-1.1.2026.docx,2026-01-01
Praha 9,Sobí,,600040569,Základní škola Špitálská,p9_spadova-vyhlaska-1.1.2026.docx,2026-01-01
Praha 9,Sokolovská,"č. o.: sudá: 306-324, lichá: 201-251, č. p.:14, 139, 178, 202, 567, 568, 570, 608, 623, 855",600040569,Základní škola Špitálská,p9_spadova-vyhlaska-1.1.2026.docx,2026-01-01
Praha 9,Staromlýnská,,600040569,Základní škola Špitálská,p9_spadova-vyhlaska-1.1.2026.docx,2026-01-01
Praha 9,Stejnosměrná,,600040569,Základní škola Špitálská,p9_spadova-vyhlaska-1.1.2026.docx,2026-01-01
Praha 9,Strnadových,,600040569,Základní škola Špitálská,p9_spadova-vyhlaska-1.1.2026.docx,2026-01-01
Praha 9,Střídavá,,600040569,Základní škola Špitálská,p9_spadova-vyhlaska-1.1.2026.docx,2026-01-01
Praha 9,Sámská,,600040569,Základní škola Špitálská,p9_spadova-vyhlaska-1.1.2026.docx,2026-01-01
Praha 9,Trakční,,600040569,Základní škola Špitálská,p9_spadova-vyhlaska-1.1.2026.docx,2026-01-01
Praha 9,U Lidového domu,,600040569,Základní škola Špitálská,p9_spadova-vyhlaska-1.1.2026.docx,2026-01-01
Praha 9,U vysočanského pivovaru,,600040569,Základní škola Špitálská,p9_spadova-vyhlaska-1.1.2026.docx,2026-01-01
Praha 9,Waltariho,,600040569,Základní škola Špitálská,p9_spadova-vyhlaska-1.1.2026.docx,2026-01-01
Praha 9,Za Lidovým domem,,600040569,Základní škola Špitálská,p9_spadova-vyhlaska-1.1.2026.docx,2026-01-01
Praha 9,Zbuzkova,,600040569,Základní škola Špitálská,p9_spadova-vyhlaska-1.1.2026.docx,2026-01-01
Praha 9,Zákostelní,,600040569,Základní škola Špitálská,p9_spadova-vyhlaska-1.1.2026.docx,2026-01-01
Praha 9,Špitálská,,600040569,Základní škola Špitálská,p9_spadova-vyhlaska-1.1.2026.docx,2026-01-01
